{"type":"FeatureCollection","features":[{"type":"Feature","id":1,"geometry":{"type":"LineString","coordinates":[[-80.108219321626649,26.762582964531447],[-80.108177888860837,26.763050319007696],[-80.108141899385032,26.763480889611319]]},"properties":{"OBJECTID_1":1,"Sys_Reli":"Reliable","SHS":1,"NHS":1,"LOCAL_NAME":"SR809/MILITARY TRAIL","T_Max":1.9594314349999999,"Shape_Length":99.757517242084077}},{"type":"Feature","id":2,"geometry":{"type":"LineString","coordinates":[[-80.095074603666305,26.844181781023703],[-80.095184728545902,26.844629791152784],[-80.095772473291987,26.846862573503895],[-80.095802642782672,26.84700996358351],[-80.095825429858593,26.847130622944125],[-80.095870490292583,26.847369223611018],[-80.096002164136848,26.848042570916551],[-80.096084682980234,26.848597249762307],[-80.096147143901092,26.849137888006076],[-80.096182573221654,26.849562782686885],[-80.096203883359124,26.850007085128375],[-80.09621362655534,26.850342706271316],[-80.096216213834651,26.85079941642114],[-80.096205119006612,26.8511334165153],[-80.096203491522886,26.851190426792542],[-80.096182084506125,26.852106386398098],[-80.096177837458598,26.852784898798948],[-80.09615608249517,26.853452906964822]]},"properties":{"OBJECTID_1":2,"Sys_Reli":"Reliable","SHS":1,"NHS":0,"LOCAL_NAME":"SR-811/OLD DIXIE HWY","T_Max":1.3137789550000001,"Shape_Length":1038.0436583088797}},{"type":"Feature","id":3,"geometry":{"type":"LineString","coordinates":[[-80.160687072587464,26.650995763108302],[-80.158475258922635,26.651015565606382],[-80.15721548771694,26.651026793436188]]},"properties":{"OBJECTID_1":3,"Sys_Reli":"Reliable","SHS":1,"NHS":1,"LOCAL_NAME":"FOREST HILL BLVD","T_Max":2.15397236,"Shape_Length":345.53781674680255}},{"type":"Feature","id":4,"geometry":{"type":"LineString","coordinates":[[-80.093819093011845,26.586345363819593],[-80.093825867769823,26.586370678447263],[-80.093898346538666,26.586689984532455],[-80.093934234600439,26.586975915220151],[-80.093948704671419,26.587252750672484],[-80.093935837225985,26.587740469078089],[-80.09392127333696,26.587975794759412],[-80.093917119935114,26.588055387424429],[-80.093914262837558,26.588132315920252]]},"properties":{"OBJECTID_1":4,"Sys_Reli":"Reliable","SHS":0,"NHS":1,"LOCAL_NAME":"CONGRESS AVE","T_Max":1.5168991350000001,"Shape_Length":199.04357958850085}},{"type":"Feature","id":5,"geometry":{"type":"LineString","coordinates":[[-80.667866986634294,26.682173006881452],[-80.667837087982846,26.682257370816387],[-80.666965223519497,26.682252769526347]]},"properties":{"OBJECTID_1":5,"Sys_Reli":"Reliable","SHS":1,"NHS":0,"LOCAL_NAME":"DR MLK JR BLVD","T_Max":1.225875091,"Shape_Length":96.552549880818447}},{"type":"Feature","id":6,"geometry":{"type":"LineString","coordinates":[[-80.667754262572586,26.696884733771636],[-80.667749748635075,26.697122993841774],[-80.667748021017246,26.697462839958604],[-80.66776273862547,26.697765001839159],[-80.667788710224343,26.698027174902094],[-80.667827879334283,26.698349411012956],[-80.667895709594802,26.698896407980754]]},"properties":{"OBJECTID_1":6,"Sys_Reli":"Reliable","SHS":1,"NHS":1,"LOCAL_NAME":"N/S MAIN ST","T_Max":1.177907244,"Shape_Length":223.54255181307036}},{"type":"Feature","id":7,"geometry":{"type":"LineString","coordinates":[[-80.038516693562471,26.611972380994732],[-80.03853441048355,26.612034314037981],[-80.038590109660859,26.612429674151862],[-80.038602639868188,26.612533651347313]]},"properties":{"OBJECTID_1":7,"Sys_Reli":"Reliable","SHS":1,"NHS":0,"LOCAL_NAME":"OCEAN BLVD","T_Max":1.1883184419999999,"Shape_Length":62.809760573273095}},{"type":"Feature","id":8,"geometry":{"type":"LineString","coordinates":[[-80.145899785116569,26.574220822857161],[-80.145898091763783,26.574289249880223],[-80.145887909229373,26.574866625728582],[-80.145911989711081,26.577919280808217],[-80.145909157296174,26.578145845556765],[-80.145886952154228,26.578656806471322],[-80.145893202401709,26.57967593433915],[-80.145900083212837,26.579945759684524]]},"properties":{"OBJECTID_1":8,"Sys_Reli":"Reliable","SHS":0,"NHS":1,"LOCAL_NAME":"JOG RD","T_Max":1.472930031,"Shape_Length":634.18097012241901}},{"type":"Feature","id":9,"geometry":{"type":"LineString","coordinates":[[-80.113525875365255,26.618375962302316],[-80.113454794194283,26.618372827080375],[-80.112237139981474,26.618321578563553],[-80.111856292137929,26.618311918206651],[-80.110935243357872,26.618289163686541],[-80.110551738549901,26.61827462865055],[-80.109695662451998,26.61823527991827],[-80.108718080252487,26.618186669107562],[-80.108245490726858,26.618164283779258],[-80.107934976260225,26.618142904246103],[-80.107064209233201,26.618066947484582],[-80.106579652617924,26.618034849099615],[-80.106058453482078,26.618009719890445],[-80.105397570396946,26.617981288136988]]},"properties":{"OBJECTID_1":9,"Sys_Reli":"Reliable","SHS":1,"NHS":1,"LOCAL_NAME":"LAKE WORTH RD","T_Max":2.3678661619999999,"Shape_Length":810.5646120289864}},{"type":"Feature","id":10,"geometry":{"type":"LineString","coordinates":[[-80.087759081553571,26.650797151381994],[-80.087236273337766,26.650782429338243],[-80.086237539035423,26.650763956902221],[-80.085478842968442,26.650744785705474],[-80.081840631329612,26.650620416190709],[-80.081569282564189,26.650622685298028],[-80.081330657687786,26.650633198805558],[-80.081159109487714,26.650645485332905],[-80.080905448145387,26.650671979499034],[-80.080666640068841,26.65070660089016],[-80.08037845113482,26.650762342908617],[-80.080161881025958,26.650811854208641],[-80.079989749414537,26.650856390190206]]},"properties":{"OBJECTID_1":10,"Sys_Reli":"Reliable","SHS":1,"NHS":1,"LOCAL_NAME":"FOREST HILL BLVD","T_Max":2.1397372319999999,"Shape_Length":776.22180031831829}},{"type":"Feature","id":11,"geometry":{"type":"LineString","coordinates":[[-80.204638364968133,26.621883550599303],[-80.204577720674735,26.623460393990925],[-80.204416312810338,26.627084771557243],[-80.204306451840509,26.629650465847515]]},"properties":{"OBJECTID_1":11,"Sys_Reli":"Reliable","SHS":1,"NHS":1,"LOCAL_NAME":"SR-7/US-441","T_Max":1.884665958,"Shape_Length":860.91455515146265}},{"type":"Feature","id":12,"geometry":{"type":"LineString","coordinates":[[-80.074021937586551,26.461575743937779],[-80.073290024046315,26.461575584929886],[-80.073097893735536,26.461648486333711],[-80.073034846292273,26.461648580104203]]},"properties":{"OBJECTID_1":12,"Sys_Reli":"Approaching Unreliability","SHS":1,"NHS":0,"LOCAL_NAME":"ATLANTIC AVE","T_Max":1.7924297840000001,"Shape_Length":100.03936830147683}},{"type":"Feature","id":13,"geometry":{"type":"LineString","coordinates":[[-80.101031226744581,26.840451746711555],[-80.101013437718251,26.840470676702811],[-80.100760809500628,26.8407372724404],[-80.100086167561372,26.841451129367524],[-80.099826857777032,26.841702011581297],[-80.099615365071202,26.841885135494358],[-80.099374130029872,26.842075957575585],[-80.099196416974607,26.842205917984593],[-80.098916264432489,26.842403507152753],[-80.098645584330356,26.842561597547494],[-80.098274498716904,26.842763432326109],[-80.097976463123501,26.842903578737037],[-80.097676327907891,26.843032866520851],[-80.097177799837496,26.843217104682086],[-80.096658696765502,26.843362753436359],[-80.095056784689092,26.843715197418135],[-80.094863306543942,26.843757675359626]]},"properties":{"OBJECTID_1":13,"Sys_Reli":"Approaching Unreliability","SHS":1,"NHS":1,"LOCAL_NAME":"PGA BLVD","T_Max":1.6413826810000001,"Shape_Length":735.44747841114076}},{"type":"Feature","id":14,"geometry":{"type":"LineString","coordinates":[[-80.645669812414866,26.826747068815141],[-80.645593505313215,26.826927147735837],[-80.645425508502726,26.827361844061869],[-80.645252109255594,26.827925119850175],[-80.644858931252259,26.829452898453503],[-80.644710224486602,26.830070766036041],[-80.64462631686763,26.830573181741034],[-80.644576610935431,26.831016272568181],[-80.644550200515596,26.831448170295999],[-80.644527010734507,26.831997307519377],[-80.644491582167319,26.832970850688898],[-80.644481151272117,26.83464521304656],[-80.64449277201868,26.838377201592966],[-80.6445013735472,26.841356042130592],[-80.644487398417667,26.841818488338429],[-80.644433302804629,26.842516887955462],[-80.644340300090434,26.843637527491172],[-80.644357192672217,26.843775613243597]]},"properties":{"OBJECTID_1":14,"Sys_Reli":"Reliable","SHS":1,"NHS":0,"LOCAL_NAME":"STATE MARKET RD","T_Max":1.330467662,"Shape_Length":1900.3101471583625}},{"type":"Feature","id":15,"geometry":{"type":"LineString","coordinates":[[-80.451298554039795,26.72590571154775],[-80.451307868150693,26.726501993685005],[-80.451365631080179,26.726934883937233],[-80.451459944522199,26.727325146542416],[-80.451590530320487,26.72765514732048],[-80.451723497269128,26.727952957236255],[-80.45191979120348,26.728279440345148],[-80.452179245235016,26.728616050804966],[-80.452438995355678,26.728893435504556],[-80.45273454458264,26.729153677821742],[-80.453205925353529,26.729506332516983]]},"properties":{"OBJECTID_1":15,"Sys_Reli":"Reliable","SHS":1,"NHS":0,"LOCAL_NAME":"CONNERS HWY","T_Max":1.228453456,"Shape_Length":461.66316555359134}},{"type":"Feature","id":16,"geometry":{"type":"LineString","coordinates":[[-80.113924708706151,26.60741529477254],[-80.113889253590841,26.608381275547117],[-80.113872365898061,26.608638932449658],[-80.11384936640016,26.60893959799245],[-80.113822104919194,26.609248631620492],[-80.113699704268669,26.612604467362139],[-80.113618373527558,26.614753053709183],[-80.113554793117117,26.616369359472738],[-80.113488189871504,26.617797346305053]]},"properties":{"OBJECTID_1":16,"Sys_Reli":"Reliable","SHS":0,"NHS":1,"LOCAL_NAME":"MILITARY TR","T_Max":1.6617954939999999,"Shape_Length":1150.8373838912969}},{"type":"Feature","id":17,"geometry":{"type":"LineString","coordinates":[[-80.159565720807535,26.814598042008242],[-80.15499390040145,26.811535687241527],[-80.153204619786536,26.810342169870211],[-80.15308032215431,26.810260439279666]]},"properties":{"OBJECTID_1":17,"Sys_Reli":"Reliable","SHS":1,"NHS":1,"LOCAL_NAME":"BEELINE HWY","T_Max":1.1883810340000001,"Shape_Length":803.93549423974764}},{"type":"Feature","id":18,"geometry":{"type":"LineString","coordinates":[[-80.205830681753397,26.574696315983712],[-80.205851142986944,26.578402298615316],[-80.205895269237402,26.58570956152132]]},"properties":{"OBJECTID_1":18,"Sys_Reli":"Reliable","SHS":1,"NHS":1,"LOCAL_NAME":"SR-7/US-441","T_Max":1.1666767899999999,"Shape_Length":1219.8571419553928}},{"type":"Feature","id":19,"geometry":{"type":"LineString","coordinates":[[-80.087805377681093,26.764234605362201],[-80.087819421054206,26.764257628309782],[-80.087905217830169,26.764432330181517]]},"properties":{"OBJECTID_1":19,"Sys_Reli":"Reliable","SHS":0,"NHS":1,"LOCAL_NAME":"CONGRESS AVE","T_Max":2.1913006359999998,"Shape_Length":24.055566670117834}},{"type":"Feature","id":20,"geometry":{"type":"LineString","coordinates":[[-80.229037703165559,26.68111302384337],[-80.226597523640194,26.68103390720502],[-80.219465064499403,26.680819191387979],[-80.213177528944442,26.680631596866203],[-80.212596720643731,26.680614593514647]]},"properties":{"OBJECTID_1":20,"Sys_Reli":"Reliable","SHS":1,"NHS":1,"LOCAL_NAME":"SOUTHERN BLVD","T_Max":1.5824761490000001,"Shape_Length":1636.8282194526773}},{"type":"Feature","id":21,"geometry":{"type":"LineString","coordinates":[[-80.05849416351144,26.460887425675597],[-80.058482682366062,26.4609592803934]]},"properties":{"OBJECTID_1":21,"Sys_Reli":"Reliable","SHS":1,"NHS":0,"LOCAL_NAME":"OCEAN BLVD","T_Max":1.4480408570000001,"Shape_Length":8.0407174240885126}},{"type":"Feature","id":22,"geometry":{"type":"LineString","coordinates":[[-80.171942586684423,26.617382765366745],[-80.171741136750271,26.617390927279406],[-80.170451697326087,26.61740288720706],[-80.169991458882635,26.617414791119941],[-80.165012373660389,26.6174602776324],[-80.163943982453418,26.617474049042478],[-80.163171448112436,26.617499738047563],[-80.162431472080755,26.617514855269597],[-80.160596119564474,26.617533236292527],[-80.157444285428809,26.61755840207967],[-80.153701958979781,26.617594150455272],[-80.15168721276477,26.617612459697927],[-80.151397239236005,26.617620428728852],[-80.151109879961496,26.617638101235123],[-80.150869710599636,26.617658486196827],[-80.150578165021656,26.617695530339113],[-80.150343303562579,26.617726856120456],[-80.150051632232532,26.617780862044853],[-80.149754384914914,26.617841916886498],[-80.149420892439252,26.617916482209807],[-80.1491385203433,26.617991151159586],[-80.148899318919419,26.618061231328834],[-80.148542410084133,26.618185144098998],[-80.14756469035278,26.618558665751138],[-80.14720137120726,26.618692031031571],[-80.146928356638753,26.618781848138251],[-80.146741810584302,26.618840222549039],[-80.146633758377831,26.618871129863319]]},"properties":{"OBJECTID_1":22,"Sys_Reli":"Reliable","SHS":1,"NHS":1,"LOCAL_NAME":"LAKE WORTH RD","T_Max":1.4360634000000001,"Shape_Length":2542.6996465336701}},{"type":"Feature","id":23,"geometry":{"type":"LineString","coordinates":[[-80.087548099563207,26.72110820566386],[-80.087048884504682,26.721679729999732],[-80.086666068037232,26.722097190566366],[-80.086403135851768,26.722365218856627],[-80.086151102942296,26.72262038294312],[-80.085852272213813,26.722880107650568],[-80.085540915017319,26.72313166253717],[-80.085253219462885,26.723347849388965],[-80.085157167159025,26.723410824205313]]},"properties":{"OBJECTID_1":23,"Sys_Reli":"Reliable","SHS":0,"NHS":1,"LOCAL_NAME":"PALM BCH LAKES BLVD","T_Max":1.836700285,"Shape_Length":349.87140064211445}},{"type":"Feature","id":24,"geometry":{"type":"LineString","coordinates":[[-80.1961756953622,26.453651345946874],[-80.194954739521506,26.453646542896095],[-80.1914061164549,26.453661938358898]]},"properties":{"OBJECTID_1":24,"Sys_Reli":"Reliable","SHS":1,"NHS":0,"LOCAL_NAME":"ATLANTIC AVE","T_Max":1.6842267040000001,"Shape_Length":475.5232843434494}},{"type":"Feature","id":25,"geometry":{"type":"LineString","coordinates":[[-80.086359366952749,26.758795289477487],[-80.08628515749146,26.758794549313713],[-80.085378566300307,26.75879417530032],[-80.085106787538621,26.758784803368677],[-80.084825313186258,26.758748660152275],[-80.084618480706496,26.758710137387784]]},"properties":{"OBJECTID_1":25,"Sys_Reli":"Reliable","SHS":0,"NHS":1,"LOCAL_NAME":"45 ST","T_Max":2.2249059529999999,"Shape_Length":173.85029868823943}},{"type":"Feature","id":26,"geometry":{"type":"LineString","coordinates":[[-80.653338509020159,26.805125447873522],[-80.653337729825708,26.805498843285815],[-80.653335063607628,26.806572870049049],[-80.653343607567834,26.807057474480622]]},"properties":{"OBJECTID_1":26,"Sys_Reli":"Reliable","SHS":1,"NHS":0,"LOCAL_NAME":"BELLE GLADE RD","T_Max":1.37042273,"Shape_Length":213.994063469579}},{"type":"Feature","id":27,"geometry":{"type":"LineString","coordinates":[[-80.036444927189109,26.704308460745846],[-80.036561117240097,26.704201065330405],[-80.036572051194653,26.704104141390925],[-80.036631584451399,26.702643549369913],[-80.036616609511839,26.70255149813925],[-80.036577223664665,26.70241988032075],[-80.036501466742848,26.702279102977368]]},"properties":{"OBJECTID_1":27,"Sys_Reli":"Reliable","SHS":1,"NHS":0,"LOCAL_NAME":"COUNTY RD","T_Max":1.627666896,"Shape_Length":231.99197886851789}},{"type":"Feature","id":28,"geometry":{"type":"LineString","coordinates":[[-80.147145692343884,26.701314773158536],[-80.146922608573874,26.701544642221187]]},"properties":{"OBJECTID_1":28,"Sys_Reli":"Approaching Unreliability","SHS":1,"NHS":1,"LOCAL_NAME":"TURNPIKE MAINLINE","T_Max":2.797201619,"Shape_Length":33.776116344756865}},{"type":"Feature","id":29,"geometry":{"type":"LineString","coordinates":[[-80.193655772903696,26.527779043601168],[-80.192636666995526,26.527788067196614],[-80.188961036315945,26.527821863478149],[-80.188714880101116,26.527844130953319],[-80.18861822312482,26.527852767667262]]},"properties":{"OBJECTID_1":29,"Sys_Reli":"Reliable","SHS":1,"NHS":1,"LOCAL_NAME":"BOYNTON BCH BLVD","T_Max":1.5003233010000001,"Shape_Length":502.10746870360464}},{"type":"Feature","id":30,"geometry":{"type":"LineString","coordinates":[[-80.684055704853733,26.723156246824011],[-80.684060021028941,26.72501655125782]]},"properties":{"OBJECTID_1":30,"Sys_Reli":"Reliable","SHS":1,"NHS":0,"LOCAL_NAME":"BACOM POINT RD","T_Max":1.274200081,"Shape_Length":206.04074516127076}},{"type":"Feature","id":31,"geometry":{"type":"LineString","coordinates":[[-80.064712650470668,26.415603974681389],[-80.064692378362793,26.41632441609887],[-80.064650987020201,26.417105112555085],[-80.064591661711589,26.418088848732953],[-80.064060583223323,26.424333164588607],[-80.063706056266767,26.428420798494724],[-80.063396473169249,26.431963524010914]]},"properties":{"OBJECTID_1":31,"Sys_Reli":"Reliable","SHS":1,"NHS":0,"LOCAL_NAME":"OCEAN BLVD","T_Max":1.473617307,"Shape_Length":1816.9187769725868}},{"type":"Feature","id":32,"geometry":{"type":"LineString","coordinates":[[-80.056272450407533,26.644740007043222],[-80.056268417362645,26.644839882147238],[-80.056261675706352,26.645044364754956],[-80.056270079749325,26.645253495460917],[-80.056285700800473,26.645505858285368],[-80.056299119856419,26.645719570732311],[-80.056309880762839,26.646120117234943]]},"properties":{"OBJECTID_1":32,"Sys_Reli":"Reliable","SHS":1,"NHS":0,"LOCAL_NAME":"SR-805/DIXIE HWY","T_Max":1.324694211,"Shape_Length":152.99499910684341}},{"type":"Feature","id":33,"geometry":{"type":"LineString","coordinates":[[-80.060749935973718,26.498840467220525],[-80.060684776721033,26.499083139685624],[-80.060502435719499,26.499842790683314],[-80.060342680162407,26.500609385794657],[-80.060168606190814,26.50158874569248],[-80.06007283815805,26.502224422366215],[-80.059997388761445,26.502835328561112],[-80.059915246688817,26.503651117445674],[-80.05972315048443,26.505607460300872],[-80.059553409210096,26.507366796360756],[-80.059106577474168,26.511967303822967]]},"properties":{"OBJECTID_1":33,"Sys_Reli":"Reliable","SHS":1,"NHS":0,"LOCAL_NAME":"DIXIE HWY","T_Max":1.3166470720000001,"Shape_Length":1464.4947192898774}},{"type":"Feature","id":34,"geometry":{"type":"LineString","coordinates":[[-80.138017022890423,26.707460245994397],[-80.137370289901298,26.707441185332677],[-80.1370678598512,26.707434198078658],[-80.136852847210946,26.707428337689194]]},"properties":{"OBJECTID_1":34,"Sys_Reli":"Reliable","SHS":1,"NHS":1,"LOCAL_NAME":"OKEECHOBEE BLVD","T_Max":1.704877945,"Shape_Length":115.86626922431799}},{"type":"Feature","id":35,"geometry":{"type":"LineString","coordinates":[[-80.754436312404181,26.683833832933775],[-80.752388016280989,26.682721762903693],[-80.751780275714182,26.682401219054697],[-80.751313557197008,26.682173321862411],[-80.750932117835319,26.682008220074621],[-80.750465330023985,26.681813206123675],[-80.750043774734891,26.681657417067097],[-80.74953160806534,26.681482678667429],[-80.749021133513196,26.68133456869197],[-80.748564642700757,26.681214742644102],[-80.748055827803441,26.681104216955315],[-80.747503419409355,26.681001441866787],[-80.746924820718135,26.680912709455193],[-80.746335725620938,26.680845885459025],[-80.745852903501543,26.680809002306862],[-80.744735562614991,26.680745923306993],[-80.743658309065808,26.680687604733158],[-80.74246077168128,26.68063062286938],[-80.736214866341371,26.680303656290608]]},"properties":{"OBJECTID_1":35,"Sys_Reli":"Reliable","SHS":1,"NHS":1,"LOCAL_NAME":"US-27","T_Max":1.1789632059999999,"Shape_Length":1889.4549323775564}},{"type":"Feature","id":36,"geometry":{"type":"LineString","coordinates":[[-80.053217742207096,26.724554799867288],[-80.05317739855569,26.725469181920367]]},"properties":{"OBJECTID_1":36,"Sys_Reli":"Reliable","SHS":1,"NHS":1,"LOCAL_NAME":"N DIXIE HWY","T_Max":1.4933985599999999,"Shape_Length":101.36283711561421}},{"type":"Feature","id":37,"geometry":{"type":"LineString","coordinates":[[-80.070969998682543,26.676111090111487],[-80.070781271847821,26.676105385757424],[-80.070195938926148,26.676087517458662]]},"properties":{"OBJECTID_1":37,"Sys_Reli":"Reliable","SHS":1,"NHS":1,"LOCAL_NAME":"SOUTHERN BLVD","T_Max":1.3968435530000001,"Shape_Length":77.069669899240566}},{"type":"Feature","id":38,"geometry":{"type":"LineString","coordinates":[[-80.038825465867546,26.585473328632819],[-80.03871416428693,26.585912586826549]]},"properties":{"OBJECTID_1":38,"Sys_Reli":"Reliable","SHS":1,"NHS":0,"LOCAL_NAME":"OCEAN BLVD","T_Max":1.1883184419999999,"Shape_Length":49.901153002697903}},{"type":"Feature","id":39,"geometry":{"type":"LineString","coordinates":[[-80.173049985181564,26.569901636983744],[-80.173054321638688,26.570221467843446]]},"properties":{"OBJECTID_1":39,"Sys_Reli":"Approaching Unreliability","SHS":1,"NHS":1,"LOCAL_NAME":"TURNPIKE MAINLINE","T_Max":2.2731320629999998,"Shape_Length":35.427659456366051}},{"type":"Feature","id":40,"geometry":{"type":"LineString","coordinates":[[-80.124913571185829,26.618866948219534],[-80.124253657855562,26.618854467441441],[-80.123598679564466,26.618828439739335],[-80.122796844600998,26.618803187364751],[-80.122680345341408,26.618797968284518]]},"properties":{"OBJECTID_1":40,"Sys_Reli":"Approaching Unreliability","SHS":1,"NHS":1,"LOCAL_NAME":"LAKE WORTH RD","T_Max":2.9012471299999998,"Shape_Length":222.47458359251004}},{"type":"Feature","id":41,"geometry":{"type":"LineString","coordinates":[[-80.066499514159261,26.705675835882399],[-80.065997833338841,26.705667536625725]]},"properties":{"OBJECTID_1":41,"Sys_Reli":"Approaching Unreliability","SHS":1,"NHS":1,"LOCAL_NAME":"OKEECHOBEE BLVD","T_Max":2.4949928969999999,"Shape_Length":49.917071024624519}},{"type":"Feature","id":42,"geometry":{"type":"LineString","coordinates":[[-80.089258693983879,26.44398837899563],[-80.089434571143499,26.444915187711644],[-80.089751033616466,26.446522039840879],[-80.08981060356686,26.446886396749509],[-80.090094946864227,26.448625638305465],[-80.090210125221276,26.450242496438598],[-80.090214791960719,26.45100543771159],[-80.090199242179779,26.451320335811442]]},"properties":{"OBJECTID_1":42,"Sys_Reli":"Approaching Unreliability","SHS":1,"NHS":1,"LOCAL_NAME":"I-95","T_Max":2.8346675000000001,"Shape_Length":819.27673421216207}},{"type":"Feature","id":43,"geometry":{"type":"LineString","coordinates":[[-80.08608021413572,26.967015448502757],[-80.086416483884989,26.96800980653159],[-80.087282128409413,26.970559805087262]]},"properties":{"OBJECTID_1":43,"Sys_Reli":"Reliable","SHS":1,"NHS":1,"LOCAL_NAME":"US-1/SR5/FEDERAL HWY","T_Max":1.8281652939999999,"Shape_Length":410.33167746670773}},{"type":"Feature","id":44,"geometry":{"type":"LineString","coordinates":[[-80.086973239251677,26.335767911013996],[-80.08687356792251,26.335912608028242],[-80.08673990019102,26.336123540758802],[-80.086600114200508,26.336384314523762],[-80.086479050335598,26.336661165762631],[-80.086346535245596,26.337008780638396],[-80.086260662994889,26.337282979435944],[-80.086202337408423,26.337547563950501],[-80.086152678810933,26.337831959469341],[-80.086125983188069,26.338059115648107],[-80.086123955388544,26.338104110060499]]},"properties":{"OBJECTID_1":44,"Sys_Reli":"Reliable","SHS":1,"NHS":1,"LOCAL_NAME":"FEDERAL HWY","T_Max":1.41140599,"Shape_Length":275.1204632898669}},{"type":"Feature","id":45,"geometry":{"type":"LineString","coordinates":[[-80.545588618961645,26.345122129155467],[-80.548975146553104,26.349511047021327],[-80.554638397794633,26.356830699016925],[-80.557267802379954,26.360238595725107]]},"properties":{"OBJECTID_1":45,"Sys_Reli":"Reliable","SHS":1,"NHS":1,"LOCAL_NAME":"US-27","T_Max":1.147441369,"Shape_Length":2039.8262449468846}},{"type":"Feature","id":46,"geometry":{"type":"LineString","coordinates":[[-80.03716951235856,26.814271909973243],[-80.037385742754964,26.814756110779253]]},"properties":{"OBJECTID_1":46,"Sys_Reli":"Reliable","SHS":1,"NHS":0,"LOCAL_NAME":"N OCEAN BLVD","T_Max":1.1266678590000001,"Shape_Length":57.779754727322384}},{"type":"Feature","id":47,"geometry":{"type":"LineString","coordinates":[[-80.105054295737162,26.778124949315039],[-80.104716026759277,26.777898351615306],[-80.102895020113706,26.776681123127382],[-80.102424667024209,26.776359591583706],[-80.098650346437182,26.77371770652308],[-80.098242029452948,26.773431878921532]]},"properties":{"OBJECTID_1":47,"Sys_Reli":"Reliable","SHS":1,"NHS":1,"LOCAL_NAME":"BEELINE HWY","T_Max":1.326638644,"Shape_Length":853.82346559549455}},{"type":"Feature","id":48,"geometry":{"type":"LineString","coordinates":[[-80.067328148614237,26.385161459365555],[-80.067303830207095,26.386379951657268],[-80.067301296200043,26.386410377936201]]},"properties":{"OBJECTID_1":48,"Sys_Reli":"Reliable","SHS":1,"NHS":0,"LOCAL_NAME":"OCEAN BLVD","T_Max":1.330262029,"Shape_Length":138.36330968684265}},{"type":"Feature","id":49,"geometry":{"type":"LineString","coordinates":[[-80.14862059542223,26.678732163614526],[-80.148573747993467,26.678733274987469],[-80.148279157732773,26.678749065473514],[-80.14761705668775,26.678803661924285],[-80.147218482999733,26.678826268275625],[-80.146863022755753,26.67883322170854],[-80.146410266518259,26.67882823817288],[-80.143876193659281,26.678755039188705],[-80.143417306848221,26.67872500050143],[-80.143029306549721,26.67868629914247],[-80.142364758581607,26.678589126856618],[-80.141999557467287,26.678546011849559],[-80.141863327804685,26.678534445998064],[-80.141510347492556,26.678511243471728],[-80.141153530826955,26.67849896380454]]},"properties":{"OBJECTID_1":49,"Sys_Reli":"Reliable","SHS":1,"NHS":1,"LOCAL_NAME":"SOUTHERN BLVD","T_Max":1.327943213,"Shape_Length":745.27946166351228}},{"type":"Feature","id":50,"geometry":{"type":"LineString","coordinates":[[-80.039094805372386,26.583606879462202],[-80.039085267451185,26.583984747642269]]},"properties":{"OBJECTID_1":50,"Sys_Reli":"Reliable","SHS":1,"NHS":0,"LOCAL_NAME":"OCEAN BLVD","T_Max":1.164187678,"Shape_Length":41.86542662950059}},{"type":"Feature","id":51,"geometry":{"type":"LineString","coordinates":[[-80.14697777320994,26.604519986381362],[-80.146866090000586,26.608209320136435]]},"properties":{"OBJECTID_1":51,"Sys_Reli":"Reliable","SHS":0,"NHS":1,"LOCAL_NAME":"JOG RD","T_Max":1.6143672309999999,"Shape_Length":408.79260315007298}},{"type":"Feature","id":52,"geometry":{"type":"LineString","coordinates":[[-80.712511650334008,26.654609735889181],[-80.71253175935837,26.655496264046821],[-80.712546783420592,26.656021596990453],[-80.712558792899458,26.656300257875365],[-80.712587546756296,26.656570811191365]]},"properties":{"OBJECTID_1":52,"Sys_Reli":"Reliable","SHS":1,"NHS":1,"LOCAL_NAME":"US-27","T_Max":1.28865096,"Shape_Length":217.39779568167873}},{"type":"Feature","id":53,"geometry":{"type":"LineString","coordinates":[[-80.079309676697108,26.651085001006415],[-80.079206698780439,26.651125843541781],[-80.07885203010072,26.6512923411542],[-80.078619968980391,26.65141408291305],[-80.078410398719555,26.651537207892748],[-80.078209303236235,26.651663069832004],[-80.077491697488909,26.652148446993401],[-80.074946988083724,26.653868852477135],[-80.074702211867717,26.654029027830678],[-80.074486504809528,26.654151497439873],[-80.074258567123479,26.654276088154305],[-80.074019740895338,26.654389631814556],[-80.073798144036317,26.654485760651564],[-80.073585191028641,26.654567688847301],[-80.073369862224865,26.654641927150678],[-80.0731594811799,26.654708516087886],[-80.072885643546471,26.654776899113653],[-80.072516514840586,26.654859989884134]]},"properties":{"OBJECTID_1":53,"Sys_Reli":"Approaching Unreliability","SHS":1,"NHS":1,"LOCAL_NAME":"FOREST HILL BLVD","T_Max":1.443632826,"Shape_Length":801.27829529973576}},{"type":"Feature","id":54,"geometry":{"type":"LineString","coordinates":[[-80.186653026702075,26.453667456219449],[-80.181282697060951,26.453625941526806],[-80.179641401624067,26.45363458642824],[-80.17893093891459,26.453659851486083],[-80.178508992017285,26.453666460223257],[-80.178232373670681,26.453687437712865],[-80.17781638793123,26.453736958816695],[-80.177537841551384,26.453764700822649],[-80.177323947763739,26.453781525044182],[-80.177071750117719,26.453807163376155],[-80.176339139350731,26.453815433123818],[-80.176125591965175,26.453732954221579],[-80.175962233778193,26.45373480744777]]},"properties":{"OBJECTID_1":54,"Sys_Reli":"Reliable","SHS":1,"NHS":0,"LOCAL_NAME":"ATLANTIC AVE","T_Max":1.6708279450000001,"Shape_Length":1068.6921364835403}},{"type":"Feature","id":55,"geometry":{"type":"LineString","coordinates":[[-80.186655627031854,26.367855554862338],[-80.186562076418554,26.367855196844936],[-80.182610460499916,26.367870250247549],[-80.171504246351546,26.367869800771075],[-80.170874603540852,26.367869995621795]]},"properties":{"OBJECTID_1":55,"Sys_Reli":"Reliable","SHS":1,"NHS":1,"LOCAL_NAME":"GLADES RD","T_Max":1.6748061649999999,"Shape_Length":1574.5108314710149}},{"type":"Feature","id":56,"geometry":{"type":"LineString","coordinates":[[-80.064356574488045,26.705728620943365],[-80.064240617663728,26.70575727416988],[-80.064093488960793,26.705801021937212]]},"properties":{"OBJECTID_1":56,"Sys_Reli":"Approaching Unreliability","SHS":1,"NHS":1,"LOCAL_NAME":"OKEECHOBEE BLVD","T_Max":1.621696338,"Shape_Length":27.382407293284693}},{"type":"Feature","id":57,"geometry":{"type":"LineString","coordinates":[[-80.069734030411027,26.557863891440729],[-80.069550137151836,26.566813297651503]]},"properties":{"OBJECTID_1":57,"Sys_Reli":"Reliable","SHS":1,"NHS":1,"LOCAL_NAME":"I-95","T_Max":1.4157131169999999,"Shape_Length":991.44214489242859}},{"type":"Feature","id":58,"geometry":{"type":"LineString","coordinates":[[-80.060993725464755,26.826564872214142],[-80.060995169658725,26.826579376402151],[-80.061015476222082,26.827086199348173],[-80.061003512632382,26.827547405834551],[-80.060957121062344,26.82802742946917],[-80.060875551307106,26.828444270298437]]},"properties":{"OBJECTID_1":58,"Sys_Reli":"Reliable","SHS":1,"NHS":0,"LOCAL_NAME":"US-1/SR5/FEDERAL HWY","T_Max":1.289487837,"Shape_Length":209.14005321956625}},{"type":"Feature","id":59,"geometry":{"type":"LineString","coordinates":[[-80.089452008910058,26.604172875935937],[-80.089444234099986,26.604390445238959]]},"properties":{"OBJECTID_1":59,"Sys_Reli":"Reliable","SHS":0,"NHS":1,"LOCAL_NAME":"CONGRESS AVE","T_Max":1.4959358229999999,"Shape_Length":24.111331386528402}},{"type":"Feature","id":60,"geometry":{"type":"LineString","coordinates":[[-80.108141899385032,26.763480889611319],[-80.108104336264816,26.763930305756247]]},"properties":{"OBJECTID_1":60,"Sys_Reli":"Reliable","SHS":1,"NHS":1,"LOCAL_NAME":"SR809/MILITARY TRAIL","T_Max":1.9594314349999999,"Shape_Length":49.920059142334154}},{"type":"Feature","id":61,"geometry":{"type":"LineString","coordinates":[[-80.050154270985843,26.840079748033688],[-80.050494847348446,26.841466817988135]]},"properties":{"OBJECTID_1":61,"Sys_Reli":"Reliable","SHS":1,"NHS":0,"LOCAL_NAME":"SR A1A/JACK NICLAUS","T_Max":1.1266678590000001,"Shape_Length":157.32699752449301}},{"type":"Feature","id":62,"geometry":{"type":"LineString","coordinates":[[-80.09063302387446,26.54655686271683],[-80.090631792134317,26.546629155872978],[-80.090558037023172,26.551320957353688],[-80.090500421340622,26.55438513755119],[-80.090480412863229,26.555567390661636],[-80.090447009738583,26.557116794798521],[-80.090420028744262,26.557964190209585],[-80.090276880390391,26.560595444398544],[-80.090106304828964,26.563780305603309],[-80.09005802659874,26.564236947632562],[-80.090003460116392,26.56464132339935],[-80.089895737801271,26.565412928064003],[-80.089849771040519,26.565859535981907],[-80.08982100322315,26.566250023588729],[-80.089769430794746,26.567264015291933],[-80.089680888463349,26.568937136828207]]},"properties":{"OBJECTID_1":62,"Sys_Reli":"Reliable","SHS":0,"NHS":1,"LOCAL_NAME":"CONGRESS AVE","T_Max":1.4154848170000001,"Shape_Length":2481.7234733131663}},{"type":"Feature","id":63,"geometry":{"type":"LineString","coordinates":[[-80.053164904355341,26.502863585878071],[-80.053473808632063,26.504024528465923],[-80.053478837701817,26.504050278551048]]},"properties":{"OBJECTID_1":63,"Sys_Reli":"Reliable","SHS":1,"NHS":0,"LOCAL_NAME":"OCEAN BLVD","T_Max":1.1916603370000001,"Shape_Length":135.11971680761425}},{"type":"Feature","id":64,"geometry":{"type":"LineString","coordinates":[[-80.131959977565188,26.839035225387153],[-80.131898406883465,26.839032242013019],[-80.131599469034342,26.839017760463591],[-80.131119424310413,26.839002506328441],[-80.129953214346912,26.838967905146635]]},"properties":{"OBJECTID_1":64,"Sys_Reli":"Reliable","SHS":1,"NHS":1,"LOCAL_NAME":"PGA BLVD","T_Max":1.4249580239999999,"Shape_Length":199.5479929890281}},{"type":"Feature","id":65,"geometry":{"type":"LineString","coordinates":[[-80.173084074494668,26.572416494110598],[-80.173144318435021,26.576860738444456],[-80.173313326885605,26.590321389688196],[-80.173566483974255,26.610973034853494],[-80.173571770324585,26.611386898837658]]},"properties":{"OBJECTID_1":65,"Sys_Reli":"Approaching Unreliability","SHS":1,"NHS":1,"LOCAL_NAME":"TURNPIKE MAINLINE","T_Max":2.2876978669999999,"Shape_Length":4316.7166715321082}},{"type":"Feature","id":66,"geometry":{"type":"LineString","coordinates":[[-80.683776147538893,26.69418518794452],[-80.683956394585095,26.6942838219104]]},"properties":{"OBJECTID_1":66,"Sys_Reli":"Reliable","SHS":1,"NHS":0,"LOCAL_NAME":"W LAKE RD","T_Max":1.711987822,"Shape_Length":20.997175095925542}},{"type":"Feature","id":67,"geometry":{"type":"LineString","coordinates":[[-80.072516514840586,26.654859989884134],[-80.072052182344166,26.654947948249621],[-80.07087479068683,26.655104697070733],[-80.07041311978125,26.655166357100942]]},"properties":{"OBJECTID_1":67,"Sys_Reli":"Approaching Unreliability","SHS":1,"NHS":1,"LOCAL_NAME":"FOREST HILL BLVD","T_Max":1.443632826,"Shape_Length":212.14375922827244}},{"type":"Feature","id":68,"geometry":{"type":"LineString","coordinates":[[-80.0935796193789,26.460549393117905],[-80.09327283409209,26.460739610779104],[-80.093011018896505,26.460885243885542],[-80.092775926236271,26.460998412358865],[-80.092539944930522,26.461099229992811],[-80.092220480499165,26.461224212636001],[-80.091898285086529,26.46132271799409],[-80.091618477382681,26.461388854711799],[-80.09121796172181,26.461464791855043],[-80.090859244371501,26.461508725711365],[-80.090624911358589,26.461523910820006]]},"properties":{"OBJECTID_1":68,"Sys_Reli":"Reliable","SHS":1,"NHS":1,"LOCAL_NAME":"ATLANTIC AVE","T_Max":1.4635331110000001,"Shape_Length":318.25275472475693}},{"type":"Feature","id":69,"geometry":{"type":"LineString","coordinates":[[-80.145771714594034,26.368686724850676],[-80.145753905354383,26.368686898502958],[-80.145670220824471,26.368687721071932],[-80.143941506541466,26.368707588314201],[-80.14295670345652,26.368718590457554],[-80.142335851930355,26.368715133312151],[-80.141400185652728,26.368699852752655]]},"properties":{"OBJECTID_1":69,"Sys_Reli":"Approaching Unreliability","SHS":1,"NHS":1,"LOCAL_NAME":"GLADES RD","T_Max":2.9523781730000001,"Shape_Length":436.19573734577745}},{"type":"Feature","id":70,"geometry":{"type":"LineString","coordinates":[[-80.631228681272063,26.864127779374218],[-80.631209908234212,26.864151454105347]]},"properties":{"OBJECTID_1":70,"Sys_Reli":"Reliable","SHS":1,"NHS":0,"LOCAL_NAME":"W MAIN ST","T_Max":1.309743227,"Shape_Length":3.217681401927782}},{"type":"Feature","id":71,"geometry":{"type":"LineString","coordinates":[[-80.123097885246736,26.510778269102076],[-80.123103617793333,26.511720040043688],[-80.123104520053602,26.511867636637639],[-80.123107620045914,26.512330797286676]]},"properties":{"OBJECTID_1":71,"Sys_Reli":"Reliable","SHS":0,"NHS":1,"LOCAL_NAME":"MILITARY TR","T_Max":1.3143720430000001,"Shape_Length":171.96388245146048}},{"type":"Feature","id":72,"geometry":{"type":"LineString","coordinates":[[-80.682054631758831,26.748367951917416],[-80.681942564656893,26.748751380861194],[-80.681885013880091,26.749101120837924],[-80.68187973544137,26.7494171217439],[-80.681944227260288,26.749958990020403],[-80.682126225620991,26.750512418591789],[-80.682769207356785,26.752056028015229]]},"properties":{"OBJECTID_1":72,"Sys_Reli":"Reliable","SHS":1,"NHS":0,"LOCAL_NAME":"BACOM POINT RD","T_Max":1.126167736,"Shape_Length":424.86166066929769}},{"type":"Feature","id":73,"geometry":{"type":"LineString","coordinates":[[-80.204045568980419,26.419223371128449],[-80.204045834786299,26.419252426397428]]},"properties":{"OBJECTID_1":73,"Sys_Reli":"Reliable","SHS":1,"NHS":1,"LOCAL_NAME":"SR-7/US-441","T_Max":1.590847466,"Shape_Length":3.218234511847176}},{"type":"Feature","id":74,"geometry":{"type":"LineString","coordinates":[[-80.087876424410567,26.770015631164881],[-80.087875713476961,26.770158128672584],[-80.087870827628052,26.770363806665031],[-80.087802690042736,26.771715654775925],[-80.087763724183105,26.772644200950669],[-80.087766273568107,26.772986241731104],[-80.087700417149406,26.774355243974433],[-80.087686039336816,26.774495498361997],[-80.087677466887556,26.774625720072486]]},"properties":{"OBJECTID_1":74,"Sys_Reli":"Reliable","SHS":0,"NHS":1,"LOCAL_NAME":"CONGRESS AVE","T_Max":1.551719176,"Shape_Length":511.10953400671349}},{"type":"Feature","id":75,"geometry":{"type":"LineString","coordinates":[[-80.67011609049429,26.678353911932369],[-80.670061298132552,26.678520731140491],[-80.669973647986041,26.678733361645026],[-80.669861784352122,26.67895898079065],[-80.669735443340599,26.679175876750833],[-80.669609128909343,26.679384080514527],[-80.668969754259791,26.680370875149769],[-80.668095360147348,26.68172037879707],[-80.667981981226603,26.681912681518739],[-80.66790462721977,26.682077271973132]]},"properties":{"OBJECTID_1":75,"Sys_Reli":"Reliable","SHS":1,"NHS":1,"LOCAL_NAME":"S MAIN ST","T_Max":1.45458124,"Shape_Length":468.39514342532925}},{"type":"Feature","id":76,"geometry":{"type":"LineString","coordinates":[[-80.062514298334406,26.43959208568138],[-80.062485440588901,26.439773018617426],[-80.062001798996945,26.442295585573792]]},"properties":{"OBJECTID_1":76,"Sys_Reli":"Reliable","SHS":1,"NHS":0,"LOCAL_NAME":"OCEAN BLVD","T_Max":1.445050384,"Shape_Length":303.78293831089366}},{"type":"Feature","id":77,"geometry":{"type":"LineString","coordinates":[[-80.146486620014556,26.43430102739627],[-80.14650258786854,26.439061569809315],[-80.146504514047962,26.439141391411489]]},"properties":{"OBJECTID_1":77,"Sys_Reli":"Reliable","SHS":0,"NHS":1,"LOCAL_NAME":"JOG RD","T_Max":1.3549998059999999,"Shape_Length":536.12471576751318}},{"type":"Feature","id":78,"geometry":{"type":"LineString","coordinates":[[-80.098055949460147,26.783116313999603],[-80.097924094715836,26.783113092770165],[-80.095813502724212,26.783071339713903],[-80.094586986958532,26.783046641913788],[-80.092074550032052,26.782951056279298]]},"properties":{"OBJECTID_1":78,"Sys_Reli":"Reliable","SHS":1,"NHS":1,"LOCAL_NAME":"BLUE HERON BLVD","T_Max":1.50594944,"Shape_Length":594.95051470321687}},{"type":"Feature","id":79,"geometry":{"type":"LineString","coordinates":[[-80.251884029651478,26.681752799314239],[-80.251285536744177,26.681733539638181],[-80.250874632750083,26.681755466539983],[-80.250706845398739,26.681749804472801]]},"properties":{"OBJECTID_1":79,"Sys_Reli":"Reliable","SHS":1,"NHS":1,"LOCAL_NAME":"SOUTHERN BLVD","T_Max":2.071072676,"Shape_Length":117.25161934681437}},{"type":"Feature","id":80,"geometry":{"type":"LineString","coordinates":[[-80.202581699545149,26.453828193735273],[-80.202007145416076,26.453774758031361],[-80.201117092700699,26.453661437289131],[-80.200629492134283,26.453642910686515],[-80.200395012075731,26.453643111852575]]},"properties":{"OBJECTID_1":80,"Sys_Reli":"Reliable","SHS":1,"NHS":0,"LOCAL_NAME":"ATLANTIC AVE","T_Max":1.6842267040000001,"Shape_Length":219.23967241676542}},{"type":"Feature","id":81,"geometry":{"type":"LineString","coordinates":[[-80.66199703813264,26.812921253140708],[-80.663785900544951,26.812929048772737],[-80.664132967105559,26.812956961589489],[-80.664453493364505,26.813029946233534],[-80.664677732016784,26.813123023092267],[-80.664829048934152,26.813209152692568],[-80.665011697760178,26.813331475762499],[-80.665226839562308,26.813526101768353],[-80.66538032839405,26.813729614977849],[-80.665497356942808,26.813924007707662],[-80.665557542631035,26.814075248613005],[-80.665605012039194,26.814247556911102],[-80.66563088929577,26.814421959417178],[-80.665642345992296,26.814604934951902],[-80.665609899053976,26.815769607295923]]},"properties":{"OBJECTID_1":81,"Sys_Reli":"Reliable","SHS":1,"NHS":0,"LOCAL_NAME":"E 7 ST","T_Max":1.1806058269999999,"Shape_Length":598.60218714436587}},{"type":"Feature","id":82,"geometry":{"type":"LineString","coordinates":[[-80.141021830080675,26.707729808568249],[-80.1407565793765,26.708028324650826],[-80.139587261126749,26.709638993266701],[-80.13880477264766,26.710831082019894],[-80.138782313366676,26.710869997872919]]},"properties":{"OBJECTID_1":82,"Sys_Reli":"Approaching Unreliability","SHS":1,"NHS":1,"LOCAL_NAME":"TURNPIKE MAINLINE","T_Max":2.797201619,"Shape_Length":413.41267332949377}},{"type":"Feature","id":83,"geometry":{"type":"LineString","coordinates":[[-80.07786655337614,26.52880297207539],[-80.077388351296733,26.528800954102536],[-80.076654884271491,26.528827993122047],[-80.076005485980517,26.528837035858334],[-80.075622680747173,26.528839042858699]]},"properties":{"OBJECTID_1":83,"Sys_Reli":"Reliable","SHS":1,"NHS":1,"LOCAL_NAME":"BOYNTON BCH BLVD","T_Max":1.750741799,"Shape_Length":223.64021538213484}},{"type":"Feature","id":84,"geometry":{"type":"LineString","coordinates":[[-80.072323640973494,26.518398187639676],[-80.07265190079022,26.523693461153293]]},"properties":{"OBJECTID_1":84,"Sys_Reli":"Reliable","SHS":1,"NHS":1,"LOCAL_NAME":"I-95","T_Max":1.7908608100000001,"Shape_Length":587.4337973032134}},{"type":"Feature","id":85,"geometry":{"type":"LineString","coordinates":[[-80.054468224075208,26.686674450176373],[-80.054381285042382,26.690327786404843]]},"properties":{"OBJECTID_1":85,"Sys_Reli":"Reliable","SHS":1,"NHS":0,"LOCAL_NAME":"SR-805/DIXIE HWY","T_Max":1.9078759519999999,"Shape_Length":404.75944002471829}},{"type":"Feature","id":86,"geometry":{"type":"LineString","coordinates":[[-80.065656713759537,26.483494371446298],[-80.065599064089469,26.483852354334921],[-80.065434250755871,26.484755373805843],[-80.06523320331803,26.485554785411466],[-80.065131089128741,26.485900663881264],[-80.064884002352954,26.486628632146108],[-80.063575106307894,26.490426693538126]]},"properties":{"OBJECTID_1":86,"Sys_Reli":"Reliable","SHS":1,"NHS":0,"LOCAL_NAME":"DIXIE HWY","T_Max":1.18570774,"Shape_Length":796.60906348068352}},{"type":"Feature","id":87,"geometry":{"type":"LineString","coordinates":[[-80.151722334982935,26.707967908928598],[-80.151542092009592,26.707959611584929],[-80.147337684451387,26.707849364211633],[-80.146261796842197,26.707810244780788],[-80.145055175161929,26.70775487141626],[-80.144900231617328,26.707747499896204]]},"properties":{"OBJECTID_1":87,"Sys_Reli":"Reliable","SHS":1,"NHS":1,"LOCAL_NAME":"OKEECHOBEE BLVD","T_Max":2.4209728890000002,"Shape_Length":679.12431957131935}},{"type":"Feature","id":88,"geometry":{"type":"LineString","coordinates":[[-80.094192868104557,26.911032387085978],[-80.094121690380504,26.913114911683675],[-80.094027066622118,26.915940949474351]]},"properties":{"OBJECTID_1":88,"Sys_Reli":"Reliable","SHS":1,"NHS":0,"LOCAL_NAME":"SR-811/OLD DIXIE HWY","T_Max":1.2575724230000001,"Shape_Length":543.96533518332046}},{"type":"Feature","id":89,"geometry":{"type":"LineString","coordinates":[[-80.056798199710087,26.73569851522576],[-80.05484806590691,26.73564640833964],[-80.053139120765181,26.735600721458862],[-80.052848691633571,26.735588862968214]]},"properties":{"OBJECTID_1":89,"Sys_Reli":"Reliable","SHS":1,"NHS":0,"LOCAL_NAME":"24 ST","T_Max":1.3603457590000001,"Shape_Length":392.9971982434493}},{"type":"Feature","id":90,"geometry":{"type":"LineString","coordinates":[[-80.089640948235214,26.574081306879293],[-80.089640662618379,26.577027945891775],[-80.089640469415002,26.579023920818283],[-80.089647348620304,26.579516887122036],[-80.089672729782095,26.579842754976148],[-80.089727072859588,26.580204226528704],[-80.089789829271766,26.580465191229727],[-80.089862889893595,26.580709073134532],[-80.089941122794514,26.580942708270939],[-80.090030851782544,26.58116841852982],[-80.090142038674671,26.581412543919654],[-80.090283580822629,26.581677442583405],[-80.090425221973135,26.581928621219124],[-80.090581100575363,26.582147893849648],[-80.090745853035259,26.58236950627095],[-80.090975056944458,26.582638384874272],[-80.091189381472375,26.582860314153457],[-80.091446878474954,26.583088231791375],[-80.0920928953106,26.583630148644506],[-80.092355936893355,26.583862001224681],[-80.092711505887607,26.5842253905627],[-80.092935628183227,26.584495378526498],[-80.093204688101849,26.584869643745712],[-80.093411933971666,26.585238132145172],[-80.093570345199865,26.585567944812343],[-80.093707328548504,26.585927664859135],[-80.093819093011845,26.586345363819593]]},"properties":{"OBJECTID_1":90,"Sys_Reli":"Reliable","SHS":0,"NHS":1,"LOCAL_NAME":"CONGRESS AVE","T_Max":1.5168991350000001,"Shape_Length":1487.3466047534082}},{"type":"Feature","id":91,"geometry":{"type":"LineString","coordinates":[[-80.684061620639966,26.725705446305302],[-80.673573211300763,26.725684798615518]]},"properties":{"OBJECTID_1":91,"Sys_Reli":"Reliable","SHS":1,"NHS":0,"LOCAL_NAME":"HOOKER HWY","T_Max":1.351690184,"Shape_Length":1043.1381563590824}},{"type":"Feature","id":92,"geometry":{"type":"LineString","coordinates":[[-80.038686387778512,26.615698135599402],[-80.038691501146857,26.61674589392042],[-80.038692634433829,26.616831609208656]]},"properties":{"OBJECTID_1":92,"Sys_Reli":"Reliable","SHS":1,"NHS":0,"LOCAL_NAME":"OCEAN BLVD","T_Max":1.2371425579999999,"Shape_Length":125.55180962001727}},{"type":"Feature","id":93,"geometry":{"type":"LineString","coordinates":[[-80.04696169102958,26.615608956681527],[-80.046501379059748,26.615570596912292],[-80.046397748753648,26.615565624720308]]},"properties":{"OBJECTID_1":93,"Sys_Reli":"Reliable","SHS":1,"NHS":0,"LOCAL_NAME":"LAKE AVE","T_Max":1.324940048,"Shape_Length":56.358112865382033}},{"type":"Feature","id":94,"geometry":{"type":"LineString","coordinates":[[-80.061755587849959,26.705881670305089],[-80.061418699648556,26.705841502711706],[-80.061111619304484,26.705819400196486],[-80.060761736818591,26.705806334553117],[-80.060361459628623,26.705806718763952],[-80.059349730122165,26.705816704385384],[-80.058894710204513,26.705821269183271],[-80.05821735657193,26.70583498010776],[-80.057867778568379,26.705831144339189],[-80.057435553457893,26.705816135376725],[-80.05725496323673,26.705801291651987],[-80.057093039834285,26.705785748328847]]},"properties":{"OBJECTID_1":94,"Sys_Reli":"Approaching Unreliability","SHS":1,"NHS":1,"LOCAL_NAME":"OKEECHOBEE BLVD","T_Max":1.621696338,"Shape_Length":464.49302309388452}},{"type":"Feature","id":95,"geometry":{"type":"LineString","coordinates":[[-80.118226513466908,26.353965434880987],[-80.118277229777476,26.354172351359317],[-80.118302729252036,26.354362115061239],[-80.119361664363836,26.357901331974929]]},"properties":{"OBJECTID_1":95,"Sys_Reli":"Unreliable","SHS":1,"NHS":1,"LOCAL_NAME":"I-95","T_Max":3.5770949449999998,"Shape_Length":450.63566799032679}},{"type":"Feature","id":96,"geometry":{"type":"LineString","coordinates":[[-80.085129688140952,26.95248090872494],[-80.085129572583313,26.952509934715458]]},"properties":{"OBJECTID_1":96,"Sys_Reli":"Reliable","SHS":1,"NHS":1,"LOCAL_NAME":"US-1/SR5/FEDERAL HWY","T_Max":1.8281652939999999,"Shape_Length":3.2152216528329105}},{"type":"Feature","id":97,"geometry":{"type":"LineString","coordinates":[[-80.089239696949818,26.609654282289974],[-80.089239266685709,26.609709106333803],[-80.089231656801743,26.610990406727606],[-80.089221197330957,26.611379974076094],[-80.089200795274195,26.611940547932022],[-80.089110705150304,26.61432299237795],[-80.089095717273025,26.614688141216138],[-80.089061159302176,26.615307229279598],[-80.089041032977548,26.615676857549822],[-80.089024615833424,26.616198831246233],[-80.089008016140767,26.616589449591316],[-80.089005652866561,26.617041980112976],[-80.089011400095927,26.617247314511467],[-80.089020165233634,26.617411904120619]]},"properties":{"OBJECTID_1":97,"Sys_Reli":"Reliable","SHS":0,"NHS":1,"LOCAL_NAME":"CONGRESS AVE","T_Max":1.4959358229999999,"Shape_Length":859.71473350898236}},{"type":"Feature","id":98,"geometry":{"type":"LineString","coordinates":[[-80.120056330676832,26.350653319311881],[-80.119878684212225,26.350654653214402]]},"properties":{"OBJECTID_1":98,"Sys_Reli":"Reliable","SHS":0,"NHS":1,"LOCAL_NAME":"PALMETTO PARK RD","T_Max":1.5512442829999999,"Shape_Length":17.727634961740666}},{"type":"Feature","id":99,"geometry":{"type":"LineString","coordinates":[[-80.107168842222364,26.783948086443981],[-80.107117154960889,26.785055147994978],[-80.107052557477644,26.78676767274964],[-80.107046160652132,26.786924478650953]]},"properties":{"OBJECTID_1":99,"Sys_Reli":"Reliable","SHS":1,"NHS":1,"LOCAL_NAME":"SR809/MILITARY TRAIL","T_Max":1.9188940290000001,"Shape_Length":329.912792437044}},{"type":"Feature","id":100,"geometry":{"type":"LineString","coordinates":[[-80.048873428074572,26.835869969406893],[-80.048837727864822,26.836820011501416],[-80.048864232362732,26.837076759102303],[-80.048915551052829,26.837322460676088],[-80.048997026566795,26.837550419892128],[-80.049124765404557,26.837832549655417],[-80.049743163572558,26.838872014352308],[-80.049874208625539,26.839157162076688],[-80.049965744366546,26.839379197293191],[-80.050056617251428,26.839682028236389],[-80.050154270985843,26.840079748033688]]},"properties":{"OBJECTID_1":100,"Sys_Reli":"Reliable","SHS":1,"NHS":0,"LOCAL_NAME":"N OCEAN BLVD","T_Max":1.1266678590000001,"Shape_Length":492.54114681665493}},{"type":"Feature","id":101,"geometry":{"type":"LineString","coordinates":[[-80.118809762740412,26.787332113574706],[-80.11326463572928,26.783624043753658],[-80.113246511152553,26.783611864976535]]},"properties":{"OBJECTID_1":101,"Sys_Reli":"Reliable","SHS":1,"NHS":1,"LOCAL_NAME":"BEELINE HWY","T_Max":2.0251006340000002,"Shape_Length":689.69480387125986}},{"type":"Feature","id":102,"geometry":{"type":"LineString","coordinates":[[-80.04140962272939,26.559939296807922],[-80.041339104246788,26.56019888337508],[-80.041281706021451,26.560385838996943],[-80.041258115064835,26.560505302830435],[-80.04125341447228,26.560618125191372],[-80.041260310177691,26.560694914727652],[-80.04129246603415,26.560826040978007],[-80.041361556861617,26.560968704844655],[-80.041469586542561,26.561107118267785],[-80.041585831558024,26.561238810166198],[-80.041656515819327,26.561340851435524],[-80.041707102281109,26.561445023616322],[-80.041745635152793,26.561564903558434],[-80.041762854849139,26.561682386655342],[-80.041756103344753,26.561815515428936],[-80.041721253300878,26.562007135230388],[-80.040788878668934,26.566447338395648],[-80.040157725515144,26.571178469543348],[-80.039997616823356,26.572468443727299],[-80.039815470759294,26.574144239927861],[-80.039530066579388,26.57683728410824],[-80.039464908925225,26.577351460751707],[-80.039323247732284,26.578684444632902],[-80.03927974202017,26.579193872808997]]},"properties":{"OBJECTID_1":102,"Sys_Reli":"Reliable","SHS":1,"NHS":0,"LOCAL_NAME":"OCEAN BLVD","T_Max":1.1871002209999999,"Shape_Length":2164.6132178012635}},{"type":"Feature","id":103,"geometry":{"type":"LineString","coordinates":[[-80.147007765997301,26.453847142938567],[-80.147009090497434,26.453905203471262],[-80.147011598770078,26.45440006789639],[-80.147001249705951,26.455832679071328],[-80.14700897454091,26.456811311299617],[-80.146998202498054,26.458439032800484],[-80.146996128477184,26.458891116066177]]},"properties":{"OBJECTID_1":103,"Sys_Reli":"Reliable","SHS":0,"NHS":1,"LOCAL_NAME":"JOG RD","T_Max":1.285826796,"Shape_Length":558.68513590726388}},{"type":"Feature","id":104,"geometry":{"type":"LineString","coordinates":[[-80.180638257616323,26.617307032431352],[-80.179538573911714,26.617313908027828],[-80.179326418808571,26.617313200797565]]},"properties":{"OBJECTID_1":104,"Sys_Reli":"Reliable","SHS":1,"NHS":1,"LOCAL_NAME":"LAKE WORTH RD","T_Max":1.5125698400000001,"Shape_Length":130.60555938454164}},{"type":"Feature","id":105,"geometry":{"type":"LineString","coordinates":[[-80.098957464802197,26.783140258320433],[-80.098706987481961,26.783134004527245],[-80.098316507501536,26.783123005071392],[-80.098229611942173,26.783120556914671],[-80.098055949460147,26.783116313999603]]},"properties":{"OBJECTID_1":105,"Sys_Reli":"Reliable","SHS":1,"NHS":1,"LOCAL_NAME":"BLUE HERON BLVD","T_Max":1.569318182,"Shape_Length":89.663246491960322}},{"type":"Feature","id":106,"geometry":{"type":"LineString","coordinates":[[-80.090624911358589,26.461523910820006],[-80.090527946521249,26.461530193145357],[-80.090125465224091,26.461543671152985],[-80.090109264327438,26.461543650118557]]},"properties":{"OBJECTID_1":106,"Sys_Reli":"Reliable","SHS":1,"NHS":1,"LOCAL_NAME":"ATLANTIC AVE","T_Max":2.0271140010000002,"Shape_Length":51.459428990441793}},{"type":"Feature","id":107,"geometry":{"type":"LineString","coordinates":[[-80.101704153298655,26.839725593989186],[-80.10159737070191,26.839838841902019],[-80.101350369852113,26.840112102967343],[-80.101303284515964,26.840162215136573]]},"properties":{"OBJECTID_1":107,"Sys_Reli":"Approaching Unreliability","SHS":1,"NHS":1,"LOCAL_NAME":"PGA BLVD","T_Max":2.1337481249999999,"Shape_Length":62.657957642906425}},{"type":"Feature","id":108,"geometry":{"type":"LineString","coordinates":[[-80.631200544935425,26.862081615885444],[-80.631759689815325,26.862468474349122]]},"properties":{"OBJECTID_1":108,"Sys_Reli":"Reliable","SHS":1,"NHS":0,"LOCAL_NAME":"W MAIN ST","T_Max":1.309743227,"Shape_Length":70.150469491320337}},{"type":"Feature","id":109,"geometry":{"type":"LineString","coordinates":[[-80.038980741669633,26.783609061526896],[-80.03892264747887,26.783611095951244]]},"properties":{"OBJECTID_1":109,"Sys_Reli":"Reliable","SHS":1,"NHS":0,"LOCAL_NAME":"BLUE HERON BLVD","T_Max":1.3685430430000001,"Shape_Length":5.7798631436369075}},{"type":"Feature","id":110,"geometry":{"type":"LineString","coordinates":[[-80.373689565210583,26.957806180978221],[-80.357853473185116,26.947275656760088],[-80.353650382379271,26.944482662066722],[-80.353492835478349,26.944377964580333],[-80.351908508181765,26.94320829328791],[-80.35185849280353,26.943173708042178]]},"properties":{"OBJECTID_1":110,"Sys_Reli":"Reliable","SHS":1,"NHS":1,"LOCAL_NAME":"BEELINE HWY","T_Max":1.185942045,"Shape_Length":2706.3178622648697}},{"type":"Feature","id":111,"geometry":{"type":"LineString","coordinates":[[-80.203839831630333,26.408690669049101],[-80.203840200083491,26.408726973264805],[-80.203848768534058,26.409082280520895],[-80.203862385296176,26.409970646451235],[-80.203892358547108,26.410734733195643],[-80.20392983133641,26.412761049027896],[-80.203948195468243,26.413934795610686],[-80.203993788815623,26.416172317925302]]},"properties":{"OBJECTID_1":111,"Sys_Reli":"Reliable","SHS":1,"NHS":1,"LOCAL_NAME":"SR-7/US-441","T_Max":1.567957831,"Shape_Length":828.81465954761245}},{"type":"Feature","id":112,"geometry":{"type":"LineString","coordinates":[[-80.137780899733073,26.350600325078499],[-80.137474470088961,26.350604751060363],[-80.134520584441645,26.350580934535834],[-80.134377408232751,26.350579774285141],[-80.13094078645706,26.350574425136376],[-80.129168760363115,26.350571881153009]]},"properties":{"OBJECTID_1":112,"Sys_Reli":"Reliable","SHS":0,"NHS":1,"LOCAL_NAME":"PALMETTO PARK RD","T_Max":1.551989429,"Shape_Length":859.40488840430805}},{"type":"Feature","id":113,"geometry":{"type":"LineString","coordinates":[[-80.065358134310188,26.403666818673514],[-80.065168382345178,26.405161383108119],[-80.065124780903275,26.405594471951993],[-80.065039724342938,26.406352318299838],[-80.065008138493326,26.406771941720425],[-80.064880127064654,26.409204320769504],[-80.064878546643271,26.409271135732382]]},"properties":{"OBJECTID_1":113,"Sys_Reli":"Reliable","SHS":1,"NHS":0,"LOCAL_NAME":"OCEAN BLVD","T_Max":1.473617307,"Shape_Length":622.85790080710467}},{"type":"Feature","id":114,"geometry":{"type":"LineString","coordinates":[[-80.056199515590492,26.599360613647249],[-80.057273044759768,26.6013595161496],[-80.057597164965586,26.601957663103828],[-80.057668331003597,26.602126061034451],[-80.057734189795525,26.602334620786429],[-80.057780221554296,26.602536799809013],[-80.057785188809476,26.60259050903829],[-80.057791476214803,26.602658504464713]]},"properties":{"OBJECTID_1":114,"Sys_Reli":"Reliable","SHS":1,"NHS":0,"LOCAL_NAME":"SR-805/DIXIE HWY","T_Max":1.602275543,"Shape_Length":399.91190287632628}},{"type":"Feature","id":115,"geometry":{"type":"LineString","coordinates":[[-80.053322276809666,26.577869724828677],[-80.053261714449917,26.578285724167745],[-80.053168580424995,26.578698156456717],[-80.053041851052654,26.579150987579013],[-80.052290476867157,26.581586595385087]]},"properties":{"OBJECTID_1":115,"Sys_Reli":"Reliable","SHS":1,"NHS":0,"LOCAL_NAME":"DIXIE HWY","T_Max":1.6618469419999999,"Shape_Length":424.77311473347913}},{"type":"Feature","id":116,"geometry":{"type":"LineString","coordinates":[[-80.451093322214291,26.7254076269375],[-80.446785292109951,26.725422750914706],[-80.445821088275949,26.725425448854303],[-80.445123234294726,26.725403333041456],[-80.444447079052168,26.725358693632259],[-80.443490611881799,26.725248327998582],[-80.442645821586368,26.725109324119138],[-80.441772428471381,26.724934666672638],[-80.440737637785148,26.724655982950544],[-80.439897091615535,26.724387748277792],[-80.439089075363441,26.724087325398834],[-80.438256112828213,26.723741579907237],[-80.437193821455367,26.723207535079876],[-80.436114047941331,26.722573265793532],[-80.4350777584404,26.721877771853379],[-80.434049134655183,26.721091844387356],[-80.424852749962241,26.714115335508616],[-80.410135874921437,26.702934177356845],[-80.395421882722815,26.691751523634316]]},"properties":{"OBJECTID_1":116,"Sys_Reli":"Reliable","SHS":1,"NHS":1,"LOCAL_NAME":"SR-80","T_Max":1.166215139,"Shape_Length":6850.8464434362722}},{"type":"Feature","id":117,"geometry":{"type":"LineString","coordinates":[[-80.200395012075731,26.453643111852575],[-80.199796684039626,26.453643623710974]]},"properties":{"OBJECTID_1":117,"Sys_Reli":"Reliable","SHS":1,"NHS":0,"LOCAL_NAME":"ATLANTIC AVE","T_Max":1.6842267040000001,"Shape_Length":59.65213330371224}},{"type":"Feature","id":118,"geometry":{"type":"LineString","coordinates":[[-80.659786160850047,26.761488457185337],[-80.659728838927393,26.767296863447687],[-80.659701253454543,26.767705743947591],[-80.659606686240522,26.768056356025753],[-80.659433020709201,26.768398169908288],[-80.659228424741357,26.76866027069341],[-80.658987924123807,26.768900758322644],[-80.658677964536182,26.769115247778547],[-80.658327420923328,26.769265068377312],[-80.657893065645467,26.769380246371135],[-80.657844718396788,26.769384204347279]]},"properties":{"OBJECTID_1":118,"Sys_Reli":"Reliable","SHS":1,"NHS":0,"LOCAL_NAME":"BELLE GLADE RD","T_Max":1.2108874460000001,"Shape_Length":968.88416098010407}},{"type":"Feature","id":119,"geometry":{"type":"LineString","coordinates":[[-80.122092358053109,26.43565749984738],[-80.12211100678924,26.436882086931675],[-80.122114809509867,26.437849544624825],[-80.122135272747883,26.439328833009807]]},"properties":{"OBJECTID_1":119,"Sys_Reli":"Reliable","SHS":0,"NHS":1,"LOCAL_NAME":"MILITARY TR","T_Max":1.4490272420000001,"Shape_Length":406.6662774954637}},{"type":"Feature","id":120,"geometry":{"type":"LineString","coordinates":[[-80.129768635112356,26.843729108856024],[-80.129766139705708,26.84379431664431],[-80.129764001802386,26.843850150872722],[-80.129646387127849,26.84692252393415]]},"properties":{"OBJECTID_1":120,"Sys_Reli":"Reliable","SHS":1,"NHS":1,"LOCAL_NAME":"TURNPIKE MAINLINE","T_Max":1.331910417,"Shape_Length":353.93348882666817}},{"type":"Feature","id":121,"geometry":{"type":"LineString","coordinates":[[-80.20542858937722,26.5277478447621],[-80.205335054359566,26.527748701330232],[-80.203946526378999,26.527761410339057],[-80.203509174627584,26.527761362603655],[-80.203191235158457,26.527747226164692],[-80.202679061292812,26.527714343960671],[-80.202419988048945,26.527704066945144],[-80.20178980293484,26.527704071983873],[-80.200831685044548,26.52771460065912],[-80.19808104455042,26.527739777959418],[-80.193655772903696,26.527779043601168]]},"properties":{"OBJECTID_1":121,"Sys_Reli":"Reliable","SHS":1,"NHS":1,"LOCAL_NAME":"BOYNTON BCH BLVD","T_Max":1.4990307,"Shape_Length":1173.2179847889847}},{"type":"Feature","id":122,"geometry":{"type":"LineString","coordinates":[[-80.686913946181946,26.666337631429286],[-80.686879664250625,26.667688990386804]]},"properties":{"OBJECTID_1":122,"Sys_Reli":"Reliable","SHS":1,"NHS":0,"LOCAL_NAME":"SW 16 ST","T_Max":1.3250375299999999,"Shape_Length":149.70905374428187}},{"type":"Feature","id":123,"geometry":{"type":"LineString","coordinates":[[-80.626848944819315,26.869624688280854],[-80.626236206759984,26.870392823915768],[-80.624547118337091,26.872929761890994],[-80.624040884142573,26.873623776972345],[-80.621841206140743,26.876526457505495]]},"properties":{"OBJECTID_1":123,"Sys_Reli":"Reliable","SHS":1,"NHS":0,"LOCAL_NAME":"LAKESHORE DR","T_Max":1.215264677,"Shape_Length":912.44031321936586}},{"type":"Feature","id":124,"geometry":{"type":"LineString","coordinates":[[-80.123107620045914,26.512330797286676],[-80.123113575777253,26.513220818513361],[-80.123102378241242,26.516880679383416],[-80.123097441968341,26.519473784940953],[-80.123095031025002,26.520276766335407],[-80.123082536560659,26.520950280118388],[-80.123049310031931,26.521925605930178],[-80.122976842132701,26.523695393374954],[-80.122890943706793,26.525777015475743],[-80.122798425963694,26.527995785069248],[-80.122797132589668,26.528145715249206],[-80.122794320353023,26.528537678120731]]},"properties":{"OBJECTID_1":124,"Sys_Reli":"Reliable","SHS":0,"NHS":1,"LOCAL_NAME":"MILITARY TR","T_Max":1.328714771,"Shape_Length":1795.6400673121061}},{"type":"Feature","id":125,"geometry":{"type":"LineString","coordinates":[[-80.35185849280353,26.943173708042178],[-80.351195472336869,26.942715234876783],[-80.349270474677297,26.941343091626024],[-80.348516791288702,26.940804688953019],[-80.328407802125696,26.927382734315724]]},"properties":{"OBJECTID_1":125,"Sys_Reli":"Reliable","SHS":1,"NHS":1,"LOCAL_NAME":"BEELINE HWY","T_Max":1.1597528880000001,"Shape_Length":2912.1012240914274}},{"type":"Feature","id":126,"geometry":{"type":"LineString","coordinates":[[-80.20457552811294,26.471512987970993],[-80.204591927220491,26.472970762965407],[-80.204728644761801,26.483102204553351],[-80.204751497790113,26.48444328084349]]},"properties":{"OBJECTID_1":126,"Sys_Reli":"Reliable","SHS":1,"NHS":1,"LOCAL_NAME":"SR-7/US-441","T_Max":1.12901421,"Shape_Length":1432.2630762907793}},{"type":"Feature","id":127,"geometry":{"type":"LineString","coordinates":[[-80.126949957738617,26.881047857617109],[-80.128140417143214,26.883083590830083]]},"properties":{"OBJECTID_1":127,"Sys_Reli":"Reliable","SHS":1,"NHS":1,"LOCAL_NAME":"I-95","T_Max":1.340368826,"Shape_Length":254.61589555260741}},{"type":"Feature","id":128,"geometry":{"type":"LineString","coordinates":[[-80.147652144970039,26.545956481322957],[-80.14767333176178,26.546015728900787],[-80.147766774092574,26.546265668482739],[-80.147889257943774,26.546552983849899],[-80.148048712996129,26.546896566758097],[-80.14822434754079,26.547219434427749],[-80.148373727052984,26.547481301480392],[-80.148690326182773,26.5480003439047],[-80.149399093418339,26.549173351027509],[-80.149560597020155,26.549461721256183]]},"properties":{"OBJECTID_1":128,"Sys_Reli":"Approaching Unreliability","SHS":0,"NHS":1,"LOCAL_NAME":"JOG RD","T_Max":1.592789547,"Shape_Length":433.03912633770079}},{"type":"Feature","id":129,"geometry":{"type":"LineString","coordinates":[[-80.070156590831388,26.361063429991507],[-80.070108263031969,26.361407485518004],[-80.069740681669572,26.363563826106812]]},"properties":{"OBJECTID_1":129,"Sys_Reli":"Reliable","SHS":1,"NHS":0,"LOCAL_NAME":"OCEAN BLVD","T_Max":1.334190548,"Shape_Length":280.05005447389942}},{"type":"Feature","id":130,"geometry":{"type":"LineString","coordinates":[[-80.15721548771694,26.651026793436188],[-80.157192877088704,26.651026995231209],[-80.153776702538551,26.651059830165632]]},"properties":{"OBJECTID_1":130,"Sys_Reli":"Reliable","SHS":1,"NHS":1,"LOCAL_NAME":"FOREST HILL BLVD","T_Max":2.15397236,"Shape_Length":342.27593695944773}},{"type":"Feature","id":131,"geometry":{"type":"LineString","coordinates":[[-80.056290058641025,26.675742871669865],[-80.055739706324388,26.675729106259453],[-80.054967824176785,26.675706732752367]]},"properties":{"OBJECTID_1":131,"Sys_Reli":"Approaching Unreliability","SHS":1,"NHS":1,"LOCAL_NAME":"SOUTHERN BLVD","T_Max":2.2849502030000002,"Shape_Length":131.63547030819279}},{"type":"Feature","id":132,"geometry":{"type":"LineString","coordinates":[[-80.039045633035727,26.644145625585477],[-80.039034363779265,26.644479618519455]]},"properties":{"OBJECTID_1":132,"Sys_Reli":"Reliable","SHS":1,"NHS":0,"LOCAL_NAME":"OCEAN BLVD","T_Max":1.2371425579999999,"Shape_Length":37.012110582516179}},{"type":"Feature","id":133,"geometry":{"type":"LineString","coordinates":[[-80.146866090000586,26.608209320136435],[-80.146729913921163,26.613310312743746],[-80.146595704262594,26.61823132869527],[-80.146573556653181,26.618888350783045],[-80.146572037197288,26.618945121765059]]},"properties":{"OBJECTID_1":133,"Sys_Reli":"Reliable","SHS":0,"NHS":1,"LOCAL_NAME":"JOG RD","T_Max":2.0220691469999998,"Shape_Length":1189.4914587116275}},{"type":"Feature","id":134,"geometry":{"type":"LineString","coordinates":[[-80.173661235427247,26.616396064042327],[-80.173671157240918,26.61693472064302],[-80.173672581020554,26.617267466812343]]},"properties":{"OBJECTID_1":134,"Sys_Reli":"Unreliable","SHS":1,"NHS":1,"LOCAL_NAME":"TURNPIKE MAINLINE","T_Max":3.1661226020000002,"Shape_Length":96.527162986410005}},{"type":"Feature","id":135,"geometry":{"type":"LineString","coordinates":[[-80.121806596285111,26.618758824375746],[-80.121686861830995,26.618753459919549]]},"properties":{"OBJECTID_1":135,"Sys_Reli":"Approaching Unreliability","SHS":1,"NHS":1,"LOCAL_NAME":"LAKE WORTH RD","T_Max":2.9012471299999998,"Shape_Length":11.935199911909736}},{"type":"Feature","id":136,"geometry":{"type":"LineString","coordinates":[[-80.052469211567171,26.592224779228388],[-80.052359905821589,26.592388816691951],[-80.052527192960838,26.593263429471445],[-80.052580146250719,26.593692623112563],[-80.0526026918197,26.593954306040175]]},"properties":{"OBJECTID_1":136,"Sys_Reli":"Reliable","SHS":1,"NHS":0,"LOCAL_NAME":"FEDERAL HWY","T_Max":1.3652825,"Shape_Length":196.38217656254986}},{"type":"Feature","id":137,"geometry":{"type":"LineString","coordinates":[[-80.084386582498396,26.483826388754572],[-80.079512560929217,26.49727825405007],[-80.078214797458529,26.500845178109106],[-80.077260244490986,26.503362478349892],[-80.076882866607306,26.504125207886897],[-80.076085447323294,26.505494641698107],[-80.07451133929969,26.507708954820586],[-80.073948400572235,26.508500823696306],[-80.073485995091573,26.509224613539718],[-80.07307836545084,26.509921679310875],[-80.072799186797567,26.510556369203197],[-80.072503085532631,26.511423435933512],[-80.072354050100785,26.511977585163482],[-80.07226983310639,26.512404044018531],[-80.072179034958324,26.513021234872184],[-80.072124535942805,26.513520563540464],[-80.072085878896146,26.514434771575438],[-80.072090313853252,26.514508787150234]]},"properties":{"OBJECTID_1":137,"Sys_Reli":"Reliable","SHS":1,"NHS":1,"LOCAL_NAME":"I-95","T_Max":1.772855107,"Shape_Length":3637.435407856055}},{"type":"Feature","id":138,"geometry":{"type":"LineString","coordinates":[[-80.06797486979255,26.461656699444131],[-80.067043768522907,26.461665507495319],[-80.06695650344939,26.461666710725641]]},"properties":{"OBJECTID_1":138,"Sys_Reli":"Approaching Unreliability","SHS":1,"NHS":0,"LOCAL_NAME":"ATLANTIC AVE","T_Max":1.893600779,"Shape_Length":101.53106060793014}},{"type":"Feature","id":139,"geometry":{"type":"LineString","coordinates":[[-80.141400185652728,26.368699852752655],[-80.139449805194687,26.368667981176888],[-80.137597996590429,26.368641294043446],[-80.137408729553144,26.368629817020221],[-80.13727018836164,26.36862141539499]]},"properties":{"OBJECTID_1":139,"Sys_Reli":"Approaching Unreliability","SHS":1,"NHS":1,"LOCAL_NAME":"GLADES RD","T_Max":2.818723511,"Shape_Length":412.18907128124147}},{"type":"Feature","id":140,"geometry":{"type":"LineString","coordinates":[[-80.149394671816751,26.932779963472633],[-80.149869192701971,26.934530263918504]]},"properties":{"OBJECTID_1":140,"Sys_Reli":"Reliable","SHS":1,"NHS":1,"LOCAL_NAME":"I-95","T_Max":2.2729706539999999,"Shape_Length":199.5189744520774}},{"type":"Feature","id":141,"geometry":{"type":"LineString","coordinates":[[-80.621841206140743,26.876526457505495],[-80.62142055973095,26.877081518781768],[-80.620782050070531,26.877971390005762],[-80.62039692199113,26.878541420725199],[-80.619171369944894,26.880533449997635],[-80.616246171918448,26.885294911265724],[-80.614627793392231,26.888396358673866],[-80.613981502703112,26.889687938135651],[-80.613566053157868,26.890641584643607],[-80.613078896063669,26.891951651789817],[-80.61281137651541,26.89270480783901],[-80.612590529456128,26.893428747391887],[-80.612250298360792,26.894831767900325],[-80.61120455860673,26.899726911799338],[-80.61112100097958,26.900417368745678],[-80.611097529066186,26.900839389315415],[-80.611084511172677,26.90353891209066],[-80.611140573211756,26.904076264247422],[-80.611259782652667,26.90455510973316],[-80.61151703891251,26.905339049925846],[-80.611687562367948,26.905906059496903],[-80.611773345777124,26.906405125071455],[-80.611837823556669,26.906877041716278],[-80.611921286534539,26.907500246598001],[-80.613290387105664,26.917263903177826],[-80.613336980594298,26.91799760642715],[-80.613334493116511,26.919096824419533],[-80.613272984449779,26.919967920774567],[-80.613125292856097,26.92119088620008],[-80.612362701210529,26.926614966704868],[-80.611332025337362,26.932900530367554],[-80.611009708948444,26.934732437522612],[-80.609711260418536,26.942493410614578],[-80.609619740969634,26.943289920130304],[-80.609543049594322,26.944734765901366],[-80.609478400467765,26.945657315612753],[-80.609469466706557,26.946336639775591],[-80.60952926406469,26.949815052992196],[-80.609644880940422,26.95774468245768]]},"properties":{"OBJECTID_1":141,"Sys_Reli":"Reliable","SHS":1,"NHS":0,"LOCAL_NAME":"LAKESHORE DR","T_Max":1.170272201,"Shape_Length":9274.141363702056}},{"type":"Feature","id":142,"geometry":{"type":"LineString","coordinates":[[-80.03892264747887,26.783611095951244],[-80.036918447146718,26.783681300000953],[-80.036468635146619,26.783716606940001],[-80.03612923660684,26.783779752623918],[-80.035876250080491,26.783884114842618],[-80.035675071156305,26.784009583108581],[-80.035465405815657,26.784165289811327],[-80.035341502283828,26.784296692480076],[-80.035221367140494,26.78445016101254],[-80.035126272567865,26.784624369637758],[-80.035075792414034,26.784743709557056]]},"properties":{"OBJECTID_1":142,"Sys_Reli":"Reliable","SHS":1,"NHS":0,"LOCAL_NAME":"BLUE HERON BLVD","T_Max":1.3469135299999999,"Shape_Length":433.30916640854099}},{"type":"Feature","id":143,"geometry":{"type":"LineString","coordinates":[[-80.098242029452948,26.773431878921532],[-80.097727807762922,26.773071912342051],[-80.095374489242673,26.77148675496591],[-80.094936317739723,26.771204769387452],[-80.094600687742457,26.771007438009999],[-80.094327916262159,26.77086733570831],[-80.094022117873152,26.770728251379758],[-80.093746382334913,26.770615309365375],[-80.093445827488949,26.770507144668894],[-80.093182179787121,26.770432571164267],[-80.092989909796259,26.770380687840078],[-80.092861028342924,26.770351480855489],[-80.092529468549643,26.770277959233052],[-80.092217875566121,26.770228186164985],[-80.091877865581353,26.770188842968583],[-80.091553880993999,26.770167731245952],[-80.091177369027591,26.7701481038028],[-80.089772236891662,26.770078346857982],[-80.089062612015383,26.770042068077348],[-80.088038851387935,26.770005177352783],[-80.087876519103801,26.769996727616622]]},"properties":{"OBJECTID_1":143,"Sys_Reli":"Reliable","SHS":1,"NHS":1,"LOCAL_NAME":"BEELINE HWY","T_Max":1.326638644,"Shape_Length":1137.1189926435018}},{"type":"Feature","id":144,"geometry":{"type":"LineString","coordinates":[[-80.205895269237402,26.58570956152132],[-80.205898479838439,26.586241368474024],[-80.205901919119583,26.58744372706029],[-80.205899240348032,26.588016938689979],[-80.205867902442449,26.58913100557843],[-80.2057841516651,26.591341261075211],[-80.205780067988812,26.591448843772969],[-80.205779021028633,26.59147642028346]]},"properties":{"OBJECTID_1":144,"Sys_Reli":"Reliable","SHS":1,"NHS":1,"LOCAL_NAME":"SR-7/US-441","T_Max":1.1666767899999999,"Shape_Length":638.93692364498372}},{"type":"Feature","id":145,"geometry":{"type":"LineString","coordinates":[[-80.087677466887556,26.774625720072486],[-80.087671656847306,26.774713982958037],[-80.08762738358844,26.775424535754833],[-80.087597249533587,26.775975698221767],[-80.087499651513809,26.777825414611382],[-80.087296125098931,26.78164021191078]]},"properties":{"OBJECTID_1":145,"Sys_Reli":"Reliable","SHS":0,"NHS":1,"LOCAL_NAME":"CONGRESS AVE","T_Max":1.557153231,"Shape_Length":777.90137873797846}},{"type":"Feature","id":146,"geometry":{"type":"LineString","coordinates":[[-80.195270113130235,26.680140967710571],[-80.194782067846688,26.680115403991916],[-80.194085000116559,26.680087302103043],[-80.192086199172991,26.680030351308886],[-80.1920039219291,26.680027953904563]]},"properties":{"OBJECTID_1":146,"Sys_Reli":"Reliable","SHS":1,"NHS":1,"LOCAL_NAME":"SOUTHERN BLVD","T_Max":2.0944670319999998,"Shape_Length":325.25020672062936}},{"type":"Feature","id":147,"geometry":{"type":"LineString","coordinates":[[-80.056721312813494,26.475956249756397],[-80.05642170926852,26.477756832971966],[-80.056362797618903,26.478214635477496],[-80.056323431923701,26.478582289165942],[-80.056296147387386,26.479006444575461],[-80.056276273715099,26.479751172055359],[-80.056258410962485,26.480863814747025],[-80.056219966969749,26.481450958392227]]},"properties":{"OBJECTID_1":147,"Sys_Reli":"Reliable","SHS":1,"NHS":0,"LOCAL_NAME":"OCEAN BLVD","T_Max":1.1916603370000001,"Shape_Length":611.59053157206995}},{"type":"Feature","id":148,"geometry":{"type":"LineString","coordinates":[[-80.149560597020155,26.549461721256183],[-80.149585332917582,26.549505885837132],[-80.149729088814681,26.549807741581517],[-80.149869078033547,26.550136802165245],[-80.150010252876484,26.55054751321309],[-80.150096782350062,26.550884260342109],[-80.150183149915037,26.551241808264813],[-80.150228986294223,26.551544688446523],[-80.150267416342118,26.55188594641076],[-80.150289735712732,26.552239913508217],[-80.150290908305834,26.552563337262931],[-80.15025330062717,26.553077056861628],[-80.150193133636364,26.553510586504725],[-80.150119469992077,26.553843171192099],[-80.150040616774376,26.554154912221396],[-80.149925904030582,26.554501656084014],[-80.149802429911034,26.554829135675213],[-80.149637845456624,26.555178788630062],[-80.149457293091245,26.555520339522751],[-80.149336637785368,26.55571353832342],[-80.149273975593786,26.555814455646164]]},"properties":{"OBJECTID_1":148,"Sys_Reli":"Approaching Unreliability","SHS":0,"NHS":1,"LOCAL_NAME":"JOG RD","T_Max":1.6061482730000001,"Shape_Length":732.28596688996868}},{"type":"Feature","id":149,"geometry":{"type":"LineString","coordinates":[[-80.681946421590467,26.52113248390993],[-80.691043355474889,26.532801291531218],[-80.696957823981364,26.540373235833332]]},"properties":{"OBJECTID_1":149,"Sys_Reli":"Reliable","SHS":1,"NHS":1,"LOCAL_NAME":"US-27","T_Max":1.147441369,"Shape_Length":2603.3822743838846}},{"type":"Feature","id":150,"geometry":{"type":"LineString","coordinates":[[-80.102236660920042,26.78326140254142],[-80.101257083857874,26.783217869303435],[-80.100347177409134,26.783182103598165],[-80.099754861607209,26.783164196130528],[-80.099492137191916,26.783153604579425],[-80.098957464802197,26.783140258320433]]},"properties":{"OBJECTID_1":150,"Sys_Reli":"Reliable","SHS":1,"NHS":1,"LOCAL_NAME":"BLUE HERON BLVD","T_Max":1.63401887,"Shape_Length":326.28615653140923}},{"type":"Feature","id":151,"geometry":{"type":"LineString","coordinates":[[-80.153601561013062,26.357356918965984],[-80.153602017087152,26.357723071555647],[-80.153592229987495,26.35796224109469],[-80.153574360622756,26.358206549916151],[-80.153518802004839,26.358573869322715],[-80.153476050212305,26.358761060171418],[-80.15340762156201,26.359002989883738],[-80.153283096242177,26.359368866789971],[-80.1531567046231,26.359676734167749],[-80.153031693221195,26.359951474750215],[-80.152901012659143,26.36021685220744],[-80.152767143608344,26.360444933431207],[-80.152610165915078,26.3606894456546],[-80.152424316593709,26.360952435832129],[-80.15226998290666,26.361149329117936],[-80.152108688103127,26.361356528022878],[-80.151969575736942,26.361515190111326],[-80.15181893843922,26.361677934344474],[-80.151680032874069,26.361809664435196],[-80.151494856530789,26.361978417347231],[-80.151291277569243,26.362150157835998],[-80.151066944459473,26.362329023325579],[-80.150864778555416,26.362464529041738],[-80.150655682240782,26.362603101075162],[-80.150196194587537,26.362869632301724],[-80.149948107318693,26.362995545568047],[-80.149713941779808,26.363103937597142],[-80.149468281483706,26.363212250135554],[-80.149237572790184,26.363320652866516],[-80.149013682616584,26.363438423382036],[-80.148748139388857,26.363593224062683],[-80.14855064167584,26.363718399018165],[-80.14829876835995,26.363889847946652],[-80.148021346644498,26.364095326546302],[-80.147800380973948,26.364285596566084],[-80.147553888480914,26.364506788686523],[-80.147252792034365,26.364805328136786],[-80.147073125767662,26.365006207028472],[-80.146877087792632,26.365245302732792],[-80.146645839325757,26.365581534059405],[-80.146485278849482,26.365841559843449],[-80.146274280433772,26.366239013525473],[-80.146167963782858,26.366469323481301],[-80.146135890159684,26.366537862100433]]},"properties":{"OBJECTID_1":151,"Sys_Reli":"Reliable","SHS":0,"NHS":1,"LOCAL_NAME":"POWERLINE RD","T_Max":1.407885652,"Shape_Length":1322.1207091164258}},{"type":"Feature","id":152,"geometry":{"type":"LineString","coordinates":[[-80.091035857123373,26.758904226677398],[-80.090748013979336,26.758893008352189],[-80.090147969141611,26.758868393984564],[-80.08969545702449,26.758860995286266],[-80.088429478448631,26.758835580292448],[-80.0873721076631,26.758801948122873],[-80.086832709176463,26.758794657062047],[-80.086452934544511,26.758796221174929],[-80.086359366952749,26.758795289477487]]},"properties":{"OBJECTID_1":152,"Sys_Reli":"Reliable","SHS":0,"NHS":1,"LOCAL_NAME":"45 ST","T_Max":1.6816953779999999,"Shape_Length":465.21283554085107}},{"type":"Feature","id":153,"geometry":{"type":"LineString","coordinates":[[-80.662307570756326,26.740011515350851],[-80.662129234999512,26.740545787143606],[-80.660392246124431,26.745783274275922],[-80.65999553972199,26.74705725411733],[-80.659889329172614,26.747474583377855],[-80.65980846302206,26.747822520926626],[-80.659790351887992,26.748250608866805],[-80.659780039478505,26.759767969188143],[-80.65978862702336,26.761238570156156],[-80.659786160850047,26.761488457185337]]},"properties":{"OBJECTID_1":153,"Sys_Reli":"Reliable","SHS":1,"NHS":0,"LOCAL_NAME":"BELLE GLADE RD","T_Max":1.2108874460000001,"Shape_Length":2413.9582816244897}},{"type":"Feature","id":154,"geometry":{"type":"LineString","coordinates":[[-80.122135272747883,26.439328833009807],[-80.122136075710671,26.439386845307428],[-80.122247443579312,26.444610959506679]]},"properties":{"OBJECTID_1":154,"Sys_Reli":"Reliable","SHS":0,"NHS":1,"LOCAL_NAME":"MILITARY TR","T_Max":1.759791796,"Shape_Length":585.16046485425943}},{"type":"Feature","id":155,"geometry":{"type":"LineString","coordinates":[[-80.129976099165191,26.838388246195823],[-80.129950219605234,26.839055819398478],[-80.129918713980956,26.839868589731065]]},"properties":{"OBJECTID_1":155,"Sys_Reli":"Reliable","SHS":1,"NHS":1,"LOCAL_NAME":"TURNPIKE MAINLINE","T_Max":2.6364950290000002,"Shape_Length":164.07217255196903}},{"type":"Feature","id":156,"geometry":{"type":"LineString","coordinates":[[-80.05445541191996,26.527095837150025],[-80.054116213172833,26.527094226812203]]},"properties":{"OBJECTID_1":156,"Sys_Reli":"Reliable","SHS":1,"NHS":0,"LOCAL_NAME":"OCEAN AVE","T_Max":1.466190903,"Shape_Length":33.797474157609159}},{"type":"Feature","id":157,"geometry":{"type":"LineString","coordinates":[[-80.684107502557453,26.737848751029471],[-80.684116112494607,26.740159618639584]]},"properties":{"OBJECTID_1":157,"Sys_Reli":"Reliable","SHS":1,"NHS":0,"LOCAL_NAME":"BACOM POINT RD","T_Max":1.126167736,"Shape_Length":255.94494350696198}},{"type":"Feature","id":158,"geometry":{"type":"LineString","coordinates":[[-80.059275627172909,26.454548103328356],[-80.058542842278811,26.46058276055895],[-80.05849416351144,26.460887425675597]]},"properties":{"OBJECTID_1":158,"Sys_Reli":"Reliable","SHS":1,"NHS":0,"LOCAL_NAME":"OCEAN BLVD","T_Max":1.4480408570000001,"Shape_Length":706.4887422473106}},{"type":"Feature","id":159,"geometry":{"type":"LineString","coordinates":[[-80.055552250387848,26.664627602889755],[-80.05492850882635,26.673053790419708]]},"properties":{"OBJECTID_1":159,"Sys_Reli":"Reliable","SHS":1,"NHS":0,"LOCAL_NAME":"SR-805/DIXIE HWY","T_Max":1.3721040019999999,"Shape_Length":935.39771521839282}},{"type":"Feature","id":160,"geometry":{"type":"LineString","coordinates":[[-80.053461208742135,26.575228165502676],[-80.053381753397858,26.577042865968156],[-80.053338202734437,26.577760327165525],[-80.053322276809666,26.577869724828677]]},"properties":{"OBJECTID_1":160,"Sys_Reli":"Reliable","SHS":1,"NHS":0,"LOCAL_NAME":"DIXIE HWY","T_Max":1.6618469419999999,"Shape_Length":292.96896805226783}},{"type":"Feature","id":161,"geometry":{"type":"LineString","coordinates":[[-80.200785021135502,26.70921931083846],[-80.199045406489248,26.709172524741518],[-80.198370638300048,26.709162697763315],[-80.197446707745115,26.709149212617401],[-80.196416754952978,26.709127566226243],[-80.189811213931279,26.708963626912638],[-80.18565092159281,26.708857834095824],[-80.185108185172837,26.708842654353841],[-80.183981727712577,26.708797094735864],[-80.182560219918372,26.708764083051019],[-80.182333825187271,26.708758096834526]]},"properties":{"OBJECTID_1":161,"Sys_Reli":"Reliable","SHS":1,"NHS":1,"LOCAL_NAME":"OKEECHOBEE BLVD","T_Max":1.339704451,"Shape_Length":1836.2140899724429}},{"type":"Feature","id":162,"geometry":{"type":"LineString","coordinates":[[-80.094027066622118,26.915940949474351],[-80.093998083373535,26.916806476780188],[-80.093866311424321,26.920660227275047]]},"properties":{"OBJECTID_1":162,"Sys_Reli":"Reliable","SHS":1,"NHS":0,"LOCAL_NAME":"SR-811/OLD DIXIE HWY","T_Max":1.2575724230000001,"Shape_Length":522.99328428983665}},{"type":"Feature","id":163,"geometry":{"type":"LineString","coordinates":[[-80.052856228318518,26.736246954836592],[-80.054829198817927,26.736294643430753],[-80.056124826210009,26.736325948011775]]},"properties":{"OBJECTID_1":163,"Sys_Reli":"Reliable","SHS":1,"NHS":0,"LOCAL_NAME":"25TH STREET","T_Max":1.635076923,"Shape_Length":325.20082909662796}},{"type":"Feature","id":164,"geometry":{"type":"LineString","coordinates":[[-80.067613304157021,26.676026187718325],[-80.067534106136748,26.676024045467326],[-80.066839358472862,26.675999798771972]]},"properties":{"OBJECTID_1":164,"Sys_Reli":"Approaching Unreliability","SHS":1,"NHS":1,"LOCAL_NAME":"SOUTHERN BLVD","T_Max":2.0456056419999999,"Shape_Length":77.069911452914681}},{"type":"Feature","id":165,"geometry":{"type":"LineString","coordinates":[[-80.036038383202637,26.677768613209871],[-80.036038438453232,26.677812237131342]]},"properties":{"OBJECTID_1":165,"Sys_Reli":"Reliable","SHS":1,"NHS":0,"LOCAL_NAME":"OCEAN BLVD","T_Max":1.9548233340000001,"Shape_Length":4.8320825340097517}},{"type":"Feature","id":166,"geometry":{"type":"LineString","coordinates":[[-80.0650289556514,26.61640226969158],[-80.064991255337375,26.616406533395658],[-80.064942178136747,26.616419755189614],[-80.064910660410305,26.616435347665455],[-80.064889191600258,26.616451006184825],[-80.064809205854189,26.616347906521611],[-80.064728591804254,26.61626649151312],[-80.06463331845066,26.616201936243829],[-80.064523425649895,26.61615032895827],[-80.064410400647233,26.616127406660464],[-80.064302403187924,26.616119874578835],[-80.06425273697127,26.616117484034891],[-80.064139246453692,26.616112023822001],[-80.062279034352628,26.616047866467863],[-80.061307714794808,26.61602142620238],[-80.060331476252486,26.615994844802419],[-80.058873233345452,26.615955127904996],[-80.05836944104982,26.615941402749087],[-80.057355246256876,26.615913766965086]]},"properties":{"OBJECTID_1":166,"Sys_Reli":"Reliable","SHS":1,"NHS":0,"LOCAL_NAME":"LAKE AVE","T_Max":1.5479183160000001,"Shape_Length":779.80446360435985}},{"type":"Feature","id":167,"geometry":{"type":"LineString","coordinates":[[-80.049043064936086,26.705493422279478],[-80.048962253912322,26.705578650786588],[-80.048909262894,26.705650498044452],[-80.048869484559077,26.705704425219754],[-80.048805869890273,26.705875528866134],[-80.048774699226854,26.705997204609606],[-80.048763386193201,26.706148347930849],[-80.048483519310409,26.706119873992485]]},"properties":{"OBJECTID_1":167,"Sys_Reli":"Reliable","SHS":1,"NHS":0,"LOCAL_NAME":"S FLAGLER DR","T_Max":1.4685949380000001,"Shape_Length":107.72151264767353}},{"type":"Feature","id":168,"geometry":{"type":"LineString","coordinates":[[-80.09837830855237,26.801451820340542],[-80.098229802221951,26.805350781435596],[-80.098088551552067,26.808784920353869],[-80.097943274340238,26.812316454639237],[-80.097623254548608,26.820575449000099]]},"properties":{"OBJECTID_1":168,"Sys_Reli":"Reliable","SHS":1,"NHS":1,"LOCAL_NAME":"I-95","T_Max":1.517831124,"Shape_Length":2119.6015951777872}},{"type":"Feature","id":169,"geometry":{"type":"LineString","coordinates":[[-80.085137991880117,26.951841689050241],[-80.085130584004062,26.952253113484559],[-80.085130430886011,26.952292278549606]]},"properties":{"OBJECTID_1":169,"Sys_Reli":"Reliable","SHS":1,"NHS":1,"LOCAL_NAME":"US-1/SR5/FEDERAL HWY","T_Max":1.8281652939999999,"Shape_Length":49.91763406400819}},{"type":"Feature","id":170,"geometry":{"type":"LineString","coordinates":[[-80.090424878883439,26.331154560473919],[-80.090380603818431,26.331286467641995],[-80.090265865653066,26.331585541821305],[-80.090134380009346,26.331888818095553],[-80.089990180945009,26.332181659339192],[-80.089838426567454,26.332461766142199],[-80.089642855936063,26.332784225509485],[-80.08946952198076,26.333043467510382],[-80.089266611990709,26.333325560905948],[-80.089018874012524,26.333616587419275],[-80.088781473969476,26.333893846253172],[-80.088539178338934,26.334143431125995],[-80.087526157873583,26.335107102082524],[-80.087277036851816,26.33536824405666],[-80.087055021073624,26.335649185804453],[-80.086973239251677,26.335767911013996]]},"properties":{"OBJECTID_1":170,"Sys_Reli":"Reliable","SHS":1,"NHS":1,"LOCAL_NAME":"FEDERAL HWY","T_Max":1.41140599,"Shape_Length":622.81831428212047}},{"type":"Feature","id":171,"geometry":{"type":"LineString","coordinates":[[-80.557267802379954,26.360238595725107],[-80.560801852621566,26.364818590889666],[-80.569666304579613,26.37629744766183],[-80.57679446442458,26.38552766146859]]},"properties":{"OBJECTID_1":171,"Sys_Reli":"Reliable","SHS":1,"NHS":1,"LOCAL_NAME":"US-27","T_Max":1.147441369,"Shape_Length":3411.6460274499877}},{"type":"Feature","id":172,"geometry":{"type":"LineString","coordinates":[[-80.037746127024008,26.815563110497262],[-80.038000804505359,26.816133391694152],[-80.038416882945754,26.817389094998429],[-80.038521319545112,26.817659104611167],[-80.038682417133174,26.81793235549976],[-80.03890672118392,26.818227260437979],[-80.039191235694972,26.818498492331436],[-80.040052558402664,26.819183567586748],[-80.040999985629455,26.81994104314894],[-80.041255327205164,26.82011332970179],[-80.041540832745355,26.820267867775865],[-80.041873209770614,26.82040178110956],[-80.042418392069266,26.820611934043786],[-80.042647539294521,26.820727185708318],[-80.0428962182433,26.820899423390824],[-80.043068224911408,26.821068147606809],[-80.043226487916741,26.821284668112771],[-80.0433874519927,26.821575994354401],[-80.0434709323888,26.821784578059578]]},"properties":{"OBJECTID_1":172,"Sys_Reli":"Reliable","SHS":1,"NHS":0,"LOCAL_NAME":"N OCEAN BLVD","T_Max":1.1266678590000001,"Shape_Length":932.35809157718961}},{"type":"Feature","id":173,"geometry":{"type":"LineString","coordinates":[[-80.089809533861086,26.483800746366288],[-80.089810228874796,26.483831237541867],[-80.089829100885268,26.486702904005238]]},"properties":{"OBJECTID_1":173,"Sys_Reli":"Reliable","SHS":0,"NHS":1,"LOCAL_NAME":"CONGRESS AVE","T_Max":1.4204383279999999,"Shape_Length":321.45625798024264}},{"type":"Feature","id":174,"geometry":{"type":"LineString","coordinates":[[-80.208789324604837,26.680524841426557],[-80.208422841355144,26.680523361927598],[-80.207888287290487,26.680528434305913],[-80.207165548234158,26.680543179292332],[-80.205570651624498,26.680585237091236],[-80.205302442950725,26.680588408935332]]},"properties":{"OBJECTID_1":174,"Sys_Reli":"Reliable","SHS":1,"NHS":1,"LOCAL_NAME":"SOUTHERN BLVD","T_Max":1.5430085600000001,"Shape_Length":347.04302507177482}},{"type":"Feature","id":175,"geometry":{"type":"LineString","coordinates":[[-80.053656019112424,26.505754260298453],[-80.053650712065547,26.506045083855806],[-80.053623736221752,26.506814806574816]]},"properties":{"OBJECTID_1":175,"Sys_Reli":"Reliable","SHS":1,"NHS":0,"LOCAL_NAME":"OCEAN BLVD","T_Max":1.1916603370000001,"Shape_Length":117.51668890910426}},{"type":"Feature","id":176,"geometry":{"type":"LineString","coordinates":[[-80.14531533616848,26.651198655799384],[-80.145315110216131,26.651267179366823],[-80.145310758700106,26.653241373928125],[-80.145254454555484,26.657843612757326],[-80.145251491774417,26.658071769483751]]},"properties":{"OBJECTID_1":176,"Sys_Reli":"Approaching Unreliability","SHS":0,"NHS":1,"LOCAL_NAME":"JOG RD","T_Max":2.6450540299999998,"Shape_Length":761.32440385557231}},{"type":"Feature","id":177,"geometry":{"type":"LineString","coordinates":[[-80.712587546756296,26.656570811191365],[-80.712591081935273,26.656604089174635],[-80.712628451447884,26.656905638272676],[-80.712676032124364,26.657188946911219],[-80.71273387044495,26.657440287538986],[-80.712807721833016,26.657703234722973],[-80.712891399617462,26.657974477659717],[-80.712979436107119,26.658218749895823],[-80.713081706749449,26.658491315074183],[-80.713174125812699,26.658699621024173],[-80.713283601242793,26.658946506865185],[-80.713410252231327,26.659189571884859],[-80.714038593961121,26.66038280048895]]},"properties":{"OBJECTID_1":177,"Sys_Reli":"Reliable","SHS":1,"NHS":1,"LOCAL_NAME":"US-27","T_Max":1.28865096,"Shape_Length":449.16834135047759}},{"type":"Feature","id":178,"geometry":{"type":"LineString","coordinates":[[-80.07041311978125,26.655166357100942],[-80.07032725116126,26.655179850730299]]},"properties":{"OBJECTID_1":178,"Sys_Reli":"Approaching Unreliability","SHS":1,"NHS":1,"LOCAL_NAME":"FOREST HILL BLVD","T_Max":1.468530852,"Shape_Length":8.6759182943821287}},{"type":"Feature","id":179,"geometry":{"type":"LineString","coordinates":[[-80.175008841983583,26.453712413791177],[-80.174589311051946,26.453685148225375],[-80.17457321571726,26.453684089167655]]},"properties":{"OBJECTID_1":179,"Sys_Reli":"Reliable","SHS":1,"NHS":1,"LOCAL_NAME":"ATLANTIC AVE","T_Max":1.5924386500000001,"Shape_Length":43.54442589100541}},{"type":"Feature","id":180,"geometry":{"type":"LineString","coordinates":[[-80.124603013302064,26.368077447561134],[-80.124449774648099,26.368072856772436],[-80.123732406686003,26.368057718299969],[-80.123249058610838,26.368064172249415],[-80.122549255417781,26.368093475600364],[-80.12195384719216,26.368124767279149],[-80.12067344462001,26.368198874475116],[-80.119767702403834,26.368239002499671],[-80.119390298239949,26.368242054228265],[-80.118996556660278,26.36823426204516],[-80.118282317875,26.368198959733839],[-80.117730800169937,26.368147192205072],[-80.117194327163787,26.368078050105101],[-80.116601399362722,26.367980063028902],[-80.116279692843676,26.367916273594386],[-80.11574212140134,26.367794706548914],[-80.115121421647771,26.367622912498657],[-80.114788433417658,26.367527124397483],[-80.114759830654307,26.367517177581622]]},"properties":{"OBJECTID_1":180,"Sys_Reli":"Reliable","SHS":1,"NHS":1,"LOCAL_NAME":"GLADES RD","T_Max":1.469439629,"Shape_Length":991.76532610926574}},{"type":"Feature","id":181,"geometry":{"type":"LineString","coordinates":[[-80.110674249755434,26.716742891046497],[-80.110654058767992,26.717315185176552],[-80.110523876677718,26.721075095510891],[-80.110518718923643,26.721201085590884]]},"properties":{"OBJECTID_1":181,"Sys_Reli":"Approaching Unreliability","SHS":1,"NHS":1,"LOCAL_NAME":"SR809/MILITARY TRAIL","T_Max":2.816758219,"Shape_Length":494.05664896441505}},{"type":"Feature","id":182,"geometry":{"type":"LineString","coordinates":[[-80.112376491337173,26.651593395178523],[-80.112379230335833,26.651718366074739],[-80.112417871663553,26.653465391671372]]},"properties":{"OBJECTID_1":182,"Sys_Reli":"Approaching Unreliability","SHS":1,"NHS":1,"LOCAL_NAME":"MILITARY TR","T_Max":2.6388906400000001,"Shape_Length":207.39152708041797}},{"type":"Feature","id":183,"geometry":{"type":"LineString","coordinates":[[-80.690991220492009,26.790247049484385],[-80.692081165364996,26.792080694471398]]},"properties":{"OBJECTID_1":183,"Sys_Reli":"Reliable","SHS":1,"NHS":0,"LOCAL_NAME":"BACOM POINT RD","T_Max":1.126167736,"Shape_Length":230.17977358779936}},{"type":"Feature","id":184,"geometry":{"type":"LineString","coordinates":[[-80.204045834786299,26.419252426397428],[-80.204051008996458,26.419818999103665]]},"properties":{"OBJECTID_1":184,"Sys_Reli":"Reliable","SHS":1,"NHS":1,"LOCAL_NAME":"SR-7/US-441","T_Max":1.590847466,"Shape_Length":62.755010057466713}},{"type":"Feature","id":185,"geometry":{"type":"LineString","coordinates":[[-80.086211286672082,26.759679019703167],[-80.086156422575627,26.760537076742825],[-80.08612100106933,26.760980455954929],[-80.086102307499672,26.761199456475055],[-80.086108439348394,26.761429352504596],[-80.086124765533157,26.761629794711837],[-80.086164086627193,26.761821437313166],[-80.086238686516722,26.762085757847288],[-80.086321651221155,26.762300941147718],[-80.086415808114694,26.762486686929538],[-80.086535762253533,26.762686899603366],[-80.08668061839019,26.762887282580646],[-80.086841508155999,26.763076129547891],[-80.087497243337509,26.763803903609166],[-80.087652196174915,26.76399471842895]]},"properties":{"OBJECTID_1":185,"Sys_Reli":"Reliable","SHS":0,"NHS":1,"LOCAL_NAME":"CONGRESS AVE","T_Max":2.1913006359999998,"Shape_Length":523.9264781774765}},{"type":"Feature","id":186,"geometry":{"type":"LineString","coordinates":[[-80.66790462721977,26.682077271973132],[-80.667889534217551,26.682109387729842],[-80.667866986634294,26.682173006881452]]},"properties":{"OBJECTID_1":186,"Sys_Reli":"Reliable","SHS":1,"NHS":0,"LOCAL_NAME":"S MAIN ST","T_Max":1.45458124,"Shape_Length":11.255675432526617}},{"type":"Feature","id":187,"geometry":{"type":"LineString","coordinates":[[-80.070195008313945,26.360789912585524],[-80.070156590831388,26.361063429991507]]},"properties":{"OBJECTID_1":187,"Sys_Reli":"Reliable","SHS":1,"NHS":0,"LOCAL_NAME":"OCEAN BLVD","T_Max":1.334190548,"Shape_Length":30.53661935563758}},{"type":"Feature","id":188,"geometry":{"type":"LineString","coordinates":[[-80.14641548580876,26.421609784383485],[-80.146446577882486,26.424220412284967],[-80.146478374342095,26.431842987393694],[-80.146486620014556,26.43430102739627]]},"properties":{"OBJECTID_1":188,"Sys_Reli":"Reliable","SHS":0,"NHS":1,"LOCAL_NAME":"JOG RD","T_Max":1.3549998059999999,"Shape_Length":1405.7081543557658}},{"type":"Feature","id":189,"geometry":{"type":"LineString","coordinates":[[-80.067020160055122,26.782115484630268],[-80.066828945509201,26.78222019044879],[-80.066814868451033,26.782229722635719]]},"properties":{"OBJECTID_1":189,"Sys_Reli":"Reliable","SHS":1,"NHS":1,"LOCAL_NAME":"BLUE HERON BLVD","T_Max":1.608945584,"Shape_Length":24.021636063386552}},{"type":"Feature","id":190,"geometry":{"type":"LineString","coordinates":[[-80.354146758327573,26.684767201964938],[-80.351238974747574,26.684682461921952],[-80.346794135503998,26.684552759594272],[-80.343915964715393,26.684469643731333],[-80.338641335365068,26.684314586530757],[-80.334392572247296,26.684189966975033],[-80.332105215792211,26.684126116896639]]},"properties":{"OBJECTID_1":190,"Sys_Reli":"Reliable","SHS":1,"NHS":1,"LOCAL_NAME":"SOUTHERN BLVD","T_Max":1.137706916,"Shape_Length":2194.1918801495267}},{"type":"Feature","id":191,"geometry":{"type":"LineString","coordinates":[[-80.055212868141183,26.763087117563906],[-80.055215208794564,26.763898581734207],[-80.0552056594194,26.76391996718333],[-80.055160055817936,26.764022140933413],[-80.055165602498235,26.764311459178309],[-80.055197930733868,26.76481331907236],[-80.055213638134589,26.765057099268908],[-80.055255041313117,26.765806262994261],[-80.055272816782448,26.766214643001469],[-80.05528006543905,26.76661701770017],[-80.055288191524426,26.767231844336923],[-80.055281781032178,26.768006787698262],[-80.055258980790455,26.768845708076768],[-80.055234195703719,26.769443702401226],[-80.055193679573506,26.770026153637421],[-80.055158393454306,26.770455543855469],[-80.055148123448959,26.7705690387209],[-80.055106010858253,26.771034365976465],[-80.055075442248224,26.771451233010374],[-80.055123521596087,26.771625265210307]]},"properties":{"OBJECTID_1":191,"Sys_Reli":"Reliable","SHS":1,"NHS":0,"LOCAL_NAME":"US-1 SKYPASS BRIDGE","T_Max":1.551521194,"Shape_Length":948.32400848753832}},{"type":"Feature","id":192,"geometry":{"type":"LineString","coordinates":[[-80.658616885137164,26.827872419490102],[-80.658443572021639,26.827971683748416],[-80.657471124824369,26.828612631192001],[-80.656699610389879,26.829154743562203],[-80.655717491966627,26.829865624177316],[-80.654428195677426,26.830800583681231]]},"properties":{"OBJECTID_1":192,"Sys_Reli":"Reliable","SHS":1,"NHS":0,"LOCAL_NAME":"E MAIN ST","T_Max":1.200490136,"Shape_Length":527.83340849558783}},{"type":"Feature","id":193,"geometry":{"type":"LineString","coordinates":[[-80.045559380970872,26.718237472219208],[-80.048174574421623,26.718330233308215],[-80.048270033286116,26.718335385015781],[-80.050277455705611,26.718408547069568],[-80.050470431752942,26.718415579615712],[-80.050923450505238,26.718416355199366],[-80.05157362320692,26.718418999800512]]},"properties":{"OBJECTID_1":193,"Sys_Reli":"Approaching Unreliability","SHS":1,"NHS":0,"LOCAL_NAME":"ROYAL PINCIANA WAY","T_Max":1.736379103,"Shape_Length":598.65066157711283}},{"type":"Feature","id":194,"geometry":{"type":"LineString","coordinates":[[-80.141344395219008,26.70736678527355],[-80.141073268073455,26.70767192124665],[-80.141021830080675,26.707729808568249]]},"properties":{"OBJECTID_1":194,"Sys_Reli":"Approaching Unreliability","SHS":1,"NHS":1,"LOCAL_NAME":"TURNPIKE MAINLINE","T_Max":2.797201619,"Shape_Length":51.444479337593535}},{"type":"Feature","id":195,"geometry":{"type":"LineString","coordinates":[[-80.141788722150579,26.934296367419435],[-80.141701148613009,26.934297495960319],[-80.139943581973924,26.93433080043269],[-80.139695469437569,26.934347343263436],[-80.139601375791884,26.934350474705496]]},"properties":{"OBJECTID_1":195,"Sys_Reli":"Reliable","SHS":1,"NHS":1,"LOCAL_NAME":"INDIANTOWN RD","T_Max":1.745513103,"Shape_Length":217.27783014842754}},{"type":"Feature","id":196,"geometry":{"type":"LineString","coordinates":[[-80.068818237082652,26.64266211316243],[-80.068781422103868,26.643329084799916],[-80.068216771437335,26.646456226668647]]},"properties":{"OBJECTID_1":196,"Sys_Reli":"Reliable","SHS":1,"NHS":1,"LOCAL_NAME":"I-95","T_Max":1.5342954209999999,"Shape_Length":424.87734348941194}},{"type":"Feature","id":197,"geometry":{"type":"LineString","coordinates":[[-80.05492850882635,26.673053790419708],[-80.054836287125866,26.674299487584417],[-80.054729329554391,26.675699819203658]]},"properties":{"OBJECTID_1":197,"Sys_Reli":"Reliable","SHS":1,"NHS":0,"LOCAL_NAME":"SR-805/DIXIE HWY","T_Max":1.372102564,"Shape_Length":293.76012537996689}},{"type":"Feature","id":198,"geometry":{"type":"LineString","coordinates":[[-80.058938540100002,26.513893136314881],[-80.058936353335838,26.513938080092839],[-80.058923039914191,26.514560246606059],[-80.058894358589782,26.51588169797094],[-80.058876723767767,26.516184435471654],[-80.058844653622657,26.516531960961288],[-80.058798222084832,26.516915430615967],[-80.058727524808859,26.517353285615552],[-80.058653023851491,26.517725854034122],[-80.058520925466098,26.518257790175706],[-80.058075283400896,26.51992826567238],[-80.058023428531101,26.520133490589501]]},"properties":{"OBJECTID_1":198,"Sys_Reli":"Reliable","SHS":1,"NHS":0,"LOCAL_NAME":"DIXIE HWY","T_Max":1.343568053,"Shape_Length":700.13745959728328}},{"type":"Feature","id":199,"geometry":{"type":"LineString","coordinates":[[-80.81419091405634,26.695914608916642],[-80.807331704074599,26.69594138695912]]},"properties":{"OBJECTID_1":199,"Sys_Reli":"Reliable","SHS":1,"NHS":1,"LOCAL_NAME":"US-27","T_Max":1.170458225,"Shape_Length":682.36809711680655}},{"type":"Feature","id":200,"geometry":{"type":"LineString","coordinates":[[-80.051596094892389,26.724316162392284],[-80.051593322337681,26.724397500630293],[-80.051648277772884,26.724399086805143]]},"properties":{"OBJECTID_1":200,"Sys_Reli":"Approaching Unreliability","SHS":0,"NHS":1,"LOCAL_NAME":"N OLIVE AVE","T_Max":2.6884318629999999,"Shape_Length":14.482882817359837}},{"type":"Feature","id":201,"geometry":{"type":"LineString","coordinates":[[-80.090504371566652,26.531806467548556],[-80.090511429246646,26.532057846240672],[-80.090541152385015,26.53373740407223],[-80.090574695051316,26.53549319545445],[-80.090612854829018,26.537457179612268],[-80.090647511089642,26.539397684880154],[-80.090682052666196,26.541067214068736],[-80.090683692833423,26.542637442612556],[-80.090703625972225,26.543463644103571],[-80.090681238431273,26.544626617114869],[-80.090636989282714,26.546323415890491],[-80.090634204690573,26.546487461961842],[-80.09063302387446,26.54655686271683]]},"properties":{"OBJECTID_1":201,"Sys_Reli":"Reliable","SHS":0,"NHS":1,"LOCAL_NAME":"CONGRESS AVE","T_Max":1.568261863,"Shape_Length":1634.0510328534222}},{"type":"Feature","id":202,"geometry":{"type":"LineString","coordinates":[[-80.64755601159564,26.726096695218196],[-80.639337983053707,26.726088375583622],[-80.638375650547331,26.726098187136287],[-80.636101682038429,26.726171435641572],[-80.634952472687715,26.726177047211603]]},"properties":{"OBJECTID_1":202,"Sys_Reli":"Reliable","SHS":1,"NHS":1,"LOCAL_NAME":"SR-80","T_Max":1.1601199149999999,"Shape_Length":1253.6512913243716}},{"type":"Feature","id":203,"geometry":{"type":"LineString","coordinates":[[-80.054995516688251,26.710445772801737],[-80.054923724710662,26.71329542273746],[-80.054980262583598,26.713401191129684],[-80.054977952473948,26.713470098114488]]},"properties":{"OBJECTID_1":203,"Sys_Reli":"Approaching Unreliability","SHS":1,"NHS":0,"LOCAL_NAME":"QUADRILLE BLVD","T_Max":1.7321755029999999,"Shape_Length":336.35903578635168}},{"type":"Feature","id":204,"geometry":{"type":"LineString","coordinates":[[-80.643835620919717,26.844523278645767],[-80.643088052009361,26.845594888253952]]},"properties":{"OBJECTID_1":204,"Sys_Reli":"Reliable","SHS":1,"NHS":0,"LOCAL_NAME":"E MAIN ST","T_Max":1.248430237,"Shape_Length":140.01328193015019}},{"type":"Feature","id":205,"geometry":{"type":"LineString","coordinates":[[-80.128726357141744,26.350660371234952],[-80.128727234552301,26.350727579614357],[-80.128729022266498,26.350863892615958]]},"properties":{"OBJECTID_1":205,"Sys_Reli":"Reliable","SHS":0,"NHS":1,"LOCAL_NAME":"MILITARY TR","T_Max":1.5804512559999999,"Shape_Length":22.543477462116357}},{"type":"Feature","id":206,"geometry":{"type":"LineString","coordinates":[[-80.138782313366676,26.710869997872919],[-80.138738145386441,26.710946535844702],[-80.138711224688777,26.710993189896428],[-80.138105137390326,26.712043406954045],[-80.137668548906149,26.712971396107267],[-80.137656817847031,26.712998108322271]]},"properties":{"OBJECTID_1":206,"Sys_Reli":"Approaching Unreliability","SHS":1,"NHS":1,"LOCAL_NAME":"TURNPIKE MAINLINE","T_Max":2.2405660300000001,"Shape_Length":261.15921865764221}},{"type":"Feature","id":207,"geometry":{"type":"LineString","coordinates":[[-80.0642474785095,26.528923780853766],[-80.064174796644593,26.528923575624408],[-80.062138620951842,26.52891535670669],[-80.058215137089348,26.528899434837779],[-80.058093325601234,26.528898938126442]]},"properties":{"OBJECTID_1":207,"Sys_Reli":"Reliable","SHS":1,"NHS":0,"LOCAL_NAME":"BOYNTON BCH BLVD","T_Max":1.6577949160000001,"Shape_Length":613.18156471166651}},{"type":"Feature","id":208,"geometry":{"type":"LineString","coordinates":[[-80.68643776706682,26.678266447634165],[-80.686423599976536,26.67831120614893],[-80.686277015152314,26.678622376775881],[-80.686128713898952,26.67887260542653],[-80.684505435609552,26.681454712810432]]},"properties":{"OBJECTID_1":208,"Sys_Reli":"Reliable","SHS":1,"NHS":0,"LOCAL_NAME":"SW 16 ST","T_Max":1.3250375299999999,"Shape_Length":402.41168457136399}},{"type":"Feature","id":209,"geometry":{"type":"LineString","coordinates":[[-80.072976486449036,26.52892862676768],[-80.073252018741243,26.533372039853287],[-80.073370050583605,26.535546407646429],[-80.073318333611866,26.536674626892157],[-80.073174175055499,26.537438855369814],[-80.071256041110331,26.545348849724771],[-80.070108359898157,26.550117411943607],[-80.07003320591933,26.55060774868689]]},"properties":{"OBJECTID_1":209,"Sys_Reli":"Approaching Unreliability","SHS":1,"NHS":1,"LOCAL_NAME":"I-95","T_Max":1.825977575,"Shape_Length":2436.9710807297274}},{"type":"Feature","id":210,"geometry":{"type":"LineString","coordinates":[[-80.056910247103033,26.628758633342237],[-80.056865619571596,26.629969646055347],[-80.056821212103969,26.631174612819763],[-80.05656633572157,26.638675720409147],[-80.056499701599293,26.640519311342523],[-80.056496519739014,26.640677287579361]]},"properties":{"OBJECTID_1":210,"Sys_Reli":"Reliable","SHS":1,"NHS":0,"LOCAL_NAME":"SR-805/DIXIE HWY","T_Max":1.437972255,"Shape_Length":1320.8207582416665}},{"type":"Feature","id":211,"geometry":{"type":"LineString","coordinates":[[-80.055216768361731,26.55361836197147],[-80.054819284826308,26.556090050393877],[-80.054596009298436,26.557470267341312],[-80.05409718452907,26.560592490685668],[-80.054032272085806,26.561023509441757],[-80.05399033661736,26.561401725461732],[-80.053953538770287,26.561764211955506],[-80.053921371186917,26.562324980400248],[-80.053710135062317,26.567149427635108],[-80.05357107969526,26.570299083551458]]},"properties":{"OBJECTID_1":211,"Sys_Reli":"Reliable","SHS":1,"NHS":0,"LOCAL_NAME":"DIXIE HWY","T_Max":1.2404685049999999,"Shape_Length":1857.2226211373757}},{"type":"Feature","id":212,"geometry":{"type":"LineString","coordinates":[[-80.807331704074599,26.69594138695912],[-80.807288025087033,26.695941556115191],[-80.803878256402925,26.695954100972909],[-80.803465009133035,26.695970755003092]]},"properties":{"OBJECTID_1":212,"Sys_Reli":"Reliable","SHS":1,"NHS":1,"LOCAL_NAME":"US-27","T_Max":1.160483457,"Shape_Length":384.70727816348563}},{"type":"Feature","id":213,"geometry":{"type":"LineString","coordinates":[[-80.053222608300445,26.724444493194213],[-80.053265905273264,26.722996088620221]]},"properties":{"OBJECTID_1":213,"Sys_Reli":"Reliable","SHS":1,"NHS":0,"LOCAL_NAME":"N DIXIE HWY","T_Max":1.5613927919999999,"Shape_Length":160.49321865219093}},{"type":"Feature","id":214,"geometry":{"type":"LineString","coordinates":[[-80.090049334948006,26.50668423436143],[-80.090138314052467,26.51139056794992],[-80.090158440926473,26.513136247385372],[-80.090158277892229,26.513195779543647]]},"properties":{"OBJECTID_1":214,"Sys_Reli":"Reliable","SHS":0,"NHS":1,"LOCAL_NAME":"CONGRESS AVE","T_Max":1.5933761790000001,"Shape_Length":721.32270895560998}},{"type":"Feature","id":215,"geometry":{"type":"LineString","coordinates":[[-80.049192133926482,26.67553065759957],[-80.048638810597382,26.675506585102106],[-80.046419522982617,26.675399369654414]]},"properties":{"OBJECTID_1":215,"Sys_Reli":"Approaching Unreliability","SHS":1,"NHS":0,"LOCAL_NAME":"SOUTHERN BLVD","T_Max":2.146597055,"Shape_Length":276.28458512916529}},{"type":"Feature","id":216,"geometry":{"type":"LineString","coordinates":[[-80.038692634433829,26.616831609208656],[-80.038709158210111,26.618080994421405]]},"properties":{"OBJECTID_1":216,"Sys_Reli":"Reliable","SHS":1,"NHS":0,"LOCAL_NAME":"OCEAN BLVD","T_Max":1.2371425579999999,"Shape_Length":138.3988553168069}},{"type":"Feature","id":217,"geometry":{"type":"LineString","coordinates":[[-80.155584989816205,26.934796283614748],[-80.155526510754996,26.934794428679027],[-80.155053404354277,26.934774448646067],[-80.154224347349583,26.934736607993788],[-80.153368563453299,26.934684040715105],[-80.152882894574205,26.934656630983373]]},"properties":{"OBJECTID_1":217,"Sys_Reli":"Reliable","SHS":1,"NHS":1,"LOCAL_NAME":"INDIANTOWN RD","T_Max":2.0040166099999999,"Shape_Length":268.72402976668752}},{"type":"Feature","id":218,"geometry":{"type":"LineString","coordinates":[[-80.055239717597132,26.706404164030261],[-80.055386826155782,26.706402567384934],[-80.055650148774319,26.706393492940826],[-80.055990439169847,26.706365360332878],[-80.056421145081217,26.706317561422374],[-80.057240786890759,26.70617664125184]]},"properties":{"OBJECTID_1":218,"Sys_Reli":"Reliable","SHS":1,"NHS":1,"LOCAL_NAME":"OKEECHOBEE BLVD","T_Max":1.579508197,"Shape_Length":201.0412138412139}},{"type":"Feature","id":219,"geometry":{"type":"LineString","coordinates":[[-80.204016402830348,26.636241786203435],[-80.20390861939174,26.638738476892669],[-80.20367670635369,26.643503446697174],[-80.203365722181061,26.650640242343474],[-80.203361329121165,26.650730168827714]]},"properties":{"OBJECTID_1":219,"Sys_Reli":"Reliable","SHS":1,"NHS":1,"LOCAL_NAME":"SR-7/US-441","T_Max":1.884665958,"Shape_Length":1606.093239535807}},{"type":"Feature","id":220,"geometry":{"type":"LineString","coordinates":[[-80.073879782388431,26.920400514232661],[-80.074403225557973,26.921511340452678],[-80.076383421162532,26.925717825311917],[-80.077123168187967,26.927197541358957],[-80.077841865960877,26.928525974826229],[-80.078706637546546,26.930112235430229]]},"properties":{"OBJECTID_1":220,"Sys_Reli":"Reliable","SHS":1,"NHS":1,"LOCAL_NAME":"US-1/SR5/FEDERAL HWY","T_Max":1.209082293,"Shape_Length":1178.0253561410807}},{"type":"Feature","id":221,"geometry":{"type":"LineString","coordinates":[[-80.088057041368202,26.666315941303328],[-80.08805104700248,26.66643653581011],[-80.08799144587303,26.667391800468419],[-80.087920886884007,26.668691141033769],[-80.087852603229706,26.669868155735525],[-80.087737138618138,26.671874152442921],[-80.087716718543021,26.672427104679485]]},"properties":{"OBJECTID_1":221,"Sys_Reli":"Reliable","SHS":1,"NHS":1,"LOCAL_NAME":"CONGRESS AVE","T_Max":1.9932275100000001,"Shape_Length":677.76294798183483}},{"type":"Feature","id":222,"geometry":{"type":"LineString","coordinates":[[-80.119878684212225,26.350654653214402],[-80.119500782590649,26.350657491095138],[-80.11834267250785,26.350658072988811],[-80.117976312622531,26.350655100145872]]},"properties":{"OBJECTID_1":222,"Sys_Reli":"Reliable","SHS":0,"NHS":1,"LOCAL_NAME":"PALMETTO PARK RD","T_Max":1.5512442829999999,"Shape_Length":189.8370673882724}},{"type":"Feature","id":223,"geometry":{"type":"LineString","coordinates":[[-80.106306517736343,26.808969176127185],[-80.106302953499807,26.809038531605427],[-80.106278896449751,26.809506272546272],[-80.10625765622693,26.810010343485146],[-80.10625052447989,26.81069912525609],[-80.106235846912384,26.811468529719836],[-80.1062150117166,26.811961007268931]]},"properties":{"OBJECTID_1":223,"Sys_Reli":"Reliable","SHS":1,"NHS":1,"LOCAL_NAME":"SR809/MILITARY TRAIL","T_Max":1.549127197,"Shape_Length":331.55448461727474}},{"type":"Feature","id":224,"geometry":{"type":"LineString","coordinates":[[-80.060807080914373,26.844094544380354],[-80.061174735014148,26.844116302648754],[-80.061274666525165,26.844122216668783]]},"properties":{"OBJECTID_1":224,"Sys_Reli":"Reliable","SHS":1,"NHS":0,"LOCAL_NAME":"SR A1A/JACK NICLAUS","T_Max":1.3518270290000001,"Shape_Length":46.561391784925121}},{"type":"Feature","id":225,"geometry":{"type":"LineString","coordinates":[[-80.170167942632773,26.32819846553457],[-80.170204579801947,26.331522625828022],[-80.170480537116745,26.350204468264227],[-80.170500777334368,26.351906420324696],[-80.170562322847587,26.35697647420254],[-80.170685704916224,26.364881932860083],[-80.170742531463716,26.367805344729682],[-80.170743107485194,26.367869853585379],[-80.170745980163289,26.368189365031061]]},"properties":{"OBJECTID_1":225,"Sys_Reli":"Reliable","SHS":1,"NHS":1,"LOCAL_NAME":"TURNPIKE MAINLINE","T_Max":1.7304357109999999,"Shape_Length":4429.7117204663746}},{"type":"Feature","id":226,"geometry":{"type":"LineString","coordinates":[[-80.05443047163331,26.489818353837613],[-80.054153926784807,26.491076929775307],[-80.054112630175325,26.491449088849343],[-80.054142282898638,26.49188716474405],[-80.054249662072678,26.492941946891722],[-80.0542417105422,26.493300783208106],[-80.054190523838983,26.493654811530181],[-80.054115213197974,26.494198281012302],[-80.053977268133821,26.495039269178591],[-80.053872056841428,26.495480973267103],[-80.053473766492445,26.496868713478822],[-80.053344630798023,26.497398280662487],[-80.053245404199288,26.497873878777494],[-80.053233246539946,26.497947025476527]]},"properties":{"OBJECTID_1":226,"Sys_Reli":"Reliable","SHS":1,"NHS":0,"LOCAL_NAME":"OCEAN BLVD","T_Max":1.1916603370000001,"Shape_Length":914.21581713566934}},{"type":"Feature","id":227,"geometry":{"type":"LineString","coordinates":[[-80.15890624854444,26.839837281497939],[-80.156544206990375,26.839774153048936],[-80.156461664352719,26.839773594033353]]},"properties":{"OBJECTID_1":227,"Sys_Reli":"Reliable","SHS":1,"NHS":0,"LOCAL_NAME":"PGA BLVD","T_Max":1.2622986439999999,"Shape_Length":243.00800153228263}},{"type":"Feature","id":228,"geometry":{"type":"LineString","coordinates":[[-80.680192939340813,26.518882922083293],[-80.680480542947677,26.519251898853518]]},"properties":{"OBJECTID_1":228,"Sys_Reli":"Reliable","SHS":1,"NHS":1,"LOCAL_NAME":"US-27","T_Max":1.147441369,"Shape_Length":49.910969925066816}},{"type":"Feature","id":229,"geometry":{"type":"LineString","coordinates":[[-80.05211164820561,26.624682184465879],[-80.052079261175066,26.625626103434957]]},"properties":{"OBJECTID_1":229,"Sys_Reli":"Reliable","SHS":1,"NHS":0,"LOCAL_NAME":"FEDERAL HWY","T_Max":1.4247782360000001,"Shape_Length":104.60336988475628}},{"type":"Feature","id":230,"geometry":{"type":"LineString","coordinates":[[-80.17457321571726,26.453684089167655],[-80.174309253863129,26.453666723080929],[-80.173941664000708,26.453653087586243],[-80.17363007308154,26.453645092056039],[-80.173231903259079,26.453644564531363],[-80.172782690666352,26.453649212690799],[-80.172662406691515,26.453650459213208],[-80.171970468518964,26.453657610340883],[-80.171207529559581,26.45366115733411],[-80.169700331574219,26.453671871555851],[-80.166649632667998,26.453679780972013],[-80.164930201825428,26.453673286493895],[-80.163726718624218,26.453677815048877]]},"properties":{"OBJECTID_1":230,"Sys_Reli":"Reliable","SHS":1,"NHS":1,"LOCAL_NAME":"ATLANTIC AVE","T_Max":1.6373633409999999,"Shape_Length":1081.5122844468801}},{"type":"Feature","id":231,"geometry":{"type":"LineString","coordinates":[[-80.062505889341111,26.844167833347317],[-80.061363175939348,26.844080656533606],[-80.061274666525165,26.844122216668783]]},"properties":{"OBJECTID_1":231,"Sys_Reli":"Reliable","SHS":1,"NHS":1,"LOCAL_NAME":"PGA BLVD","T_Max":1.6920452500000001,"Shape_Length":123.87902352244028}},{"type":"Feature","id":232,"geometry":{"type":"LineString","coordinates":[[-80.627094037512379,26.869317433777052],[-80.626848944819315,26.869624688280854]]},"properties":{"OBJECTID_1":232,"Sys_Reli":"Reliable","SHS":1,"NHS":0,"LOCAL_NAME":"LAKESHORE DR","T_Max":1.309743227,"Shape_Length":41.842789358981214}},{"type":"Feature","id":233,"geometry":{"type":"LineString","coordinates":[[-80.054846214584359,26.783415529928334],[-80.051124663677115,26.783317969124987],[-80.049901923592103,26.783263392254113],[-80.04923886164984,26.783238632906727],[-80.048790453868961,26.783181458333743],[-80.048377326601596,26.783115485817358],[-80.048026387725002,26.783086059705209],[-80.047647689877905,26.78305786893965],[-80.047112719497235,26.783047578791351],[-80.045200892134261,26.783112879132581],[-80.043941243776487,26.783160222111103],[-80.043562748568036,26.7831867051285],[-80.043243886798237,26.783224758599516],[-80.042740546687838,26.78329953167886],[-80.042119892644138,26.783415953610469],[-80.041686313409187,26.783482255881452],[-80.041335136704106,26.783515620196127],[-80.040864520902232,26.783545936900495],[-80.038980741669633,26.783609061526896]]},"properties":{"OBJECTID_1":233,"Sys_Reli":"Reliable","SHS":1,"NHS":0,"LOCAL_NAME":"BLUE HERON BLVD","T_Max":1.3685430430000001,"Shape_Length":1582.7495980631866}},{"type":"Feature","id":234,"geometry":{"type":"LineString","coordinates":[[-80.682769207356785,26.752056028015229],[-80.682990341308582,26.75258689952333]]},"properties":{"OBJECTID_1":234,"Sys_Reli":"Reliable","SHS":1,"NHS":0,"LOCAL_NAME":"BACOM POINT RD","T_Max":1.126167736,"Shape_Length":62.774395401780069}},{"type":"Feature","id":235,"geometry":{"type":"LineString","coordinates":[[-80.204751497790113,26.48444328084349],[-80.204929454655073,26.494885652411501],[-80.205069189000326,26.505902221141969]]},"properties":{"OBJECTID_1":235,"Sys_Reli":"Reliable","SHS":1,"NHS":1,"LOCAL_NAME":"SR-7/US-441","T_Max":1.12901421,"Shape_Length":2377.0055137727163}},{"type":"Feature","id":236,"geometry":{"type":"LineString","coordinates":[[-80.162808132646575,26.350242660373233],[-80.156055834504158,26.350266945414376],[-80.155265079577589,26.350270505888389],[-80.154657917729494,26.350266279091041],[-80.154113472993188,26.350268309531263],[-80.153971448286683,26.350272343767031],[-80.153905267783841,26.350274223688722]]},"properties":{"OBJECTID_1":236,"Sys_Reli":"Reliable","SHS":0,"NHS":1,"LOCAL_NAME":"PALMETTO PARK RD","T_Max":1.6746790620000001,"Shape_Length":888.41553449331604}},{"type":"Feature","id":237,"geometry":{"type":"LineString","coordinates":[[-80.658882561290582,26.726115931922863],[-80.658861513947969,26.726116516947336],[-80.652793615642565,26.726098738028146],[-80.65134708282261,26.726100371368055],[-80.651277507213536,26.726100304203928]]},"properties":{"OBJECTID_1":237,"Sys_Reli":"Reliable","SHS":1,"NHS":1,"LOCAL_NAME":"SR-80","T_Max":1.2324735170000001,"Shape_Length":756.3716325346636}},{"type":"Feature","id":238,"geometry":{"type":"LineString","coordinates":[[-80.1058223355042,26.783373665901227],[-80.103314191061429,26.783302995913129],[-80.102787471443136,26.783285878347506],[-80.102236660920042,26.78326140254142]]},"properties":{"OBJECTID_1":238,"Sys_Reli":"Reliable","SHS":1,"NHS":1,"LOCAL_NAME":"BLUE HERON BLVD","T_Max":2.0666128690000001,"Shape_Length":356.69183934433352}},{"type":"Feature","id":239,"geometry":{"type":"LineString","coordinates":[[-80.14605348381258,26.392959339189414],[-80.146086565211462,26.394072607963288],[-80.146090631278426,26.394209307718825],[-80.146090961281246,26.39422386494434]]},"properties":{"OBJECTID_1":239,"Sys_Reli":"Reliable","SHS":0,"NHS":1,"LOCAL_NAME":"JOG RD","T_Max":1.843682117,"Shape_Length":140.10835908664617}},{"type":"Feature","id":240,"geometry":{"type":"LineString","coordinates":[[-80.068055171827595,26.461716969837951],[-80.06805407835121,26.461655949531096],[-80.068005951704123,26.459852536169937],[-80.067892867266053,26.454432409169073],[-80.067948375398515,26.447067713544449],[-80.067947513999187,26.446629823909511],[-80.067964964829869,26.446408736760947],[-80.068018845221886,26.445867370982167],[-80.068103902539107,26.445423264728376],[-80.068207001380685,26.444997342201759],[-80.068304869494668,26.444675208677019],[-80.068487359301784,26.44419788189477],[-80.068593478782191,26.443941259986548],[-80.06878659933615,26.443545257416702],[-80.069020680016621,26.443142199189992]]},"properties":{"OBJECTID_1":240,"Sys_Reli":"Reliable","SHS":1,"NHS":0,"LOCAL_NAME":"NE 5TH AVE","T_Max":1.2582304049999999,"Shape_Length":2075.7383075483867}},{"type":"Feature","id":241,"geometry":{"type":"LineString","coordinates":[[-80.234329559450785,26.681270217475195],[-80.234248893748386,26.681267861332504]]},"properties":{"OBJECTID_1":241,"Sys_Reli":"Reliable","SHS":1,"NHS":1,"LOCAL_NAME":"SOUTHERN BLVD","T_Max":1.380288746,"Shape_Length":8.030519979244632}},{"type":"Feature","id":242,"geometry":{"type":"LineString","coordinates":[[-80.054939520895957,26.716255260128534],[-80.054943217264054,26.716294725432196],[-80.055088935720804,26.717425616447404],[-80.055090838262743,26.717586638385178],[-80.055055304480533,26.717782216609418],[-80.054968225986272,26.717960045126777],[-80.054848998436256,26.718120251229472],[-80.054718817524289,26.718236876365939],[-80.054545112300659,26.718344504559774],[-80.054350612133774,26.718425885243775],[-80.054141875156105,26.718472355239534],[-80.053925332329243,26.718485416326992],[-80.053401153343771,26.718471270683558]]},"properties":{"OBJECTID_1":242,"Sys_Reli":"Approaching Unreliability","SHS":1,"NHS":0,"LOCAL_NAME":"QUADRILLE BLVD","T_Max":2.8125328569999999,"Shape_Length":368.90960100863992}},{"type":"Feature","id":243,"geometry":{"type":"LineString","coordinates":[[-80.665609899053976,26.815769607295923],[-80.66558659349721,26.816606079323769],[-80.665591717747688,26.817338386161403]]},"properties":{"OBJECTID_1":243,"Sys_Reli":"Reliable","SHS":1,"NHS":0,"LOCAL_NAME":"S LAKE AVE","T_Max":1.1806058269999999,"Shape_Length":173.78508838365872}},{"type":"Feature","id":244,"geometry":{"type":"LineString","coordinates":[[-80.125396233302894,26.36273981325645],[-80.1249866525811,26.362996461354243],[-80.122857967705016,26.364367463051654],[-80.122552862660697,26.364617652580304],[-80.122344784674851,26.364821692397186],[-80.122136620813691,26.365035809263681],[-80.121937374053857,26.365281145037013],[-80.121770836292185,26.365507432697306],[-80.121623601038777,26.365736594115099],[-80.121512173511519,26.365940308985955],[-80.121375801553029,26.366213526649634],[-80.121269930282338,26.366489676062411],[-80.121192889700879,26.366721097803584],[-80.12112905459081,26.366955347082193],[-80.121072911643338,26.367247389625259],[-80.121040171908987,26.367540491294047],[-80.121033283073601,26.367779674812791],[-80.1210431916913,26.370774168293451],[-80.121042500594285,26.372265925206428],[-80.12106622063952,26.377818140749849],[-80.121058723259011,26.379347843760826],[-80.12106568396554,26.380176462696259],[-80.121079193769802,26.380945551960703],[-80.12108177040318,26.381101519318229],[-80.121184844901535,26.38702212713827],[-80.121189955487367,26.387290969927786],[-80.121194368731992,26.387539103748434]]},"properties":{"OBJECTID_1":244,"Sys_Reli":"Reliable","SHS":0,"NHS":1,"LOCAL_NAME":"MILITARY TR","T_Max":1.53517744,"Shape_Length":2932.111457806056}},{"type":"Feature","id":245,"geometry":{"type":"LineString","coordinates":[[-80.129918713980956,26.839868589731065],[-80.129876857225327,26.84094841118138],[-80.129784555642274,26.843313234570282],[-80.129768635112356,26.843729108856024]]},"properties":{"OBJECTID_1":245,"Sys_Reli":"Reliable","SHS":1,"NHS":1,"LOCAL_NAME":"TURNPIKE MAINLINE","T_Max":1.665707515,"Shape_Length":427.87783765235116}},{"type":"Feature","id":246,"geometry":{"type":"LineString","coordinates":[[-80.05802452757294,26.527246320960888],[-80.058021854406988,26.527112728150872],[-80.05445541191996,26.527095837150025]]},"properties":{"OBJECTID_1":246,"Sys_Reli":"Reliable","SHS":1,"NHS":0,"LOCAL_NAME":"OCEAN AVE","T_Max":1.466190903,"Shape_Length":370.15672951761223}},{"type":"Feature","id":247,"geometry":{"type":"LineString","coordinates":[[-80.683990574414139,26.689584026297368],[-80.683991674953489,26.690297316157274],[-80.683992861534719,26.691066864356788],[-80.683994053693993,26.691839113031573],[-80.683995138099021,26.692541812626622],[-80.683997056323435,26.693783656971956],[-80.68399937827165,26.69430734306561],[-80.684000152679602,26.6947433983702]]},"properties":{"OBJECTID_1":247,"Sys_Reli":"Reliable","SHS":1,"NHS":0,"LOCAL_NAME":"NW 16 ST","T_Max":1.302841798,"Shape_Length":571.43098294238428}},{"type":"Feature","id":248,"geometry":{"type":"LineString","coordinates":[[-80.077146434258196,26.708242070498862],[-80.077672462192112,26.708968938289175],[-80.078327616801374,26.709765096010788],[-80.079055375825945,26.710521425192432],[-80.079839068126688,26.711278112509831],[-80.080909347564599,26.712181103277562],[-80.08331474748789,26.713924077495687],[-80.086847274522128,26.716455947942663],[-80.087383148311602,26.716861152480991],[-80.088080970149477,26.717445702445207],[-80.088729959264271,26.71808636847307],[-80.089330562698734,26.718807963778708],[-80.089428361054303,26.718943983877139],[-80.089733275169081,26.719368046255052],[-80.09045711490046,26.720634391582578],[-80.090772117537085,26.721450328008832]]},"properties":{"OBJECTID_1":248,"Sys_Reli":"Approaching Unreliability","SHS":1,"NHS":1,"LOCAL_NAME":"I-95","T_Max":2.655998796,"Shape_Length":2021.4942099965037}},{"type":"Feature","id":249,"geometry":{"type":"LineString","coordinates":[[-80.057343888231031,26.616281664623365],[-80.057333021345244,26.616633631384019],[-80.057287878120846,26.617882940345464],[-80.057245191873321,26.61906423134824]]},"properties":{"OBJECTID_1":249,"Sys_Reli":"Reliable","SHS":1,"NHS":0,"LOCAL_NAME":"SR-805/DIXIE HWY","T_Max":1.5481071740000001,"Shape_Length":308.3687103985236}},{"type":"Feature","id":250,"geometry":{"type":"LineString","coordinates":[[-80.05352707119026,26.57154764341929],[-80.053521951064724,26.571829182537329],[-80.053579483195989,26.571997307032731],[-80.053571038748899,26.572719521744236]]},"properties":{"OBJECTID_1":250,"Sys_Reli":"Reliable","SHS":1,"NHS":0,"LOCAL_NAME":"DIXIE HWY","T_Max":1.493090279,"Shape_Length":130.67295490440193}},{"type":"Feature","id":251,"geometry":{"type":"LineString","coordinates":[[-80.178580846233189,26.708677513207039],[-80.177740163313402,26.708655450712616],[-80.172679099851962,26.708529338513667],[-80.172226522695254,26.708510617426466]]},"properties":{"OBJECTID_1":251,"Sys_Reli":"Reliable","SHS":1,"NHS":1,"LOCAL_NAME":"OKEECHOBEE BLVD","T_Max":1.3401728610000001,"Shape_Length":632.39199571884876}},{"type":"Feature","id":252,"geometry":{"type":"LineString","coordinates":[[-80.715209207874935,26.664155922670027],[-80.715132354796992,26.664165514483646],[-80.714838204131809,26.664192301210644],[-80.71271398679832,26.664208022665122],[-80.711340271949339,26.664215227561428],[-80.708337358538316,26.664169130143772],[-80.707902034495419,26.664153961213387],[-80.707659930278353,26.664146666358718]]},"properties":{"OBJECTID_1":252,"Sys_Reli":"Reliable","SHS":1,"NHS":1,"LOCAL_NAME":"E PALM BEACH RD","T_Max":1.295560896,"Shape_Length":751.54524464862106}},{"type":"Feature","id":253,"geometry":{"type":"LineString","coordinates":[[-80.092331648990438,26.439446801618875],[-80.092332889189592,26.439513791022385],[-80.092343485174084,26.440568128409673],[-80.092331608247861,26.440947646808567],[-80.092304821910929,26.441642603530909],[-80.092304874191342,26.442089475272915],[-80.092312017289927,26.442994470599555],[-80.092328814333925,26.444029265615672],[-80.092356805102369,26.444545183120603],[-80.092379753629928,26.446611497107607],[-80.092372225729406,26.44685393522418],[-80.092378321563487,26.450475718269303],[-80.092384007641471,26.450767174332814],[-80.092401540898308,26.450972569124396],[-80.092422419380839,26.451156451029505],[-80.092465555158725,26.451350516816262],[-80.092534001861083,26.451570591337056],[-80.092634258141544,26.451802350412077],[-80.092711122969391,26.451965056374483],[-80.092816617222937,26.452137994716768],[-80.093221477446562,26.452776509869576],[-80.093332902450243,26.453008054041351],[-80.093412503622261,26.453229631765449],[-80.093499276709622,26.453553175255013],[-80.093537079026476,26.45381755323913],[-80.093548037510502,26.454047313165042],[-80.093548318428688,26.45424328982552]]},"properties":{"OBJECTID_1":253,"Sys_Reli":"Reliable","SHS":0,"NHS":1,"LOCAL_NAME":"CONGRESS AVE","T_Max":1.4895535600000001,"Shape_Length":1662.2944307594471}},{"type":"Feature","id":254,"geometry":{"type":"LineString","coordinates":[[-80.054967824176785,26.675706732752367],[-80.054729329554391,26.675699819203658],[-80.054532407540762,26.675695056233629]]},"properties":{"OBJECTID_1":254,"Sys_Reli":"Approaching Unreliability","SHS":1,"NHS":1,"LOCAL_NAME":"SOUTHERN BLVD","T_Max":1.981764377,"Shape_Length":43.347361384899706}},{"type":"Feature","id":255,"geometry":{"type":"LineString","coordinates":[[-80.037949756953267,26.674694784681257],[-80.037899065059833,26.67506545077995],[-80.037875804064015,26.675367741239317],[-80.037893111768184,26.675550675903096],[-80.037856627288988,26.675557205387527],[-80.037820103939907,26.675568246012848],[-80.037784818862036,26.675581541243602],[-80.037743799289615,26.675603840308742],[-80.037710938733724,26.675628439958132],[-80.037680505470547,26.675662098732552],[-80.037661380429014,26.675695823276349],[-80.037648456236766,26.675738614459323],[-80.037650644369975,26.675777003833606],[-80.037656592057999,26.675817667613298],[-80.037665152567413,26.675844812145183],[-80.037502161950513,26.675882074261633],[-80.037343052247394,26.675905829153255],[-80.036845072861894,26.675899220469148]]},"properties":{"OBJECTID_1":255,"Sys_Reli":"Reliable","SHS":1,"NHS":0,"LOCAL_NAME":"OCEAN BLVD","T_Max":1.5627089869999999,"Shape_Length":223.81510964038131}},{"type":"Feature","id":256,"geometry":{"type":"LineString","coordinates":[[-80.128916720950855,26.838944041361717],[-80.128262474888828,26.838933067443026],[-80.127788239794526,26.838922203843072],[-80.127309214183683,26.838904530745026],[-80.126765577926022,26.838875484343454],[-80.126212330759572,26.838836476192789],[-80.125938950008447,26.838819394194584],[-80.125617438719047,26.838802721075034]]},"properties":{"OBJECTID_1":256,"Sys_Reli":"Reliable","SHS":1,"NHS":1,"LOCAL_NAME":"PGA BLVD","T_Max":1.483372208,"Shape_Length":328.28593859629632}},{"type":"Feature","id":257,"geometry":{"type":"LineString","coordinates":[[-80.046197143527252,26.615655545574505],[-80.046486556900931,26.615692374638574],[-80.046730965273852,26.615743677340745],[-80.046969605084698,26.615808465427072],[-80.047186791772461,26.615886661873194],[-80.047587774027122,26.616058632546192],[-80.047857374922884,26.616175545665058],[-80.048119634381848,26.616269843744966],[-80.048375741670341,26.616348298806827],[-80.048534926244841,26.616380953638981],[-80.048746991493999,26.616395915145688],[-80.049462559952289,26.616407473659564],[-80.050444267443552,26.616432885969509],[-80.051431644452762,26.61645843855597],[-80.052399919715086,26.616483488710205],[-80.053373157917278,26.616513123712913],[-80.054361618376078,26.616543215283759],[-80.057333021345244,26.616633631384019],[-80.058341823982374,26.616659257259684]]},"properties":{"OBJECTID_1":257,"Sys_Reli":"Reliable","SHS":1,"NHS":0,"LOCAL_NAME":"LUCERNE AVE","T_Max":1.5587331959999999,"Shape_Length":1224.4541209766571}},{"type":"Feature","id":258,"geometry":{"type":"LineString","coordinates":[[-80.072933619834998,26.705874986235795],[-80.072400032609991,26.705851123354371]]},"properties":{"OBJECTID_1":258,"Sys_Reli":"Reliable","SHS":1,"NHS":1,"LOCAL_NAME":"OKEECHOBEE BLVD","T_Max":1.4435226139999999,"Shape_Length":53.148344556946952}},{"type":"Feature","id":259,"geometry":{"type":"LineString","coordinates":[[-80.203361329121165,26.650730168827714],[-80.203357855666127,26.650801240797779],[-80.203028919008219,26.659687386132397],[-80.202913361511278,26.662986981482394]]},"properties":{"OBJECTID_1":259,"Sys_Reli":"Reliable","SHS":1,"NHS":1,"LOCAL_NAME":"SR-7/US-441","T_Max":1.463597617,"Shape_Length":1358.3270904330311}},{"type":"Feature","id":260,"geometry":{"type":"LineString","coordinates":[[-80.060875551307106,26.828444270298437],[-80.060807156266662,26.828793787551739],[-80.060363512074574,26.830841283430889]]},"properties":{"OBJECTID_1":260,"Sys_Reli":"Reliable","SHS":1,"NHS":0,"LOCAL_NAME":"US-1/SR5/FEDERAL HWY","T_Max":1.289487837,"Shape_Length":270.35079368608046}},{"type":"Feature","id":261,"geometry":{"type":"LineString","coordinates":[[-80.088477494627568,26.633015534717728],[-80.088305176520308,26.63758876146635],[-80.088211042040612,26.64011875699472],[-80.08810740585983,26.642712196967235],[-80.087967083815656,26.646461045765982],[-80.087954316807554,26.647384413144739],[-80.087955227993945,26.647953441993192],[-80.087983313951369,26.649200610513752],[-80.088011455783771,26.650668873619622],[-80.088014031670113,26.650804329883755],[-80.08801558907976,26.650869188727683]]},"properties":{"OBJECTID_1":261,"Sys_Reli":"Reliable","SHS":1,"NHS":1,"LOCAL_NAME":"CONGRESS AVE","T_Max":1.856214104,"Shape_Length":1978.4886602319536}},{"type":"Feature","id":262,"geometry":{"type":"LineString","coordinates":[[-80.537446708016063,26.334572071940048],[-80.537638366488707,26.334804226760451],[-80.538427675994853,26.335830568863887],[-80.539070676958517,26.336682287023073],[-80.53985250049935,26.33768519515553],[-80.54106799838452,26.339278753151241],[-80.544245867499725,26.34338181720873],[-80.545588618961645,26.345122129155467]]},"properties":{"OBJECTID_1":262,"Sys_Reli":"Reliable","SHS":1,"NHS":1,"LOCAL_NAME":"US-27","T_Max":1.147441369,"Shape_Length":1423.1862334177745}},{"type":"Feature","id":263,"geometry":{"type":"LineString","coordinates":[[-80.045134870392459,26.825942684038147],[-80.045723763706292,26.827421122879155],[-80.047728790061512,26.831334761516374],[-80.04847823729682,26.832721108080761],[-80.048684255127014,26.833282226433194]]},"properties":{"OBJECTID_1":263,"Sys_Reli":"Reliable","SHS":1,"NHS":0,"LOCAL_NAME":"N OCEAN BLVD","T_Max":1.1266678590000001,"Shape_Length":887.12407210443462}},{"type":"Feature","id":264,"geometry":{"type":"LineString","coordinates":[[-80.087199833183391,26.769965877968826],[-80.085877146373193,26.769905568598393],[-80.084885922813413,26.769923032414557],[-80.084015541291905,26.769855495351859],[-80.082602173596143,26.769805731732031],[-80.081352377378863,26.76977647931454]]},"properties":{"OBJECTID_1":264,"Sys_Reli":"Reliable","SHS":1,"NHS":1,"LOCAL_NAME":"MLK JR BLVD","T_Max":1.352950936,"Shape_Length":582.05383402578843}},{"type":"Feature","id":265,"geometry":{"type":"LineString","coordinates":[[-80.184807454916438,26.679819981345435],[-80.184216727524102,26.679803154525462],[-80.178920747125446,26.679647028594239],[-80.174268597060944,26.679502908465459],[-80.171691093116323,26.679420684199687]]},"properties":{"OBJECTID_1":265,"Sys_Reli":"Reliable","SHS":1,"NHS":1,"LOCAL_NAME":"SOUTHERN BLVD","T_Max":2.05257822,"Shape_Length":1305.8676284277317}},{"type":"Feature","id":266,"geometry":{"type":"LineString","coordinates":[[-80.052958722986702,26.500097253721879],[-80.052925834026311,26.500442618744078],[-80.052900881548325,26.501115075171228],[-80.052911792424283,26.50154400324087],[-80.052965821474658,26.501991272620575],[-80.053053670982905,26.502445534158262],[-80.053164904355341,26.502863585878071]]},"properties":{"OBJECTID_1":266,"Sys_Reli":"Reliable","SHS":1,"NHS":0,"LOCAL_NAME":"OCEAN BLVD","T_Max":1.1916603370000001,"Shape_Length":308.95920555082216}},{"type":"Feature","id":267,"geometry":{"type":"LineString","coordinates":[[-80.146822313614905,26.448150745815873],[-80.146962414044623,26.452270342089168],[-80.146999431730492,26.4534820499793],[-80.147006007808329,26.453770211674499],[-80.147007765997301,26.453847142938567]]},"properties":{"OBJECTID_1":267,"Sys_Reli":"Reliable","SHS":0,"NHS":1,"LOCAL_NAME":"JOG RD","T_Max":1.9994408640000001,"Shape_Length":631.20893616792807}},{"type":"Feature","id":268,"geometry":{"type":"LineString","coordinates":[[-80.203666965617927,26.61714613822496],[-80.201108628184983,26.617169893932349],[-80.198582948522741,26.617179174864042],[-80.196832731513666,26.617181116959149]]},"properties":{"OBJECTID_1":268,"Sys_Reli":"Reliable","SHS":1,"NHS":1,"LOCAL_NAME":"LAKE WORTH RD","T_Max":1.5777345840000001,"Shape_Length":680.40992429183757}},{"type":"Feature","id":269,"geometry":{"type":"LineString","coordinates":[[-80.060473946630623,26.783584278277573],[-80.058365749815763,26.783524613831229],[-80.058335210161758,26.783523666900567]]},"properties":{"OBJECTID_1":269,"Sys_Reli":"Reliable","SHS":1,"NHS":1,"LOCAL_NAME":"BLUE HERON BLVD","T_Max":1.5645497850000001,"Shape_Length":212.7288339661479}},{"type":"Feature","id":270,"geometry":{"type":"LineString","coordinates":[[-80.05470492826656,26.798195871970805],[-80.055303601851307,26.803766310499071],[-80.05527637416445,26.803909081766204],[-80.055299744474894,26.804123392665591]]},"properties":{"OBJECTID_1":270,"Sys_Reli":"Reliable","SHS":1,"NHS":0,"LOCAL_NAME":"US-1/SR5/FEDERAL HWY","T_Max":1.3660490089999999,"Shape_Length":659.78671196026926}},{"type":"Feature","id":271,"geometry":{"type":"LineString","coordinates":[[-80.620762446168257,26.855737212739047],[-80.625469876777231,26.859058144120745]]},"properties":{"OBJECTID_1":271,"Sys_Reli":"Reliable","SHS":1,"NHS":0,"LOCAL_NAME":"CONNERS HWY","T_Max":1.398970018,"Shape_Length":594.9661946968547}},{"type":"Feature","id":272,"geometry":{"type":"LineString","coordinates":[[-80.122434643039938,26.469059607870541],[-80.122441767533999,26.470290118197429],[-80.122465088800766,26.472383789468235],[-80.122467327774956,26.472940638208325],[-80.122469470835753,26.473060277934312],[-80.12247802738959,26.474101815595155],[-80.122489782319249,26.476113824883438],[-80.122534106900886,26.483046116780372],[-80.122543333480991,26.484008701057903],[-80.122561307998922,26.484633517307746],[-80.122580990552834,26.485109049634939],[-80.122615602068393,26.486196426890864],[-80.122671807566249,26.487847473407058],[-80.12268768401826,26.488301595176544]]},"properties":{"OBJECTID_1":272,"Sys_Reli":"Reliable","SHS":0,"NHS":1,"LOCAL_NAME":"MILITARY TR","T_Max":1.3444318500000001,"Shape_Length":2131.5300548448181}},{"type":"Feature","id":273,"geometry":{"type":"LineString","coordinates":[[-80.297167637158836,26.90654842629986],[-80.295014840501267,26.90512241942309],[-80.293926724254348,26.904377522290265],[-80.293352702356131,26.904000543325683],[-80.292839586602668,26.903702689611652],[-80.292376277983223,26.903476409079744],[-80.291894698734041,26.903270050299799],[-80.291387861798782,26.903086085188484],[-80.29074866310691,26.90286766246717],[-80.2907046215457,26.902853059189017]]},"properties":{"OBJECTID_1":273,"Sys_Reli":"Reliable","SHS":1,"NHS":1,"LOCAL_NAME":"BEELINE HWY","T_Max":1.1608643519999999,"Shape_Length":765.41220050293339}},{"type":"Feature","id":274,"geometry":{"type":"LineString","coordinates":[[-80.204432769814019,26.453627153997996],[-80.204432569413285,26.453865469766956],[-80.204432368707572,26.453975971666338]]},"properties":{"OBJECTID_1":274,"Sys_Reli":"Reliable","SHS":1,"NHS":1,"LOCAL_NAME":"SR-7/US-441","T_Max":1.590847466,"Shape_Length":38.634815731123368}},{"type":"Feature","id":275,"geometry":{"type":"LineString","coordinates":[[-80.686688703474786,26.673481310088128],[-80.686659192562274,26.674516822695594]]},"properties":{"OBJECTID_1":275,"Sys_Reli":"Reliable","SHS":1,"NHS":0,"LOCAL_NAME":"SW 16 ST","T_Max":1.3250375299999999,"Shape_Length":114.72622055644784}},{"type":"Feature","id":276,"geometry":{"type":"LineString","coordinates":[[-80.067561144967129,26.379354349619508],[-80.067521838227151,26.379905574708967],[-80.067478246043962,26.380731408139155],[-80.067475420380688,26.380805423792943]]},"properties":{"OBJECTID_1":276,"Sys_Reli":"Reliable","SHS":1,"NHS":0,"LOCAL_NAME":"OCEAN BLVD","T_Max":1.334190548,"Shape_Length":160.95692912828326}},{"type":"Feature","id":277,"geometry":{"type":"LineString","coordinates":[[-80.055414199222071,26.597898314061954],[-80.056199515590492,26.599360613647249]]},"properties":{"OBJECTID_1":277,"Sys_Reli":"Reliable","SHS":1,"NHS":0,"LOCAL_NAME":"SR-805/DIXIE HWY","T_Max":1.602275543,"Shape_Length":179.86056490011424}},{"type":"Feature","id":278,"geometry":{"type":"LineString","coordinates":[[-80.07269817101907,26.429241383061587],[-80.071822477807473,26.434759725381817],[-80.071785621428219,26.435057156106915],[-80.071756322965527,26.43536478763702],[-80.071741097463672,26.435663052180274],[-80.07173743571542,26.435973994816635],[-80.071752402971484,26.436291371208373],[-80.071791080312778,26.436998654134442],[-80.071793985638223,26.437364269563453],[-80.071791864456415,26.437629002972404],[-80.071786518970995,26.437709994445513]]},"properties":{"OBJECTID_1":278,"Sys_Reli":"Reliable","SHS":1,"NHS":0,"LOCAL_NAME":"FEDERAL HWY","T_Max":1.965636819,"Shape_Length":944.71754900554663}},{"type":"Feature","id":279,"geometry":{"type":"LineString","coordinates":[[-80.284136563058937,26.682716965714913],[-80.283773575714761,26.682706471878046],[-80.282726438811977,26.682677048700537],[-80.276283296573155,26.682487422604577],[-80.266832329635321,26.682208840547645],[-80.25934967323883,26.681991959336077],[-80.258782912063211,26.681975736166862],[-80.257053973057111,26.681926725349289],[-80.255722535583132,26.681882390821855]]},"properties":{"OBJECTID_1":279,"Sys_Reli":"Reliable","SHS":1,"NHS":1,"LOCAL_NAME":"SOUTHERN BLVD","T_Max":1.344943985,"Shape_Length":2828.6787130062448}},{"type":"Feature","id":280,"geometry":{"type":"LineString","coordinates":[[-80.054325934426814,26.691717907504465],[-80.054381285042382,26.690327786404843]]},"properties":{"OBJECTID_1":280,"Sys_Reli":"Reliable","SHS":1,"NHS":0,"LOCAL_NAME":"S DIXIE HWY","T_Max":1.7717207660000001,"Shape_Length":154.07725385110692}},{"type":"Feature","id":281,"geometry":{"type":"LineString","coordinates":[[-80.665766029706731,26.728990533460795],[-80.665593215433802,26.729398055029638]]},"properties":{"OBJECTID_1":281,"Sys_Reli":"Reliable","SHS":1,"NHS":0,"LOCAL_NAME":"BELLE GLADE RD","T_Max":1.2108874460000001,"Shape_Length":48.297172741357748}},{"type":"Feature","id":282,"geometry":{"type":"LineString","coordinates":[[-80.036528647260184,26.701194406303923],[-80.036503903689763,26.702181814381973]]},"properties":{"OBJECTID_1":282,"Sys_Reli":"Reliable","SHS":1,"NHS":0,"LOCAL_NAME":"S COUNTY RD","T_Max":1.507736634,"Shape_Length":109.40001983810271}},{"type":"Feature","id":283,"geometry":{"type":"LineString","coordinates":[[-80.134218865531807,26.753443840075651],[-80.134027069528912,26.75773571449707],[-80.133880691362862,26.760009602435542],[-80.133793325916955,26.761456202180863],[-80.132844423693044,26.77483257451501],[-80.13271188622312,26.776710866273557]]},"properties":{"OBJECTID_1":283,"Sys_Reli":"Approaching Unreliability","SHS":1,"NHS":1,"LOCAL_NAME":"TURNPIKE MAINLINE","T_Max":2.2532465429999999,"Shape_Length":2581.6432778450062}},{"type":"Feature","id":284,"geometry":{"type":"LineString","coordinates":[[-80.099633556852979,26.527342374151775],[-80.095522296127726,26.52747474480897],[-80.093672091378352,26.527528122712724],[-80.090554923346119,26.527621627726042],[-80.09040417926569,26.527625871186967]]},"properties":{"OBJECTID_1":284,"Sys_Reli":"Reliable","SHS":1,"NHS":1,"LOCAL_NAME":"BOYNTON BCH BLVD","T_Max":1.4491012990000001,"Shape_Length":920.11996982202493}},{"type":"Feature","id":285,"geometry":{"type":"LineString","coordinates":[[-80.080804245186556,26.706183214002863],[-80.078530957870811,26.706124215530462],[-80.078427567513458,26.706119623300772]]},"properties":{"OBJECTID_1":285,"Sys_Reli":"Reliable","SHS":1,"NHS":1,"LOCAL_NAME":"OKEECHOBEE BLVD","T_Max":1.571804816,"Shape_Length":236.54377761000652}},{"type":"Feature","id":286,"geometry":{"type":"LineString","coordinates":[[-80.101753758912579,26.839672985150017],[-80.102275511782352,26.840486088057311],[-80.102562765505652,26.840926568240871],[-80.103750291962498,26.842646257153046],[-80.104983224359373,26.844661873520902],[-80.107686490907255,26.848755171522924],[-80.111270050281277,26.854329886672033]]},"properties":{"OBJECTID_1":286,"Sys_Reli":"Reliable","SHS":1,"NHS":1,"LOCAL_NAME":"I-95","T_Max":1.197736798,"Shape_Length":1878.9662116386708}},{"type":"Feature","id":287,"geometry":{"type":"LineString","coordinates":[[-80.056132399006017,26.859386600862425],[-80.056089860932317,26.859536992232115],[-80.055957566624571,26.860048526277694],[-80.055844080262617,26.860518222498794],[-80.055761216536595,26.860889594664393],[-80.055637787917917,26.861488670099241],[-80.055507406978364,26.862212252463451],[-80.055413575248394,26.862796844780313],[-80.055349705706732,26.86326143606999],[-80.05528377452184,26.863786669292836],[-80.055244564918951,26.864208262199892],[-80.055203274660514,26.86473145081607],[-80.055173644311537,26.865186249582798],[-80.055135812239044,26.865886145286208],[-80.055118712584587,26.866610484765264],[-80.055089470279313,26.86791378300121]]},"properties":{"OBJECTID_1":287,"Sys_Reli":"Reliable","SHS":1,"NHS":1,"LOCAL_NAME":"US-1/SR5/FEDERAL HWY","T_Max":1.268157129,"Shape_Length":952.72312049367292}},{"type":"Feature","id":288,"geometry":{"type":"LineString","coordinates":[[-80.088042638899765,26.652160053655145],[-80.088093173066113,26.654593339342757],[-80.088184743563545,26.658885002906079],[-80.088238495932117,26.661510803005442],[-80.088254086467728,26.662349593323903],[-80.088248014847707,26.662784781674684],[-80.088236715434661,26.663052897760082],[-80.088131773935828,26.664938338666634]]},"properties":{"OBJECTID_1":288,"Sys_Reli":"Reliable","SHS":1,"NHS":1,"LOCAL_NAME":"CONGRESS AVE","T_Max":2.2264585139999999,"Shape_Length":1415.8706811747393}},{"type":"Feature","id":289,"geometry":{"type":"LineString","coordinates":[[-80.153695348982851,26.708015963130485],[-80.152159961824808,26.707979462764335]]},"properties":{"OBJECTID_1":289,"Sys_Reli":"Reliable","SHS":1,"NHS":1,"LOCAL_NAME":"OKEECHOBEE BLVD","T_Max":1.3401728610000001,"Shape_Length":152.79210508005625}},{"type":"Feature","id":290,"geometry":{"type":"LineString","coordinates":[[-80.059274324539771,26.844056546046772],[-80.059371070885717,26.844062653286386],[-80.060518439604309,26.844077461127462],[-80.060807080914373,26.844094544380354]]},"properties":{"OBJECTID_1":290,"Sys_Reli":"Reliable","SHS":1,"NHS":0,"LOCAL_NAME":"SR A1A/JACK NICLAUS","T_Max":1.1266678590000001,"Shape_Length":152.39623192393321}},{"type":"Feature","id":291,"geometry":{"type":"LineString","coordinates":[[-80.667990582942807,26.711216813545882],[-80.668005383127223,26.716311657174025],[-80.668021414294543,26.720196459292321],[-80.668005895421246,26.720658803628886],[-80.667976082781777,26.721164945994204],[-80.667932296179671,26.72160460952324],[-80.667867881822986,26.722095120407044],[-80.667773387690389,26.722644954435136],[-80.667672786656638,26.723126894190784],[-80.667542131095971,26.723655424552117],[-80.667402103234451,26.724155659814095],[-80.667181245968479,26.724835282930908],[-80.66696835548295,26.725482406901502],[-80.666873788964779,26.72573933208507],[-80.666854166563397,26.725799275523794]]},"properties":{"OBJECTID_1":291,"Sys_Reli":"Reliable","SHS":1,"NHS":1,"LOCAL_NAME":"N/S MAIN ST","T_Max":1.17834248,"Shape_Length":1628.5722535095933}},{"type":"Feature","id":292,"geometry":{"type":"LineString","coordinates":[[-80.037245322721915,26.648978122643051],[-80.037249101354448,26.649156731147734],[-80.037254868159749,26.649517905750457],[-80.037240734486275,26.650154295293422],[-80.037213796520632,26.650670989668058],[-80.037127336010897,26.651546141104575],[-80.037110126869095,26.651875560988945],[-80.037080413773964,26.65219811771815],[-80.037037105211297,26.652570238710279],[-80.03702146943138,26.652786816703664],[-80.037019490561491,26.653547431487983],[-80.037077859588393,26.655123256328704],[-80.037083768966411,26.655540853764826],[-80.037043152555938,26.656265094317064],[-80.036846541849243,26.6595635936016],[-80.036811443741499,26.660527122666689],[-80.036804262798711,26.6613824980838],[-80.036818401413711,26.661661385684475]]},"properties":{"OBJECTID_1":292,"Sys_Reli":"Reliable","SHS":1,"NHS":0,"LOCAL_NAME":"OCEAN BLVD","T_Max":1.310448404,"Shape_Length":1406.6001174228534}},{"type":"Feature","id":293,"geometry":{"type":"LineString","coordinates":[[-80.145181992711798,26.663419235473789],[-80.145179815219919,26.663586296004844]]},"properties":{"OBJECTID_1":293,"Sys_Reli":"Approaching Unreliability","SHS":0,"NHS":1,"LOCAL_NAME":"JOG RD","T_Max":2.6473982569999999,"Shape_Length":18.505532684616917}},{"type":"Feature","id":294,"geometry":{"type":"LineString","coordinates":[[-80.099310293801167,26.617812807549235],[-80.098516179877365,26.617783685390808],[-80.097234678595214,26.6177373409786],[-80.094873330066392,26.617650283081652],[-80.091801831821741,26.617538584184274],[-80.090698789098539,26.617479952676572],[-80.090184493662406,26.617459551244991],[-80.089940074605678,26.617449972510471]]},"properties":{"OBJECTID_1":294,"Sys_Reli":"Reliable","SHS":1,"NHS":1,"LOCAL_NAME":"LAKE WORTH RD","T_Max":1.408903172,"Shape_Length":933.76696428042158}},{"type":"Feature","id":295,"geometry":{"type":"LineString","coordinates":[[-80.079989749414537,26.650856390190206],[-80.079972692617886,26.650860802084782],[-80.079750975748283,26.650925737761515],[-80.079475913833193,26.651019069345761],[-80.079309676697108,26.651085001006415]]},"properties":{"OBJECTID_1":295,"Sys_Reli":"Approaching Unreliability","SHS":1,"NHS":1,"LOCAL_NAME":"FOREST HILL BLVD","T_Max":1.4462003830000001,"Shape_Length":72.326017743251612}},{"type":"Feature","id":296,"geometry":{"type":"LineString","coordinates":[[-80.116800683836004,26.328178442574572],[-80.117095540811675,26.331941470396252],[-80.117938442477595,26.34226808840415],[-80.118008013904202,26.344106441614056],[-80.118050630786058,26.345232479369756],[-80.117975749626936,26.347509520182218],[-80.117962380746476,26.348610951577026],[-80.117891620367516,26.349930971680134],[-80.117878992206712,26.350654314959179],[-80.117872787072798,26.35100980072982],[-80.117911424748172,26.351944514198916],[-80.117984439461708,26.352640176023307],[-80.118119870985169,26.353530339553938],[-80.118226513466908,26.353965434880987]]},"properties":{"OBJECTID_1":296,"Sys_Reli":"Approaching Unreliability","SHS":1,"NHS":1,"LOCAL_NAME":"I-95","T_Max":3.3312729490000001,"Shape_Length":2863.2743273537012}},{"type":"Feature","id":297,"geometry":{"type":"LineString","coordinates":[[-80.097767435174418,26.458782605423377],[-80.097460122278321,26.458859167018652],[-80.0961911319461,26.459232181821861],[-80.095908236117083,26.459318602061142],[-80.095658671484628,26.459403456813071],[-80.095407052729271,26.459498893175834],[-80.095206440136536,26.459589355074698],[-80.095001828539381,26.459689488968813],[-80.094809983845224,26.459787059886263],[-80.094565830836999,26.459931052698373],[-80.093739009832149,26.460450351305315],[-80.093707130957824,26.460470160038778]]},"properties":{"OBJECTID_1":297,"Sys_Reli":"Reliable","SHS":1,"NHS":1,"LOCAL_NAME":"ATLANTIC AVE","T_Max":1.4714388300000001,"Shape_Length":449.51194991291464}},{"type":"Feature","id":298,"geometry":{"type":"LineString","coordinates":[[-80.114759830654307,26.367517177581622],[-80.114374435109852,26.367383148345272],[-80.113953517535137,26.36722333522577],[-80.111441851171705,26.366214791902792],[-80.111074546039632,26.366067396184789],[-80.110760638058977,26.365959301860876],[-80.11040944488623,26.365850964416545],[-80.110056363707642,26.365754719217545],[-80.109675143722299,26.365673071041236],[-80.109262570127697,26.365593915604919],[-80.108827460633222,26.365536116173391],[-80.108447378444794,26.365498812859457],[-80.107858398332525,26.365472311252436],[-80.106096595271282,26.365441580046536],[-80.104051705576694,26.365411729807274],[-80.103456538042494,26.365394618166704],[-80.103102901340293,26.365367304866364]]},"properties":{"OBJECTID_1":298,"Sys_Reli":"Reliable","SHS":1,"NHS":1,"LOCAL_NAME":"GLADES RD","T_Max":1.4472325800000001,"Shape_Length":1205.4147765619539}},{"type":"Feature","id":299,"geometry":{"type":"LineString","coordinates":[[-80.144490078490946,26.350503242147777],[-80.137780899733073,26.350600325078499]]},"properties":{"OBJECTID_1":299,"Sys_Reli":"Reliable","SHS":0,"NHS":1,"LOCAL_NAME":"PALMETTO PARK RD","T_Max":1.5343658469999999,"Shape_Length":669.58071390762689}},{"type":"Feature","id":300,"geometry":{"type":"LineString","coordinates":[[-80.110965632379092,26.708182748534202],[-80.110765370522486,26.714157407549983]]},"properties":{"OBJECTID_1":300,"Sys_Reli":"Approaching Unreliability","SHS":1,"NHS":1,"LOCAL_NAME":"SR809/MILITARY TRAIL","T_Max":2.816758219,"Shape_Length":662.08511004763716}},{"type":"Feature","id":301,"geometry":{"type":"LineString","coordinates":[[-80.035075792414034,26.784743709557056],[-80.035001795313079,26.784918652235994],[-80.034971264861014,26.785256997248723],[-80.034949786320396,26.785670883366869]]},"properties":{"OBJECTID_1":301,"Sys_Reli":"Reliable","SHS":1,"NHS":0,"LOCAL_NAME":"N OCEAN BLVD","T_Max":1.1278234730000001,"Shape_Length":104.22332657744801}},{"type":"Feature","id":302,"geometry":{"type":"LineString","coordinates":[[-80.174608612211188,26.46045594924793],[-80.174658271000226,26.463781126870334]]},"properties":{"OBJECTID_1":302,"Sys_Reli":"Reliable","SHS":1,"NHS":1,"LOCAL_NAME":"TURNPIKE MAINLINE","T_Max":1.93398453,"Shape_Length":368.3301387901721}},{"type":"Feature","id":303,"geometry":{"type":"LineString","coordinates":[[-80.205779021028633,26.59147642028346],[-80.205723309470457,26.592943757639635],[-80.205688376659594,26.593958798818008]]},"properties":{"OBJECTID_1":303,"Sys_Reli":"Reliable","SHS":1,"NHS":1,"LOCAL_NAME":"SR-7/US-441","T_Max":1.4656571620000001,"Shape_Length":275.10013509053476}},{"type":"Feature","id":304,"geometry":{"type":"LineString","coordinates":[[-80.068979625878796,26.594586522610626],[-80.06883119812781,26.601690619974381],[-80.068782107717482,26.604039957029865],[-80.068772008625146,26.604667362507652],[-80.068590972915629,26.608941747388037],[-80.068567109706478,26.609505141416918]]},"properties":{"OBJECTID_1":304,"Sys_Reli":"Reliable","SHS":1,"NHS":1,"LOCAL_NAME":"I-95","T_Max":1.4624410489999999,"Shape_Length":1653.03699193025}},{"type":"Feature","id":305,"geometry":{"type":"LineString","coordinates":[[-80.080913783703821,26.934158049683209],[-80.081222092136912,26.934718156923189]]},"properties":{"OBJECTID_1":305,"Sys_Reli":"Reliable","SHS":1,"NHS":1,"LOCAL_NAME":"US-1/SR5/FEDERAL HWY","T_Max":1.479483377,"Shape_Length":69.182866358620828}},{"type":"Feature","id":306,"geometry":{"type":"LineString","coordinates":[[-80.086123955388544,26.338104110060499],[-80.086115915705221,26.338282634536405],[-80.086112315266007,26.338477199777476],[-80.086115035095688,26.338671836015166]]},"properties":{"OBJECTID_1":306,"Sys_Reli":"Reliable","SHS":1,"NHS":1,"LOCAL_NAME":"FEDERAL HWY","T_Max":1.230363036,"Shape_Length":62.902450832740243}},{"type":"Feature","id":307,"geometry":{"type":"LineString","coordinates":[[-80.154406938369533,26.708034154083862],[-80.15384080579193,26.708019420611937],[-80.153695348982851,26.708015963130485]]},"properties":{"OBJECTID_1":307,"Sys_Reli":"Reliable","SHS":1,"NHS":1,"LOCAL_NAME":"OKEECHOBEE BLVD","T_Max":1.3401728610000001,"Shape_Length":70.816794044464856}},{"type":"Feature","id":308,"geometry":{"type":"LineString","coordinates":[[-80.70407788085717,26.663950477486651],[-80.692375244057388,26.663985066860217],[-80.691916951041975,26.66397567077513],[-80.691430635239612,26.663954452163949],[-80.69087326597095,26.663917941216916],[-80.687814797320129,26.663721908172104],[-80.687368936315337,26.663693154945488],[-80.68723836844508,26.663687058413782]]},"properties":{"OBJECTID_1":308,"Sys_Reli":"Reliable","SHS":1,"NHS":1,"LOCAL_NAME":"SR 80","T_Max":1.217523906,"Shape_Length":1676.8198296254468}},{"type":"Feature","id":309,"geometry":{"type":"LineString","coordinates":[[-80.056188081443423,26.752589632058346],[-80.056160959487727,26.752869018944452],[-80.055881986630183,26.755772551833577],[-80.055247338757468,26.762377297608147],[-80.055221327081,26.762912928591717]]},"properties":{"OBJECTID_1":309,"Sys_Reli":"Reliable","SHS":1,"NHS":0,"LOCAL_NAME":"BROADWAY AVE","T_Max":1.796324595,"Shape_Length":1147.5699663056689}},{"type":"Feature","id":310,"geometry":{"type":"LineString","coordinates":[[-80.093580081649179,26.460573874380973],[-80.093582124580365,26.46068188470133],[-80.093594074513405,26.461380497548905],[-80.093604463731054,26.461713078497795],[-80.093624058611397,26.462946728169534],[-80.093650744737545,26.466040940695812],[-80.093646850138342,26.466538227827773],[-80.093622177640228,26.466922269303442],[-80.093577472581345,26.467373461042605],[-80.093510137915032,26.467808910415524],[-80.093435617541644,26.468193605053454],[-80.093362688925438,26.468512982490786],[-80.093279161529935,26.468803040866238],[-80.093110478095781,26.469312928155976],[-80.092944143318405,26.469799430718506],[-80.09270738604171,26.470423953412478],[-80.092428728775445,26.471140845292815],[-80.092206171306358,26.47174985037211],[-80.091923444075661,26.472539512573462],[-80.091906006934408,26.472588401594674]]},"properties":{"OBJECTID_1":310,"Sys_Reli":"Reliable","SHS":0,"NHS":1,"LOCAL_NAME":"CONGRESS AVE","T_Max":1.4456432770000001,"Shape_Length":1355.8157043446884}},{"type":"Feature","id":311,"geometry":{"type":"LineString","coordinates":[[-80.054532407540762,26.675695056233629],[-80.052411471119811,26.675643746129811],[-80.050450342763568,26.675581785645605]]},"properties":{"OBJECTID_1":311,"Sys_Reli":"Approaching Unreliability","SHS":1,"NHS":0,"LOCAL_NAME":"SOUTHERN BLVD","T_Max":2.2067708330000002,"Shape_Length":406.40008512798744}},{"type":"Feature","id":312,"geometry":{"type":"LineString","coordinates":[[-80.036818401413711,26.661661385684475],[-80.036848446004711,26.662254021010771],[-80.03683487916858,26.663869989066903],[-80.0368601635315,26.664075555107193],[-80.036899385993323,26.664190930336623],[-80.036965181056999,26.664283917722553],[-80.037084401139708,26.664370489626229],[-80.037222624023457,26.664439137290515],[-80.037550098785331,26.664556473328709],[-80.037665621412529,26.66463625393483],[-80.037758929924621,26.664742960662309],[-80.037817974675818,26.664892324950639],[-80.03783192490053,26.665100069335725],[-80.037766184398251,26.666176038789079]]},"properties":{"OBJECTID_1":312,"Sys_Reli":"Reliable","SHS":1,"NHS":0,"LOCAL_NAME":"OCEAN BLVD","T_Max":1.310448404,"Shape_Length":548.74974734076591}},{"type":"Feature","id":313,"geometry":{"type":"LineString","coordinates":[[-80.154663370847757,26.839763536762785],[-80.154070245867047,26.83968555063672],[-80.151723926227518,26.839616738994614]]},"properties":{"OBJECTID_1":313,"Sys_Reli":"Reliable","SHS":1,"NHS":0,"LOCAL_NAME":"PGA BLVD","T_Max":1.2622986439999999,"Shape_Length":292.82981160380501}},{"type":"Feature","id":314,"geometry":{"type":"LineString","coordinates":[[-80.173910636175066,26.638584730016678],[-80.173930544499527,26.640472401453017]]},"properties":{"OBJECTID_1":314,"Sys_Reli":"Approaching Unreliability","SHS":1,"NHS":1,"LOCAL_NAME":"TURNPIKE MAINLINE","T_Max":2.6704571650000002,"Shape_Length":209.09317091639952}},{"type":"Feature","id":315,"geometry":{"type":"LineString","coordinates":[[-80.157822979836396,26.93483693825457],[-80.157595837084472,26.934834407890698]]},"properties":{"OBJECTID_1":315,"Sys_Reli":"Reliable","SHS":1,"NHS":1,"LOCAL_NAME":"INDIANTOWN RD","T_Max":1.157706328,"Shape_Length":22.552675257784458}},{"type":"Feature","id":316,"geometry":{"type":"LineString","coordinates":[[-80.0526026918197,26.593954306040175],[-80.052611083616455,26.594051711175084],[-80.052621075370965,26.594363252762005],[-80.052623872205302,26.594669365544497],[-80.052610613778597,26.595057947613824],[-80.052400083742825,26.601227850344564],[-80.052356136793534,26.602427801232235],[-80.05231181922062,26.603637831388284],[-80.052226931022616,26.606054630540001],[-80.052184411284088,26.607265144158156],[-80.052142041009915,26.608471378200335],[-80.052150154510059,26.60887073447693],[-80.052206165855694,26.609236340401292],[-80.052215781003838,26.609271646605542]]},"properties":{"OBJECTID_1":316,"Sys_Reli":"Reliable","SHS":1,"NHS":0,"LOCAL_NAME":"FEDERAL HWY","T_Max":1.3530940339999999,"Shape_Length":1697.933420578024}},{"type":"Feature","id":317,"geometry":{"type":"LineString","coordinates":[[-80.088354183854207,26.461558987723432],[-80.08835279576509,26.461641854972466],[-80.088346470701495,26.462019707001375],[-80.088367080052635,26.46258637869672],[-80.088411435934916,26.463243492263775],[-80.088507316706639,26.46372713161697],[-80.088817224589846,26.465692832197504],[-80.089126618878353,26.467884233991438],[-80.089172743558976,26.46871515930987],[-80.08911906441655,26.470118758201497],[-80.08895297683415,26.470986707422497],[-80.088867067942331,26.471338662037287],[-80.088778050575641,26.471703356824097],[-80.085317503055322,26.481256736591703]]},"properties":{"OBJECTID_1":317,"Sys_Reli":"Approaching Unreliability","SHS":1,"NHS":1,"LOCAL_NAME":"I-95","T_Max":1.8348335490000001,"Shape_Length":2245.2404650144663}},{"type":"Feature","id":318,"geometry":{"type":"LineString","coordinates":[[-80.126496020885668,26.457765467622202],[-80.125139613600538,26.457773445360509],[-80.123741130370021,26.457770978663227],[-80.122597541720964,26.457776914007201],[-80.122518358386813,26.457777019947127]]},"properties":{"OBJECTID_1":318,"Sys_Reli":"Reliable","SHS":1,"NHS":1,"LOCAL_NAME":"ATLANTIC AVE","T_Max":1.370695244,"Shape_Length":396.56205900441159}},{"type":"Feature","id":319,"geometry":{"type":"LineString","coordinates":[[-80.092238338155582,26.394413845253396],[-80.09196878764061,26.394416311743182],[-80.091491061204295,26.394420683051649],[-80.09093150354839,26.394427181947915]]},"properties":{"OBJECTID_1":319,"Sys_Reli":"Reliable","SHS":1,"NHS":1,"LOCAL_NAME":"SR-794/YAMATO RD","T_Max":1.4134424320000001,"Shape_Length":130.36683969248506}},{"type":"Feature","id":320,"geometry":{"type":"LineString","coordinates":[[-80.105787841321629,26.822065538486221],[-80.105783631632079,26.822165720019751],[-80.105720856437813,26.823603452310948],[-80.105622920539489,26.825226108881076],[-80.105591754124688,26.826018149341991],[-80.105489284984586,26.828651663976039],[-80.105405114654815,26.830861165833056],[-80.105324128217035,26.83304244607784],[-80.105243387516879,26.835114553317073],[-80.10518019189648,26.83671526051582]]},"properties":{"OBJECTID_1":320,"Sys_Reli":"Reliable","SHS":1,"NHS":1,"LOCAL_NAME":"SR809/MILITARY TRAIL","T_Max":1.482632135,"Shape_Length":1623.8645016916971}},{"type":"Feature","id":321,"geometry":{"type":"LineString","coordinates":[[-80.034949786320396,26.785670883366869],[-80.034897965373077,26.786669419453869]]},"properties":{"OBJECTID_1":321,"Sys_Reli":"Reliable","SHS":1,"NHS":0,"LOCAL_NAME":"N OCEAN BLVD","T_Max":1.1266678590000001,"Shape_Length":110.72618887408713}},{"type":"Feature","id":322,"geometry":{"type":"LineString","coordinates":[[-80.172491810398043,26.527691274569527],[-80.17249315019582,26.52779290044591]]},"properties":{"OBJECTID_1":322,"Sys_Reli":"Approaching Unreliability","SHS":1,"NHS":1,"LOCAL_NAME":"TURNPIKE MAINLINE","T_Max":2.2908283599999999,"Shape_Length":11.2569868630399}},{"type":"Feature","id":323,"geometry":{"type":"LineString","coordinates":[[-80.20481531713942,26.617282240356161],[-80.204759536288933,26.618732763749041]]},"properties":{"OBJECTID_1":323,"Sys_Reli":"Reliable","SHS":1,"NHS":1,"LOCAL_NAME":"SR-7/US-441","T_Max":1.694347609,"Shape_Length":160.75851909882519}},{"type":"Feature","id":324,"geometry":{"type":"LineString","coordinates":[[-80.140273644799038,26.906991803368857],[-80.14045780325533,26.907401688387086],[-80.141908446640016,26.910504717843306]]},"properties":{"OBJECTID_1":324,"Sys_Reli":"Reliable","SHS":1,"NHS":1,"LOCAL_NAME":"I-95","T_Max":2.2503512890000001,"Shape_Length":421.62905786807562}},{"type":"Feature","id":325,"geometry":{"type":"LineString","coordinates":[[-80.108775062087361,26.677867887230626],[-80.108069025668087,26.677789154053212],[-80.107706880838023,26.677737807791196],[-80.107336856349917,26.677684770641427]]},"properties":{"OBJECTID_1":325,"Sys_Reli":"Reliable","SHS":1,"NHS":1,"LOCAL_NAME":"SOUTHERN BLVD","T_Max":1.371169171,"Shape_Length":144.56117567889902}},{"type":"Feature","id":326,"geometry":{"type":"LineString","coordinates":[[-80.058482682366062,26.4609592803934],[-80.058436759618942,26.461246701063263],[-80.058394300268048,26.461502689999762],[-80.058322798008206,26.461708516288375],[-80.058317446174499,26.461728155099358]]},"properties":{"OBJECTID_1":326,"Sys_Reli":"Reliable","SHS":1,"NHS":0,"LOCAL_NAME":"OCEAN BLVD","T_Max":1.4001698469999999,"Shape_Length":86.957412713818286}},{"type":"Feature","id":327,"geometry":{"type":"LineString","coordinates":[[-80.14612924446206,26.391146825679801],[-80.146060599120091,26.391625043234491],[-80.146035734364503,26.391942096808258],[-80.14603664012796,26.392392531585827],[-80.146045709110879,26.392697734222761]]},"properties":{"OBJECTID_1":327,"Sys_Reli":"Reliable","SHS":0,"NHS":1,"LOCAL_NAME":"JOG RD","T_Max":1.9020154840000001,"Shape_Length":172.31852251232999}},{"type":"Feature","id":328,"geometry":{"type":"LineString","coordinates":[[-80.712078529255336,26.634466324362783],[-80.712194434145289,26.63941902234772],[-80.7122467069305,26.643187231304594]]},"properties":{"OBJECTID_1":328,"Sys_Reli":"Reliable","SHS":1,"NHS":1,"LOCAL_NAME":"US-27","T_Max":1.2202738099999999,"Shape_Length":966.03487870962579}},{"type":"Feature","id":329,"geometry":{"type":"LineString","coordinates":[[-80.11064704584534,26.783521546356681],[-80.109617954568847,26.783488992895069]]},"properties":{"OBJECTID_1":329,"Sys_Reli":"Reliable","SHS":1,"NHS":1,"LOCAL_NAME":"BLUE HERON BLVD","T_Max":2.1224218910000001,"Shape_Length":102.36969347083195}},{"type":"Feature","id":330,"geometry":{"type":"LineString","coordinates":[[-80.110449343368515,26.722710797785979],[-80.11033548519795,26.725178807099986]]},"properties":{"OBJECTID_1":330,"Sys_Reli":"Reliable","SHS":1,"NHS":1,"LOCAL_NAME":"SR809/MILITARY TRAIL","T_Max":1.4581175930000001,"Shape_Length":273.60496840022125}},{"type":"Feature","id":331,"geometry":{"type":"LineString","coordinates":[[-80.122446518779896,26.454231958023477],[-80.122460015605299,26.45500045367633],[-80.122464327211134,26.455816483723666],[-80.122453849082959,26.456396675909005],[-80.122438611644185,26.456802571542589],[-80.122444022957268,26.457777118605176],[-80.12244419048352,26.457914838032316],[-80.122448991475707,26.458135604284017]]},"properties":{"OBJECTID_1":331,"Sys_Reli":"Reliable","SHS":0,"NHS":1,"LOCAL_NAME":"MILITARY TR","T_Max":1.7601771930000001,"Shape_Length":432.42429677505623}},{"type":"Feature","id":332,"geometry":{"type":"LineString","coordinates":[[-80.67202161807603,26.819960457101754],[-80.669481148311363,26.821413674810245],[-80.667897613471681,26.822265668708564]]},"properties":{"OBJECTID_1":332,"Sys_Reli":"Reliable","SHS":1,"NHS":0,"LOCAL_NAME":"BACOM POINT RD","T_Max":1.2482759889999999,"Shape_Length":482.88488007072408}},{"type":"Feature","id":333,"geometry":{"type":"LineString","coordinates":[[-80.205348557985971,26.603587299275148],[-80.205069667318497,26.611465568819487],[-80.204990170793579,26.61321500248836]]},"properties":{"OBJECTID_1":333,"Sys_Reli":"Reliable","SHS":1,"NHS":1,"LOCAL_NAME":"SR-7/US-441","T_Max":1.5601751660000001,"Shape_Length":1066.9834366436767}},{"type":"Feature","id":334,"geometry":{"type":"LineString","coordinates":[[-80.060372734009931,26.452633270285567],[-80.060228571008821,26.452869924796406],[-80.059568857469955,26.453716760764472]]},"properties":{"OBJECTID_1":334,"Sys_Reli":"Reliable","SHS":1,"NHS":0,"LOCAL_NAME":"OCEAN BLVD","T_Max":1.4480408570000001,"Shape_Length":144.45586567793436}},{"type":"Feature","id":335,"geometry":{"type":"LineString","coordinates":[[-80.073656288814348,26.335867524579019],[-80.073374854299431,26.33726719246609],[-80.073223571323751,26.338026855578789]]},"properties":{"OBJECTID_1":335,"Sys_Reli":"Reliable","SHS":1,"NHS":0,"LOCAL_NAME":"OCEAN BLVD","T_Max":1.381824948,"Shape_Length":243.03642756962972}},{"type":"Feature","id":336,"geometry":{"type":"LineString","coordinates":[[-80.068078380044398,26.474081500087301],[-80.068086670360955,26.47404142955169],[-80.068198282196548,26.473340196055048],[-80.068260960655778,26.472798889808402],[-80.068281523798916,26.47234759865399],[-80.068208796715226,26.469232276245922],[-80.068163973057295,26.467013210040477],[-80.068086982603717,26.463493831673834],[-80.068055171827595,26.461716969837951]]},"properties":{"OBJECTID_1":336,"Sys_Reli":"Reliable","SHS":1,"NHS":0,"LOCAL_NAME":"NE 5TH AVE","T_Max":1.263455029,"Shape_Length":1370.9822800786776}},{"type":"Feature","id":337,"geometry":{"type":"LineString","coordinates":[[-80.087009696653993,26.951214466237928],[-80.08682470211069,26.951551337551969],[-80.086705905781258,26.951738058713243],[-80.086558805766316,26.951896197163411],[-80.086433973077234,26.95199475148986],[-80.086339229865231,26.952055281580538],[-80.086213998044329,26.952121345948079],[-80.086094824347271,26.952168091669744],[-80.085948664677801,26.952212018116033],[-80.085777790656266,26.952239153788224],[-80.08560175983672,26.952250789094975],[-80.085313325127856,26.952252217724006]]},"properties":{"OBJECTID_1":337,"Sys_Reli":"Approaching Unreliability","SHS":1,"NHS":0,"LOCAL_NAME":"SR-811/OLD DIXIE HWY","T_Max":3.0957968020000002,"Shape_Length":222.29034017668565}},{"type":"Feature","id":338,"geometry":{"type":"LineString","coordinates":[[-80.051648277772884,26.724399086805143],[-80.053222608300445,26.724444493194213],[-80.053220943749992,26.724482229023728]]},"properties":{"OBJECTID_1":338,"Sys_Reli":"Approaching Unreliability","SHS":0,"NHS":1,"LOCAL_NAME":"PALM BCH LAKES BLVD","T_Max":2.1562969930000002,"Shape_Length":160.85753552206072}},{"type":"Feature","id":339,"geometry":{"type":"LineString","coordinates":[[-80.653343607567834,26.807057474480622],[-80.653348877695777,26.807356362261007],[-80.653322775683904,26.811508886027049],[-80.65335246374535,26.811697685527715],[-80.653396524041028,26.811870221530857],[-80.653458772312717,26.81200926389462]]},"properties":{"OBJECTID_1":339,"Sys_Reli":"Reliable","SHS":1,"NHS":0,"LOCAL_NAME":"BELLE GLADE RD","T_Max":1.37042273,"Shape_Length":550.3593984712154}},{"type":"Feature","id":340,"geometry":{"type":"LineString","coordinates":[[-80.121456368058375,26.402021905002162],[-80.121514751190716,26.405339116454655],[-80.12152023230837,26.406351077467246],[-80.121535319884032,26.4071259990647],[-80.121547901411873,26.407582309351319],[-80.121557107288481,26.407844500732271],[-80.121565401190395,26.407956897618384]]},"properties":{"OBJECTID_1":340,"Sys_Reli":"Reliable","SHS":0,"NHS":1,"LOCAL_NAME":"MILITARY TR","T_Max":2.269449593,"Shape_Length":657.48045129649915}},{"type":"Feature","id":341,"geometry":{"type":"LineString","coordinates":[[-80.166334575037354,26.679301369620461],[-80.166313235542972,26.679332198345019],[-80.165856554774393,26.679991895996945]]},"properties":{"OBJECTID_1":341,"Sys_Reli":"Approaching Unreliability","SHS":1,"NHS":1,"LOCAL_NAME":"TURNPIKE MAINLINE","T_Max":2.6704571650000002,"Shape_Length":90.068705605057531}},{"type":"Feature","id":342,"geometry":{"type":"LineString","coordinates":[[-80.089027848309371,26.527673601961752],[-80.088232385510793,26.52770118315626],[-80.084796417958756,26.527815599260933],[-80.084255889130304,26.527835963412205],[-80.083877212627627,26.527870623778142],[-80.083598633504366,26.527908560057252],[-80.083253630542671,26.527967269487149],[-80.082905497613055,26.528048478626907],[-80.081320454523109,26.528513756916453],[-80.081025329409457,26.528595301994773],[-80.080742043817651,26.528668973191206],[-80.080485463292945,26.528717650007351],[-80.080192113640251,26.528760792165141],[-80.079898899135017,26.528786709128454],[-80.079649158416856,26.528801249403358],[-80.079466045574875,26.528802014856467]]},"properties":{"OBJECTID_1":342,"Sys_Reli":"Reliable","SHS":1,"NHS":1,"LOCAL_NAME":"BOYNTON BCH BLVD","T_Max":1.750741799,"Shape_Length":967.16205387180935}},{"type":"Feature","id":343,"geometry":{"type":"LineString","coordinates":[[-80.098765164116259,26.835005607089595],[-80.099686691083704,26.836416067389553],[-80.101230879873668,26.83874621706499],[-80.101753758912579,26.839672985150017]]},"properties":{"OBJECTID_1":343,"Sys_Reli":"Reliable","SHS":1,"NHS":1,"LOCAL_NAME":"I-95","T_Max":1.179412723,"Shape_Length":596.41724720151092}},{"type":"Feature","id":344,"geometry":{"type":"LineString","coordinates":[[-80.085046923020741,26.358203318461545],[-80.084599349508608,26.358787714838328],[-80.083073187012971,26.360714377146699],[-80.0824586324743,26.361513774710584],[-80.082248870217327,26.361793131233895]]},"properties":{"OBJECTID_1":344,"Sys_Reli":"Reliable","SHS":1,"NHS":1,"LOCAL_NAME":"FEDERAL HWY","T_Max":1.7348472660000001,"Shape_Length":485.85987895567365}},{"type":"Feature","id":345,"geometry":{"type":"LineString","coordinates":[[-80.129168760363115,26.350571881153009],[-80.128889813856901,26.350571478246188],[-80.128813960179045,26.350571370935352]]},"properties":{"OBJECTID_1":345,"Sys_Reli":"Reliable","SHS":0,"NHS":1,"LOCAL_NAME":"PALMETTO PARK RD","T_Max":1.8056590429999999,"Shape_Length":35.404869854196242}},{"type":"Feature","id":346,"geometry":{"type":"LineString","coordinates":[[-80.663944699274083,26.497939700755225],[-80.669460961682404,26.505041278162551]]},"properties":{"OBJECTID_1":346,"Sys_Reli":"Reliable","SHS":1,"NHS":1,"LOCAL_NAME":"US-27","T_Max":1.147441369,"Shape_Length":959.57351364270244}},{"type":"Feature","id":347,"geometry":{"type":"LineString","coordinates":[[-80.079089780283255,26.814493889130688],[-80.079230951211727,26.814686911842571],[-80.079575200486858,26.81513959526923],[-80.07987482265348,26.815504550277861],[-80.080214969032298,26.815904325018902],[-80.081425802985635,26.817245227187069],[-80.081704349356386,26.817543876240801]]},"properties":{"OBJECTID_1":347,"Sys_Reli":"Reliable","SHS":1,"NHS":0,"LOCAL_NAME":"SR-811/OLD DIXIE HWY","T_Max":1.402053006,"Shape_Length":426.49376998653003}},{"type":"Feature","id":348,"geometry":{"type":"LineString","coordinates":[[-80.052215781003838,26.609271646605542],[-80.052295001877013,26.609562570190647],[-80.052505470470706,26.610150817174002],[-80.052561086716139,26.610410750708493],[-80.052587296709561,26.610733687759225],[-80.052589642298216,26.610921713298001],[-80.052590702687439,26.611006817949718],[-80.052552552175882,26.612124732774241],[-80.052511218265636,26.613335910669175],[-80.052469867699557,26.614547489984435],[-80.05242766459962,26.615783983418726],[-80.052424959840195,26.615852191675177]]},"properties":{"OBJECTID_1":348,"Sys_Reli":"Reliable","SHS":1,"NHS":0,"LOCAL_NAME":"FEDERAL HWY","T_Max":1.521905525,"Shape_Length":734.01269764918743}},{"type":"Feature","id":349,"geometry":{"type":"LineString","coordinates":[[-80.092249140120245,26.42680176548544],[-80.092253536860156,26.42742548791675],[-80.092281400232494,26.430155040529161],[-80.092300757884459,26.43339764499709],[-80.092331490833857,26.436404417690486],[-80.092330414147298,26.439380152627759],[-80.092331648990438,26.439446801618875]]},"properties":{"OBJECTID_1":349,"Sys_Reli":"Reliable","SHS":0,"NHS":1,"LOCAL_NAME":"CONGRESS AVE","T_Max":1.3105214329999999,"Shape_Length":1400.618349480528}},{"type":"Feature","id":350,"geometry":{"type":"LineString","coordinates":[[-80.041650482242289,26.67562919366987],[-80.040420352006521,26.675787725751171]]},"properties":{"OBJECTID_1":350,"Sys_Reli":"Approaching Unreliability","SHS":1,"NHS":0,"LOCAL_NAME":"SOUTHERN BLVD","T_Max":2.204490448,"Shape_Length":123.66262068695141}},{"type":"Feature","id":351,"geometry":{"type":"LineString","coordinates":[[-80.038857612941385,26.594054306975114],[-80.038555550025478,26.599293232775633],[-80.038537329399674,26.599895754042397],[-80.03853540652922,26.600426155938145],[-80.038570017636957,26.603270312113121],[-80.038574815043759,26.603972298414554],[-80.038530152322352,26.605035080195094],[-80.038466170666609,26.605630516916584],[-80.038398555466117,26.606135641171925],[-80.038002748696286,26.608803097831053],[-80.037958561049507,26.609206814902716],[-80.03795884160391,26.609624376883499],[-80.037996486563529,26.6100015594808],[-80.038056137087821,26.610374389300301],[-80.03814119904662,26.610663658569489]]},"properties":{"OBJECTID_1":351,"Sys_Reli":"Reliable","SHS":1,"NHS":0,"LOCAL_NAME":"OCEAN BLVD","T_Max":1.1883184419999999,"Shape_Length":1845.8879909455143}},{"type":"Feature","id":352,"geometry":{"type":"LineString","coordinates":[[-80.145966558882066,26.631893014670652],[-80.145912623740543,26.633017963724541],[-80.145848834255887,26.634336316975027],[-80.145739511461699,26.63759796357752],[-80.14570554205973,26.638531582303177],[-80.145624732771992,26.641132696252885],[-80.145548647368273,26.643372000916493],[-80.145486224001175,26.645209862243757],[-80.145376900297762,26.648599188016199],[-80.145354186227237,26.649615792686184],[-80.145315597929837,26.651119926702446],[-80.14531533616848,26.651198655799384]]},"properties":{"OBJECTID_1":352,"Sys_Reli":"Reliable","SHS":0,"NHS":1,"LOCAL_NAME":"JOG RD","T_Max":1.5692390469999999,"Shape_Length":2139.3800211023545}},{"type":"Feature","id":353,"geometry":{"type":"LineString","coordinates":[[-80.133364902442239,26.619037692407119],[-80.13026023815533,26.618997924701794],[-80.130174310424749,26.618996695118135]]},"properties":{"OBJECTID_1":353,"Sys_Reli":"Approaching Unreliability","SHS":1,"NHS":1,"LOCAL_NAME":"LAKE WORTH RD","T_Max":2.9012471299999998,"Shape_Length":317.67675764396387}},{"type":"Feature","id":354,"geometry":{"type":"LineString","coordinates":[[-80.145397818592244,26.651118159438955],[-80.145315597929837,26.651119926702446],[-80.145252551498004,26.651120697820136]]},"properties":{"OBJECTID_1":354,"Sys_Reli":"Reliable","SHS":1,"NHS":1,"LOCAL_NAME":"FOREST HILL BLVD","T_Max":2.1145751829999999,"Shape_Length":14.461127167243802}},{"type":"Feature","id":355,"geometry":{"type":"LineString","coordinates":[[-80.116745075349897,26.373155766264745],[-80.116680830061938,26.373355396209888],[-80.116383268732903,26.374096172882158],[-80.115887419306418,26.375124653021807],[-80.115457557584321,26.375878154357121],[-80.114888255936421,26.376761707915662],[-80.114395143876862,26.377429045270752],[-80.113258793073982,26.37872891960566],[-80.106641918927522,26.384764802694168]]},"properties":{"OBJECTID_1":355,"Sys_Reli":"Unreliable","SHS":1,"NHS":1,"LOCAL_NAME":"I-95","T_Max":4.8323610209999996,"Shape_Length":1653.0045482741327}},{"type":"Feature","id":356,"geometry":{"type":"LineString","coordinates":[[-80.087764342815802,26.461548747722293],[-80.087359447726115,26.46155690092602],[-80.086781535145377,26.461563896416887],[-80.086117828801079,26.461573899778863],[-80.084207055396874,26.461574929054198]]},"properties":{"OBJECTID_1":356,"Sys_Reli":"Approaching Unreliability","SHS":1,"NHS":0,"LOCAL_NAME":"ATLANTIC AVE","T_Max":1.677533086,"Shape_Length":354.66327607784177}},{"type":"Feature","id":357,"geometry":{"type":"LineString","coordinates":[[-80.103102901340293,26.365367304866364],[-80.102807933080882,26.365321115333668],[-80.102509401300523,26.365253992333404],[-80.102217502666406,26.365171848578388],[-80.101945124908923,26.365085646349698],[-80.101671065111077,26.36497683776879],[-80.101401758544498,26.364854682439347],[-80.101128023310139,26.364704049301455],[-80.100705747139756,26.364437016410406],[-80.099031461142488,26.363328040495048],[-80.098524898388064,26.363010001386183],[-80.098449497296414,26.362964766861754]]},"properties":{"OBJECTID_1":357,"Sys_Reli":"Reliable","SHS":1,"NHS":1,"LOCAL_NAME":"GLADES RD","T_Max":1.4472325800000001,"Shape_Length":541.33953306283831}},{"type":"Feature","id":358,"geometry":{"type":"LineString","coordinates":[[-80.549919924248925,26.802513152769389],[-80.554531144704129,26.806002038903372]]},"properties":{"OBJECTID_1":358,"Sys_Reli":"Reliable","SHS":1,"NHS":0,"LOCAL_NAME":"OLD CONNERS HWY","T_Max":1.2481275329999999,"Shape_Length":599.47195497216148}},{"type":"Feature","id":359,"geometry":{"type":"LineString","coordinates":[[-80.122591352067062,26.46536226733139],[-80.122581302093678,26.465824662114542],[-80.122560661486347,26.466375057083514],[-80.122529642553019,26.466900379838208],[-80.122479996809517,26.467565479509044],[-80.122462596448059,26.467899895991842],[-80.122433575208731,26.468875320676609],[-80.122434643039938,26.469059607870541]]},"properties":{"OBJECTID_1":359,"Sys_Reli":"Reliable","SHS":0,"NHS":1,"LOCAL_NAME":"MILITARY TR","T_Max":1.4818428669999999,"Shape_Length":409.89468172391531}},{"type":"Feature","id":360,"geometry":{"type":"LineString","coordinates":[[-80.152652319373018,26.80997350984493],[-80.150964264360709,26.808831433947617],[-80.150492306650662,26.808517788946343]]},"properties":{"OBJECTID_1":360,"Sys_Reli":"Reliable","SHS":1,"NHS":1,"LOCAL_NAME":"BEELINE HWY","T_Max":1.4052916390000001,"Shape_Length":268.49658833839948}},{"type":"Feature","id":361,"geometry":{"type":"LineString","coordinates":[[-80.686963564789608,26.663675941831485],[-80.686940891826282,26.663675117201148],[-80.686665027711584,26.663665957889307],[-80.686239324014352,26.663660748808301],[-80.684635148707315,26.663664679201336],[-80.682023748667874,26.663717194979029],[-80.681339839429896,26.663718233546348],[-80.67913157473275,26.663720746793746],[-80.678168346683023,26.6637228419868],[-80.677711707032657,26.663726078670432],[-80.67663091232923,26.663757426801293],[-80.675736422725933,26.663760050153748],[-80.675417716557902,26.663763604074404],[-80.675108479608824,26.663784264387836],[-80.674808729931371,26.663812425309892],[-80.674535102880498,26.663853469229274],[-80.67422932075128,26.663914733249964],[-80.673978241394721,26.663972923170036],[-80.673580732894123,26.664087396823042],[-80.673204553352221,26.664231836690135],[-80.672892582817269,26.664373216292162],[-80.672685379846371,26.66448543383218]]},"properties":{"OBJECTID_1":361,"Sys_Reli":"Reliable","SHS":1,"NHS":1,"LOCAL_NAME":"SR 80","T_Max":1.353567443,"Shape_Length":1435.5993218853641}},{"type":"Feature","id":362,"geometry":{"type":"LineString","coordinates":[[-80.199796684039626,26.453643623710974],[-80.199505606668666,26.453643872091714]]},"properties":{"OBJECTID_1":362,"Sys_Reli":"Reliable","SHS":1,"NHS":0,"LOCAL_NAME":"ATLANTIC AVE","T_Max":1.6842267040000001,"Shape_Length":29.01984614757459}},{"type":"Feature","id":363,"geometry":{"type":"LineString","coordinates":[[-80.665548525557469,26.822552758042647],[-80.665508972966947,26.823040808284329],[-80.665491572022347,26.823397400173302],[-80.665516243346872,26.82356223099109],[-80.665585580217339,26.823724910171158]]},"properties":{"OBJECTID_1":363,"Sys_Reli":"Reliable","SHS":1,"NHS":0,"LOCAL_NAME":"S LAKE AVE","T_Max":1.1806058269999999,"Shape_Length":131.44200722661486}},{"type":"Feature","id":364,"geometry":{"type":"LineString","coordinates":[[-80.1287208571798,26.35038418881712],[-80.128725192983438,26.350571244641007],[-80.128726357141744,26.350660371234952]]},"properties":{"OBJECTID_1":364,"Sys_Reli":"Reliable","SHS":0,"NHS":1,"LOCAL_NAME":"MILITARY TR","T_Max":1.986880846,"Shape_Length":30.595002201833353}},{"type":"Feature","id":365,"geometry":{"type":"LineString","coordinates":[[-80.165658049201312,26.954611305062954],[-80.16716215467973,26.956679209632711]]},"properties":{"OBJECTID_1":365,"Sys_Reli":"Reliable","SHS":1,"NHS":1,"LOCAL_NAME":"TURNPIKE MAINLINE","T_Max":1.3470001229999999,"Shape_Length":273.41934784928793}},{"type":"Feature","id":366,"geometry":{"type":"LineString","coordinates":[[-80.17270125976637,26.528006272567271],[-80.1708809504117,26.528023174407227],[-80.169785054806283,26.528032470174399],[-80.167099999490873,26.528058679952149],[-80.165487620406608,26.528064204545604],[-80.163955357497343,26.528075486754027],[-80.159285190784885,26.528133944807053],[-80.149563457105344,26.528221378545297],[-80.147610057789819,26.528239995414221],[-80.147363970182283,26.528232700750753],[-80.147246616407529,26.528229786100116]]},"properties":{"OBJECTID_1":366,"Sys_Reli":"Reliable","SHS":1,"NHS":1,"LOCAL_NAME":"BOYNTON BCH BLVD","T_Max":1.507132881,"Shape_Length":2536.32108271282}},{"type":"Feature","id":367,"geometry":{"type":"LineString","coordinates":[[-80.684012117418746,26.70173408565331],[-80.68402435722362,26.709000579262046]]},"properties":{"OBJECTID_1":367,"Sys_Reli":"Reliable","SHS":1,"NHS":0,"LOCAL_NAME":"NW 16 ST","T_Max":1.274200081,"Shape_Length":804.80821039012483}},{"type":"Feature","id":368,"geometry":{"type":"LineString","coordinates":[[-80.068216771437335,26.646456226668647],[-80.068113420498236,26.647028579853703],[-80.068042564851083,26.647867746992326],[-80.068060834598853,26.648556276585143],[-80.068164924848205,26.649502676873524],[-80.068582268205716,26.651469067079237],[-80.069393962503668,26.655311213414794],[-80.069573129873305,26.656159262592897]]},"properties":{"OBJECTID_1":368,"Sys_Reli":"Reliable","SHS":1,"NHS":1,"LOCAL_NAME":"I-95","T_Max":1.5796873039999999,"Shape_Length":1089.5932652816346}},{"type":"Feature","id":369,"geometry":{"type":"LineString","coordinates":[[-80.084525221673786,26.94443054169389],[-80.084636682774999,26.945315888033242],[-80.084730863058851,26.945972047008421],[-80.084840664971324,26.947049180821153],[-80.084942207376955,26.947881081711024],[-80.085056196277492,26.948983156815288],[-80.085104200398362,26.949741279293885],[-80.085135375417337,26.950229220633354],[-80.085154794398633,26.950541391351759],[-80.085151421463223,26.951095891204758],[-80.085137991880117,26.951841689050241]]},"properties":{"OBJECTID_1":369,"Sys_Reli":"Reliable","SHS":1,"NHS":1,"LOCAL_NAME":"US-1/SR5/FEDERAL HWY","T_Max":1.765547454,"Shape_Length":824.01037490045849}},{"type":"Feature","id":370,"geometry":{"type":"LineString","coordinates":[[-80.08893617275082,26.621211659768647],[-80.088813722034715,26.624350780189754],[-80.088795056732721,26.624836720950476]]},"properties":{"OBJECTID_1":370,"Sys_Reli":"Reliable","SHS":1,"NHS":1,"LOCAL_NAME":"CONGRESS AVE","T_Max":1.64281929,"Shape_Length":401.77397686341692}},{"type":"Feature","id":371,"geometry":{"type":"LineString","coordinates":[[-80.143705851815582,26.707690742488872],[-80.141737868691976,26.707601686018101],[-80.140429663531023,26.707544798694638],[-80.13962923874594,26.70751160445597],[-80.138655670711515,26.707479065051427],[-80.138017022890423,26.707460245994397]]},"properties":{"OBJECTID_1":371,"Sys_Reli":"Reliable","SHS":1,"NHS":1,"LOCAL_NAME":"OKEECHOBEE BLVD","T_Max":2.3161106789999999,"Shape_Length":566.50880560986468}},{"type":"Feature","id":372,"geometry":{"type":"LineString","coordinates":[[-80.093363791352914,26.937157117363338],[-80.093277122541906,26.940063664937956],[-80.093236345704426,26.941419115989621],[-80.09323018845555,26.941616460075878]]},"properties":{"OBJECTID_1":372,"Sys_Reli":"Reliable","SHS":1,"NHS":0,"LOCAL_NAME":"SR-811/OLD DIXIE HWY","T_Max":1.7999263780000001,"Shape_Length":494.13646306764662}},{"type":"Feature","id":373,"geometry":{"type":"LineString","coordinates":[[-80.053220943749992,26.724482229023728],[-80.053217742207096,26.724554799867288]]},"properties":{"OBJECTID_1":373,"Sys_Reli":"Reliable","SHS":0,"NHS":1,"LOCAL_NAME":"N DIXIE HWY","T_Max":1.4933985599999999,"Shape_Length":8.0447606582948428}},{"type":"Feature","id":374,"geometry":{"type":"LineString","coordinates":[[-80.085934424929135,26.676875441393367],[-80.085250583708074,26.676858172971016],[-80.084736808088408,26.676845405356651],[-80.08419540637486,26.676827790137363],[-80.083729126892408,26.676810667385777],[-80.083250712128361,26.676780899179999],[-80.083016746784395,26.676766834229305],[-80.082855208032186,26.67675779584502]]},"properties":{"OBJECTID_1":374,"Sys_Reli":"Reliable","SHS":1,"NHS":1,"LOCAL_NAME":"SOUTHERN BLVD","T_Max":1.44684496,"Shape_Length":306.7227273546855}},{"type":"Feature","id":375,"geometry":{"type":"LineString","coordinates":[[-80.036038438453232,26.677812237131342],[-80.036038731232651,26.678043448695409],[-80.036020660185798,26.678548901967233],[-80.035978912175409,26.67888266521868],[-80.035372823378026,26.682162563320606],[-80.035191161291593,26.682998705050419],[-80.035153992544522,26.683235436377295],[-80.035112408455831,26.683657920604308]]},"properties":{"OBJECTID_1":375,"Sys_Reli":"Reliable","SHS":1,"NHS":0,"LOCAL_NAME":"OCEAN BLVD","T_Max":1.9548233340000001,"Shape_Length":654.93041508943168}},{"type":"Feature","id":376,"geometry":{"type":"LineString","coordinates":[[-80.151723926227518,26.839616738994614],[-80.151089173860157,26.839598115778667],[-80.150918589777163,26.839593108701582],[-80.150882944624655,26.839592132755591]]},"properties":{"OBJECTID_1":376,"Sys_Reli":"Reliable","SHS":1,"NHS":0,"LOCAL_NAME":"PGA BLVD","T_Max":1.2622986439999999,"Shape_Length":83.607985258895241}},{"type":"Feature","id":377,"geometry":{"type":"LineString","coordinates":[[-80.089940074605678,26.617449972510471],[-80.089227858617505,26.61742205736374]]},"properties":{"OBJECTID_1":377,"Sys_Reli":"Reliable","SHS":1,"NHS":1,"LOCAL_NAME":"LAKE WORTH RD","T_Max":1.5208085650000001,"Shape_Length":70.974766841275468}},{"type":"Feature","id":378,"geometry":{"type":"LineString","coordinates":[[-80.686879664250625,26.667688990386804],[-80.686879074177554,26.66771223950613],[-80.686753955984571,26.672127116884315],[-80.686725601170423,26.67271558095031]]},"properties":{"OBJECTID_1":378,"Sys_Reli":"Reliable","SHS":1,"NHS":0,"LOCAL_NAME":"SW 16 ST","T_Max":1.3250375299999999,"Shape_Length":556.942037657583}},{"type":"Feature","id":379,"geometry":{"type":"LineString","coordinates":[[-80.09238691459187,26.395214816796795],[-80.092338716517531,26.39527835284143],[-80.092102578534693,26.395588350388444],[-80.091494331081719,26.396527989794965],[-80.090948007736912,26.397560556369889],[-80.090628880528172,26.398224398293618],[-80.090357150031011,26.398996878391646],[-80.090185709986969,26.399605223337904],[-80.089982513888017,26.400506796720133],[-80.089838579899492,26.401760863609127],[-80.089818610760389,26.402708746107024],[-80.089831577159075,26.40463954534518],[-80.089862826008186,26.409295442193692],[-80.089762033042234,26.412637656318186],[-80.089785635004816,26.417375588755487],[-80.089801939513848,26.42078491928816],[-80.08980292689121,26.420991224562815]]},"properties":{"OBJECTID_1":379,"Sys_Reli":"Approaching Unreliability","SHS":1,"NHS":1,"LOCAL_NAME":"I-95","T_Max":3.127194448,"Shape_Length":2908.4038005532821}},{"type":"Feature","id":380,"geometry":{"type":"LineString","coordinates":[[-80.065970728998039,26.461680291894453],[-80.06553117231887,26.461686345389694],[-80.065437272871691,26.461684677450208]]},"properties":{"OBJECTID_1":380,"Sys_Reli":"Approaching Unreliability","SHS":1,"NHS":0,"LOCAL_NAME":"ATLANTIC AVE","T_Max":1.903188181,"Shape_Length":53.189285537115161}},{"type":"Feature","id":381,"geometry":{"type":"LineString","coordinates":[[-80.09093150354839,26.394427181947915],[-80.090368721485859,26.394433718649829],[-80.089793754725576,26.394438986557788],[-80.089656533678763,26.394440302220989]]},"properties":{"OBJECTID_1":381,"Sys_Reli":"Reliable","SHS":1,"NHS":1,"LOCAL_NAME":"SR-794/YAMATO RD","T_Max":1.5057910219999999,"Shape_Length":127.18823793229595}},{"type":"Feature","id":382,"geometry":{"type":"LineString","coordinates":[[-80.57679446442458,26.38552766146859],[-80.577381540083977,26.386287781509136],[-80.585729319397331,26.397062930611316],[-80.593684581358175,26.407377397600804],[-80.601919153500361,26.418018800897851],[-80.610516599783139,26.429076414001198],[-80.616740947064201,26.43707118808479],[-80.625818645511771,26.448780092059231],[-80.636300791993136,26.462305477422142],[-80.644303058690056,26.472621799060885],[-80.652233404748785,26.482850703111836],[-80.653963669138932,26.485080654654393]]},"properties":{"OBJECTID_1":382,"Sys_Reli":"Reliable","SHS":1,"NHS":1,"LOCAL_NAME":"US-27","T_Max":1.147441369,"Shape_Length":13445.083995734911}},{"type":"Feature","id":383,"geometry":{"type":"LineString","coordinates":[[-80.036265675568913,26.811573338639406],[-80.036322639482577,26.811857185390899],[-80.036474412295945,26.812444696646608],[-80.036858384590275,26.813575198673323],[-80.03716951235856,26.814271909973243]]},"properties":{"OBJECTID_1":383,"Sys_Reli":"Reliable","SHS":1,"NHS":0,"LOCAL_NAME":"N OCEAN BLVD","T_Max":1.1266678590000001,"Shape_Length":312.79946190325893}},{"type":"Feature","id":384,"geometry":{"type":"LineString","coordinates":[[-80.087876519103801,26.769996727616622],[-80.087199833183391,26.769965877968826]]},"properties":{"OBJECTID_1":384,"Sys_Reli":"Reliable","SHS":1,"NHS":1,"LOCAL_NAME":"MLK JR BLVD","T_Max":1.323492087,"Shape_Length":67.367139122820831}},{"type":"Feature","id":385,"geometry":{"type":"LineString","coordinates":[[-80.139595178837055,26.90548170285733],[-80.140273644799038,26.906991803368857]]},"properties":{"OBJECTID_1":385,"Sys_Reli":"Reliable","SHS":1,"NHS":1,"LOCAL_NAME":"I-95","T_Max":2.2503512890000001,"Shape_Length":180.32995250955042}},{"type":"Feature","id":386,"geometry":{"type":"LineString","coordinates":[[-80.212596720643731,26.680614593514647],[-80.210860751178657,26.680563755865077],[-80.209739642943845,26.680536056504081],[-80.209296265690071,26.680526886189735],[-80.208789324604837,26.680524841426557]]},"properties":{"OBJECTID_1":386,"Sys_Reli":"Reliable","SHS":1,"NHS":1,"LOCAL_NAME":"SOUTHERN BLVD","T_Max":1.5154379039999999,"Shape_Length":378.98801689056364}},{"type":"Feature","id":387,"geometry":{"type":"LineString","coordinates":[[-80.056775483251485,26.474897572014637],[-80.05676824656085,26.475398155720878],[-80.056765846511993,26.475450354512578]]},"properties":{"OBJECTID_1":387,"Sys_Reli":"Reliable","SHS":1,"NHS":0,"LOCAL_NAME":"OCEAN BLVD","T_Max":1.1916603370000001,"Shape_Length":61.237538799255773}},{"type":"Feature","id":388,"geometry":{"type":"LineString","coordinates":[[-80.71143656726008,26.607027685802663],[-80.711521134325963,26.609999828804771],[-80.711524297519517,26.610137895311695]]},"properties":{"OBJECTID_1":388,"Sys_Reli":"Reliable","SHS":1,"NHS":1,"LOCAL_NAME":"US-27","T_Max":1.147441369,"Shape_Length":344.57966918186776}},{"type":"Feature","id":389,"geometry":{"type":"LineString","coordinates":[[-80.063907673385955,26.724724849144092],[-80.061683615638472,26.724663208263177]]},"properties":{"OBJECTID_1":389,"Sys_Reli":"Approaching Unreliability","SHS":0,"NHS":1,"LOCAL_NAME":"PALM BCH LAKES BLVD","T_Max":2.235519397,"Shape_Length":221.32419999017162}},{"type":"Feature","id":390,"geometry":{"type":"LineString","coordinates":[[-80.040420352006521,26.675787725751171],[-80.039762151028611,26.675872546483266],[-80.039321401158588,26.675925987477392],[-80.039021736653567,26.675932993273296],[-80.038639877444282,26.675930410321378],[-80.038432782507016,26.67590869773942],[-80.038323650853329,26.675889893433926],[-80.038170683198047,26.675855002735169],[-80.038182256462079,26.675823481340355],[-80.038187524043181,26.675794183337985],[-80.038185316810015,26.675758049094608],[-80.038168698880611,26.6757173148894],[-80.03813889976243,26.675676481497486],[-80.038107740791247,26.675646926905493],[-80.038074127363458,26.675610589016497],[-80.038026599869681,26.675585444004252],[-80.037984066143466,26.675564836084718],[-80.037933304737663,26.675550948126293],[-80.037893111768184,26.675550675903096]]},"properties":{"OBJECTID_1":390,"Sys_Reli":"Approaching Unreliability","SHS":1,"NHS":0,"LOCAL_NAME":"SOUTHERN BLVD","T_Max":2.2112759510000002,"Shape_Length":276.26896119793162}},{"type":"Feature","id":391,"geometry":{"type":"LineString","coordinates":[[-80.038682473318715,26.615058743393657],[-80.038683144367056,26.615102329435629]]},"properties":{"OBJECTID_1":391,"Sys_Reli":"Reliable","SHS":1,"NHS":0,"LOCAL_NAME":"OCEAN BLVD","T_Max":1.2371425579999999,"Shape_Length":4.8283008856823928}},{"type":"Feature","id":392,"geometry":{"type":"LineString","coordinates":[[-80.105206576544248,26.838200873495108],[-80.10511260063501,26.838198727983752],[-80.104922808143129,26.838198146528413],[-80.104677276912128,26.83821525750119],[-80.104457629388691,26.838247444602228],[-80.104251457062304,26.838285309624109],[-80.104014983702044,26.838340713694972],[-80.10380599279641,26.838396648093394]]},"properties":{"OBJECTID_1":392,"Sys_Reli":"Reliable","SHS":1,"NHS":1,"LOCAL_NAME":"PGA BLVD","T_Max":2.2181443320000001,"Shape_Length":141.65463404494153}},{"type":"Feature","id":393,"geometry":{"type":"LineString","coordinates":[[-80.07283424073799,26.616888042801747],[-80.070368713764211,26.61680576908919],[-80.069103607123495,26.616763534719368],[-80.067833932968085,26.616719998826891],[-80.065722590403979,26.616653972459723],[-80.065503587427287,26.616641324473093]]},"properties":{"OBJECTID_1":393,"Sys_Reli":"Reliable","SHS":1,"NHS":0,"LOCAL_NAME":"LAKE WORTH RD","T_Max":1.8742725170000001,"Shape_Length":730.35884906719002}},{"type":"Feature","id":394,"geometry":{"type":"LineString","coordinates":[[-80.0758901511891,26.706006809511365],[-80.075615621514345,26.705994508469356]]},"properties":{"OBJECTID_1":394,"Sys_Reli":"Reliable","SHS":1,"NHS":1,"LOCAL_NAME":"OKEECHOBEE BLVD","T_Max":1.4435226139999999,"Shape_Length":27.34480682444438}},{"type":"Feature","id":395,"geometry":{"type":"LineString","coordinates":[[-80.089839153810729,26.426163667282776],[-80.089903004987747,26.430083084421195],[-80.089861454781428,26.431108634498095],[-80.089746418103985,26.432189076428656],[-80.089292927849115,26.43458516375382],[-80.089255029390287,26.434869300399502]]},"properties":{"OBJECTID_1":395,"Sys_Reli":"Approaching Unreliability","SHS":1,"NHS":1,"LOCAL_NAME":"I-95","T_Max":2.537252418,"Shape_Length":968.97160988821668}},{"type":"Feature","id":396,"geometry":{"type":"LineString","coordinates":[[-80.081792186664899,26.935762366107994],[-80.08293190345303,26.937851083394509],[-80.083258578982111,26.93845517174293],[-80.083440141157126,26.93882463090565],[-80.083607705378,26.939204400068036],[-80.0837372259777,26.939551667689731],[-80.08387735648941,26.940021771165878],[-80.083989278454411,26.940535382296734],[-80.084043502494367,26.940863440310267],[-80.084060639255213,26.940983035154819]]},"properties":{"OBJECTID_1":396,"Sys_Reli":"Reliable","SHS":1,"NHS":1,"LOCAL_NAME":"US-1/SR5/FEDERAL HWY","T_Max":1.479483377,"Shape_Length":624.38622898740687}},{"type":"Feature","id":397,"geometry":{"type":"LineString","coordinates":[[-80.088795056732721,26.624836720950476],[-80.088665560224285,26.628207841864413],[-80.088653475746341,26.628564272641743],[-80.088507003657895,26.632232299178117],[-80.088477494627568,26.633015534717728]]},"properties":{"OBJECTID_1":397,"Sys_Reli":"Reliable","SHS":1,"NHS":1,"LOCAL_NAME":"CONGRESS AVE","T_Max":1.6579052059999999,"Shape_Length":906.47550187178194}},{"type":"Feature","id":398,"geometry":{"type":"LineString","coordinates":[[-80.117976312622531,26.350655100145872],[-80.117532486701435,26.3506514975379],[-80.117165478501221,26.35065552314552],[-80.116475715413856,26.350663101390076]]},"properties":{"OBJECTID_1":398,"Sys_Reli":"Reliable","SHS":0,"NHS":1,"LOCAL_NAME":"PALMETTO PARK RD","T_Max":1.5512442829999999,"Shape_Length":149.75159612018058}},{"type":"Feature","id":399,"geometry":{"type":"LineString","coordinates":[[-80.10518019189648,26.83671526051582],[-80.10517457647984,26.836857481512794],[-80.10511260063501,26.838198727983752],[-80.105108964083669,26.838254343632837]]},"properties":{"OBJECTID_1":399,"Sys_Reli":"Reliable","SHS":1,"NHS":1,"LOCAL_NAME":"SR809/MILITARY TRAIL","T_Max":1.632803046,"Shape_Length":170.62838135959262}},{"type":"Feature","id":400,"geometry":{"type":"LineString","coordinates":[[-80.093441904101041,26.837721104902133],[-80.093503163040026,26.837946988530987],[-80.094347847412322,26.841076110417273],[-80.094401757436458,26.841306595148136]]},"properties":{"OBJECTID_1":400,"Sys_Reli":"Reliable","SHS":1,"NHS":0,"LOCAL_NAME":"SR-811/OLD DIXIE HWY","T_Max":1.580223763,"Shape_Length":408.46007600496193}},{"type":"Feature","id":401,"geometry":{"type":"LineString","coordinates":[[-80.172879907494647,26.556775958324849],[-80.172904278560367,26.558373327910576],[-80.172981159610472,26.559813836809735],[-80.17301979889038,26.560725950230132],[-80.173039714790676,26.561042227073326],[-80.173078902080618,26.562999668562757],[-80.173077785310809,26.56319135246428]]},"properties":{"OBJECTID_1":401,"Sys_Reli":"Approaching Unreliability","SHS":1,"NHS":1,"LOCAL_NAME":"TURNPIKE MAINLINE","T_Max":2.2731320629999998,"Shape_Length":710.9444694027502}},{"type":"Feature","id":402,"geometry":{"type":"LineString","coordinates":[[-80.052997763462272,26.513991198195697],[-80.052987604031358,26.514021847402041],[-80.052754366345752,26.514546208793906]]},"properties":{"OBJECTID_1":402,"Sys_Reli":"Reliable","SHS":1,"NHS":0,"LOCAL_NAME":"OCEAN BLVD","T_Max":1.2258211290000001,"Shape_Length":66.100536522191859}},{"type":"Feature","id":403,"geometry":{"type":"LineString","coordinates":[[-80.147261562497789,26.497108298321066],[-80.147296632112358,26.497922020772119],[-80.147322858241026,26.498745880905666],[-80.147307984896912,26.504754337770809],[-80.147286046328759,26.511279947890024],[-80.147279218850912,26.512878224079415],[-80.14727761223584,26.513027554008637],[-80.147276981664589,26.513184548738856]]},"properties":{"OBJECTID_1":403,"Sys_Reli":"Reliable","SHS":0,"NHS":1,"LOCAL_NAME":"JOG RD","T_Max":1.2803788,"Shape_Length":1780.7393943988409}},{"type":"Feature","id":404,"geometry":{"type":"LineString","coordinates":[[-80.669460961682404,26.505041278162551],[-80.669747899607955,26.505410649974227]]},"properties":{"OBJECTID_1":404,"Sys_Reli":"Reliable","SHS":1,"NHS":1,"LOCAL_NAME":"US-27","T_Max":1.147441369,"Shape_Length":49.910717398975542}},{"type":"Feature","id":405,"geometry":{"type":"LineString","coordinates":[[-80.055509257014776,26.724503648013634],[-80.055363807194638,26.724499886289546],[-80.053222608300445,26.724444493194213]]},"properties":{"OBJECTID_1":405,"Sys_Reli":"Approaching Unreliability","SHS":0,"NHS":1,"LOCAL_NAME":"PALM BCH LAKES BLVD","T_Max":2.235519397,"Shape_Length":227.53979354158957}},{"type":"Feature","id":406,"geometry":{"type":"LineString","coordinates":[[-80.055803369431231,26.807344570640257],[-80.05581733672679,26.807400160485958],[-80.055872990575352,26.807591805692823],[-80.056125032147264,26.808828085649516]]},"properties":{"OBJECTID_1":406,"Sys_Reli":"Reliable","SHS":1,"NHS":0,"LOCAL_NAME":"US-1/SR5/FEDERAL HWY","T_Max":1.2828806699999999,"Shape_Length":167.46232094407145}},{"type":"Feature","id":407,"geometry":{"type":"LineString","coordinates":[[-80.077795877136467,26.844739782787375],[-80.07685537079341,26.844716270810235],[-80.073149187520201,26.844620025589485]]},"properties":{"OBJECTID_1":407,"Sys_Reli":"Reliable","SHS":1,"NHS":1,"LOCAL_NAME":"PGA BLVD","T_Max":2.033144686,"Shape_Length":461.89256104141373}},{"type":"Feature","id":408,"geometry":{"type":"LineString","coordinates":[[-80.56732768943462,26.815697667806887],[-80.574330822897352,26.82102046914628]]},"properties":{"OBJECTID_1":408,"Sys_Reli":"Reliable","SHS":1,"NHS":0,"LOCAL_NAME":"CONNERS HWY","T_Max":1.245174437,"Shape_Length":912.0890596903597}},{"type":"Feature","id":409,"geometry":{"type":"LineString","coordinates":[[-80.123072656898714,26.50645381120464],[-80.123087102632383,26.509006463346598],[-80.123097885246736,26.510778269102076]]},"properties":{"OBJECTID_1":409,"Sys_Reli":"Reliable","SHS":0,"NHS":1,"LOCAL_NAME":"MILITARY TR","T_Max":1.3449251550000001,"Shape_Length":478.99205832110067}},{"type":"Feature","id":410,"geometry":{"type":"LineString","coordinates":[[-80.682276094706864,26.747838384436712],[-80.682094862360842,26.748230310872259],[-80.682054631758831,26.748367951917416]]},"properties":{"OBJECTID_1":410,"Sys_Reli":"Reliable","SHS":1,"NHS":0,"LOCAL_NAME":"BACOM POINT RD","T_Max":1.126167736,"Shape_Length":62.761370026222608}},{"type":"Feature","id":411,"geometry":{"type":"LineString","coordinates":[[-80.202790615464309,26.328015756403026],[-80.202795147927688,26.328186993320006],[-80.202816029507687,26.329033276767539],[-80.202829684224227,26.329635926166226],[-80.20284065618425,26.330111951763094],[-80.202875656772562,26.330857768447462],[-80.202885570454015,26.331011827020696],[-80.202908587239534,26.331369539645884],[-80.202967966406561,26.332239964320589],[-80.203004177087635,26.332948675080079],[-80.203023987965679,26.333360973010137],[-80.203055082180498,26.334601213211286],[-80.203067559936613,26.335773126374836],[-80.20306739165558,26.335926454324248],[-80.203066947539654,26.336343475346549],[-80.203054030468778,26.337482147964113],[-80.203073332744779,26.339152788377174],[-80.203075702807368,26.339266726437078],[-80.203134698113743,26.341474728153532],[-80.203145063517269,26.34259376158176],[-80.203171075483439,26.345057202270343],[-80.203181110461884,26.345649095796052],[-80.203223238442334,26.349599417885489],[-80.203224012883297,26.349644647899353]]},"properties":{"OBJECTID_1":411,"Sys_Reli":"Reliable","SHS":1,"NHS":1,"LOCAL_NAME":"SR-7/US-441","T_Max":2.1395354599999998,"Shape_Length":2396.2694629306961}},{"type":"Feature","id":412,"geometry":{"type":"LineString","coordinates":[[-80.68398381138087,26.684367567823379],[-80.683990519992165,26.689549089714522],[-80.683990574414139,26.689584026297368]]},"properties":{"OBJECTID_1":412,"Sys_Reli":"Reliable","SHS":1,"NHS":0,"LOCAL_NAME":"NW 16 ST","T_Max":1.3250375299999999,"Shape_Length":577.7526311855039}},{"type":"Feature","id":413,"geometry":{"type":"LineString","coordinates":[[-80.067354289000548,26.383956008876751],[-80.067350002018784,26.384066412167257],[-80.067330177171129,26.385059796457895]]},"properties":{"OBJECTID_1":413,"Sys_Reli":"Reliable","SHS":1,"NHS":0,"LOCAL_NAME":"OCEAN BLVD","T_Max":1.334190548,"Shape_Length":122.2823473473469}},{"type":"Feature","id":414,"geometry":{"type":"LineString","coordinates":[[-80.074704501318749,26.329766816199129],[-80.074697554498258,26.329814362684548],[-80.074326122587095,26.332257859029728],[-80.074235253476445,26.332789993046426],[-80.074100580862336,26.333581391774104],[-80.074006993472153,26.334123298694347],[-80.07382014482944,26.33505259857769]]},"properties":{"OBJECTID_1":414,"Sys_Reli":"Reliable","SHS":1,"NHS":0,"LOCAL_NAME":"OCEAN BLVD","T_Max":1.5128925630000001,"Shape_Length":592.14446651933963}},{"type":"Feature","id":415,"geometry":{"type":"LineString","coordinates":[[-80.05801286004494,26.526599737567611],[-80.058020088801129,26.526968900352013],[-80.058021854406988,26.527112728150872],[-80.05804793986627,26.528416307426227]]},"properties":{"OBJECTID_1":415,"Sys_Reli":"Reliable","SHS":1,"NHS":0,"LOCAL_NAME":"DIXIE HWY","T_Max":1.3738164639999999,"Shape_Length":201.24099632178698}},{"type":"Feature","id":416,"geometry":{"type":"LineString","coordinates":[[-80.243494635441209,26.681522076056396],[-80.242699099227778,26.681501480497314],[-80.241019356300441,26.681460425189272],[-80.237993422358173,26.681377161207557],[-80.234329559450785,26.681270217475195]]},"properties":{"OBJECTID_1":416,"Sys_Reli":"Reliable","SHS":1,"NHS":1,"LOCAL_NAME":"SOUTHERN BLVD","T_Max":1.380288746,"Shape_Length":912.35621203815515}},{"type":"Feature","id":417,"geometry":{"type":"LineString","coordinates":[[-80.1914061164549,26.453661938358898],[-80.189061925087771,26.453672058680411]]},"properties":{"OBJECTID_1":417,"Sys_Reli":"Reliable","SHS":1,"NHS":0,"LOCAL_NAME":"ATLANTIC AVE","T_Max":1.6842267040000001,"Shape_Length":233.71427812076058}},{"type":"Feature","id":418,"geometry":{"type":"LineString","coordinates":[[-80.662575866961262,26.739189042049329],[-80.662486835161587,26.739474460999418],[-80.662307570756326,26.740011515350851]]},"properties":{"OBJECTID_1":418,"Sys_Reli":"Reliable","SHS":1,"NHS":0,"LOCAL_NAME":"BELLE GLADE RD","T_Max":1.2108874460000001,"Shape_Length":94.924728860242979}},{"type":"Feature","id":419,"geometry":{"type":"LineString","coordinates":[[-80.037824810462723,26.718028538954588],[-80.037827707531719,26.718192735362656],[-80.037919861513927,26.718194850780968]]},"properties":{"OBJECTID_1":419,"Sys_Reli":"Reliable","SHS":1,"NHS":0,"LOCAL_NAME":"ROYAL PINCIANA WAY","T_Max":1.7286755199999999,"Shape_Length":27.359663770965074}},{"type":"Feature","id":420,"geometry":{"type":"LineString","coordinates":[[-80.130206171623072,26.832452649689206],[-80.129976099165191,26.838388246195823]]},"properties":{"OBJECTID_1":420,"Sys_Reli":"Reliable","SHS":1,"NHS":1,"LOCAL_NAME":"TURNPIKE MAINLINE","T_Max":2.6364950290000002,"Shape_Length":657.86460736717402}},{"type":"Feature","id":421,"geometry":{"type":"LineString","coordinates":[[-80.078427567513458,26.706119623300772],[-80.07778299609744,26.706090994551623],[-80.077435907249239,26.70607558299211],[-80.07703692896871,26.706057865921199]]},"properties":{"OBJECTID_1":421,"Sys_Reli":"Reliable","SHS":1,"NHS":1,"LOCAL_NAME":"OKEECHOBEE BLVD","T_Max":1.4435226139999999,"Shape_Length":138.51275146311215}},{"type":"Feature","id":422,"geometry":{"type":"LineString","coordinates":[[-80.07265190079022,26.523693461153293],[-80.072754969318282,26.525356030823712],[-80.072976486449036,26.52892862676768]]},"properties":{"OBJECTID_1":422,"Sys_Reli":"Reliable","SHS":1,"NHS":1,"LOCAL_NAME":"I-95","T_Max":1.8418051099999999,"Shape_Length":580.76628275654434}},{"type":"Feature","id":423,"geometry":{"type":"LineString","coordinates":[[-80.078706637546546,26.930112235430229],[-80.079589225362795,26.931731129479459]]},"properties":{"OBJECTID_1":423,"Sys_Reli":"Reliable","SHS":1,"NHS":1,"LOCAL_NAME":"US-1/SR5/FEDERAL HWY","T_Max":1.209082293,"Shape_Length":199.58939277272347}},{"type":"Feature","id":424,"geometry":{"type":"LineString","coordinates":[[-80.078401424359853,26.367007531283676],[-80.078380468784275,26.367041893230375],[-80.078112960975716,26.367509365143391],[-80.077967075428191,26.367786508537691],[-80.07788901199909,26.367937862061797],[-80.077879230630003,26.367957822895374]]},"properties":{"OBJECTID_1":424,"Sys_Reli":"Reliable","SHS":1,"NHS":1,"LOCAL_NAME":"FEDERAL HWY","T_Max":1.481316726,"Shape_Length":117.46913050914867}},{"type":"Feature","id":425,"geometry":{"type":"LineString","coordinates":[[-80.157900743376132,26.708124929437105],[-80.157857110529662,26.708123895015259],[-80.155814179936897,26.708070767265308]]},"properties":{"OBJECTID_1":425,"Sys_Reli":"Reliable","SHS":1,"NHS":1,"LOCAL_NAME":"OKEECHOBEE BLVD","T_Max":1.3401728610000001,"Shape_Length":207.65535205202823}},{"type":"Feature","id":426,"geometry":{"type":"LineString","coordinates":[[-80.706580436259841,26.664074721719153],[-80.706285972371745,26.664046193166513],[-80.70575530727902,26.664003139608738],[-80.705172757536388,26.663968455523779],[-80.70471518838707,26.663956087443534],[-80.704359286152609,26.663949633931644],[-80.70407788085717,26.663950477486651]]},"properties":{"OBJECTID_1":426,"Sys_Reli":"Reliable","SHS":1,"NHS":1,"LOCAL_NAME":"E PALM BEACH RD","T_Max":1.217523906,"Shape_Length":249.56768431207416}},{"type":"Feature","id":427,"geometry":{"type":"LineString","coordinates":[[-80.051598074565874,26.724258063774361],[-80.051596094892389,26.724316162392284]]},"properties":{"OBJECTID_1":427,"Sys_Reli":"Approaching Unreliability","SHS":0,"NHS":1,"LOCAL_NAME":"N OLIVE AVE","T_Max":2.6565646329999999,"Shape_Length":6.4384243323641197}},{"type":"Feature","id":428,"geometry":{"type":"LineString","coordinates":[[-80.093548318428688,26.45424328982552],[-80.09354877823904,26.454564111534214],[-80.093589525144182,26.45832261649393],[-80.0935796193789,26.460549393117905]]},"properties":{"OBJECTID_1":428,"Sys_Reli":"Reliable","SHS":0,"NHS":1,"LOCAL_NAME":"CONGRESS AVE","T_Max":1.4916659139999999,"Shape_Length":698.49777511347577}},{"type":"Feature","id":429,"geometry":{"type":"LineString","coordinates":[[-80.104423877269554,26.677361242891376],[-80.104068458888634,26.677346941508151]]},"properties":{"OBJECTID_1":429,"Sys_Reli":"Reliable","SHS":1,"NHS":1,"LOCAL_NAME":"SOUTHERN BLVD","T_Max":1.5275862309999999,"Shape_Length":35.401910464367482}},{"type":"Feature","id":430,"geometry":{"type":"LineString","coordinates":[[-80.036845072861894,26.675899220469148],[-80.036647822285886,26.675896604478002],[-80.036510150550725,26.675911470161711],[-80.036402448114856,26.675946849849403],[-80.036308441143305,26.675995866536073],[-80.036242027120991,26.676051837942332]]},"properties":{"OBJECTID_1":430,"Sys_Reli":"Reliable","SHS":1,"NHS":0,"LOCAL_NAME":"OCEAN BLVD","T_Max":1.9548233340000001,"Shape_Length":64.717720120203893}},{"type":"Feature","id":431,"geometry":{"type":"LineString","coordinates":[[-80.156461664352719,26.839773594033353],[-80.155079470990884,26.839764227983572],[-80.154663370847757,26.839763536762785]]},"properties":{"OBJECTID_1":431,"Sys_Reli":"Reliable","SHS":1,"NHS":0,"LOCAL_NAME":"PGA BLVD","T_Max":1.2622986439999999,"Shape_Length":178.68973364979857}},{"type":"Feature","id":432,"geometry":{"type":"LineString","coordinates":[[-80.173672581020554,26.617267466812343],[-80.17367333398829,26.617443284410584],[-80.173694516307279,26.619730827121447],[-80.173700491124094,26.621359227386069],[-80.173700894554045,26.621400352798521],[-80.17371660613658,26.62307073675105],[-80.173729745797843,26.624182222634946]]},"properties":{"OBJECTID_1":432,"Sys_Reli":"Unreliable","SHS":1,"NHS":1,"LOCAL_NAME":"TURNPIKE MAINLINE","T_Max":3.1636088820000001,"Shape_Length":765.91940929419616}},{"type":"Feature","id":433,"geometry":{"type":"LineString","coordinates":[[-80.121686861830995,26.618753459919549],[-80.115563616455901,26.618470123431106]]},"properties":{"OBJECTID_1":433,"Sys_Reli":"Reliable","SHS":1,"NHS":1,"LOCAL_NAME":"LAKE WORTH RD","T_Max":3.9486129000000001,"Shape_Length":610.42025374930688}},{"type":"Feature","id":434,"geometry":{"type":"LineString","coordinates":[[-80.052424959840195,26.615852191675177],[-80.052399919715086,26.616483488710205],[-80.052356150770038,26.617724703991854],[-80.052142638274987,26.623778925970111],[-80.05211164820561,26.624682184465879]]},"properties":{"OBJECTID_1":434,"Sys_Reli":"Reliable","SHS":1,"NHS":0,"LOCAL_NAME":"FEDERAL HWY","T_Max":1.393971928,"Shape_Length":978.55580218679233}},{"type":"Feature","id":435,"geometry":{"type":"LineString","coordinates":[[-80.204229334056123,26.631421998641564],[-80.204126079201671,26.63373822353622],[-80.20402938714895,26.635947771510885],[-80.2040282523174,26.635967281240259],[-80.204016402830348,26.636241786203435]]},"properties":{"OBJECTID_1":435,"Sys_Reli":"Reliable","SHS":1,"NHS":1,"LOCAL_NAME":"SR-7/US-441","T_Max":1.884665958,"Shape_Length":534.27038056063122}},{"type":"Feature","id":436,"geometry":{"type":"LineString","coordinates":[[-80.122518358386813,26.457777019947127],[-80.122444022957268,26.457777118605176],[-80.12124120415173,26.457782374973547],[-80.120523408692193,26.457800599920965],[-80.120082452486244,26.457808998887394],[-80.11972059227547,26.457808591612569],[-80.116345538613658,26.457774253899213],[-80.114256694791095,26.457782031716462],[-80.109861189448523,26.457798532149777],[-80.107286087313199,26.457808956597631],[-80.106864375981914,26.457812415078337],[-80.106586741888535,26.457820257554154],[-80.106262562302007,26.457841740368455],[-80.105898640645336,26.457876898558524],[-80.102456957104934,26.458233159956428],[-80.100746399793564,26.458408884149947],[-80.098656482702808,26.458625046291182],[-80.098385746093982,26.458660384924052],[-80.098059935472648,26.458720946151253],[-80.097767435174418,26.458782605423377]]},"properties":{"OBJECTID_1":436,"Sys_Reli":"Reliable","SHS":1,"NHS":1,"LOCAL_NAME":"ATLANTIC AVE","T_Max":1.4711738910000001,"Shape_Length":2474.4487061700033}},{"type":"Feature","id":437,"geometry":{"type":"LineString","coordinates":[[-80.16584181060702,26.368488066897683],[-80.165670839959063,26.36850832559389],[-80.165430066809051,26.368529527999264],[-80.165135538290343,26.368539924223295],[-80.161283299183879,26.3685553750223],[-80.160559498737484,26.368560870540872],[-80.157549914805472,26.368566547679634],[-80.154220540721042,26.36857904819481],[-80.15380357020598,26.368583344671332],[-80.152947892675485,26.368595853916425],[-80.149236924090289,26.368643925168548],[-80.148257042262458,26.368654281562605],[-80.147150235491225,26.368668045766199],[-80.145826763169225,26.368686186462558],[-80.145771714594034,26.368686724850676]]},"properties":{"OBJECTID_1":437,"Sys_Reli":"Reliable","SHS":1,"NHS":1,"LOCAL_NAME":"GLADES RD","T_Max":1.9702151880000001,"Shape_Length":2002.8133719717714}},{"type":"Feature","id":438,"geometry":{"type":"LineString","coordinates":[[-80.128588043490339,26.350571742242519],[-80.127184262754142,26.350576819515116],[-80.126068760567492,26.350596436521283],[-80.123139025829985,26.350630270745704],[-80.12224956181025,26.35064463763408],[-80.120629643854613,26.350649009737438],[-80.120056330676832,26.350653319311881]]},"properties":{"OBJECTID_1":438,"Sys_Reli":"Reliable","SHS":0,"NHS":1,"LOCAL_NAME":"PALMETTO PARK RD","T_Max":2.2530658529999998,"Shape_Length":851.42700198221132}},{"type":"Feature","id":439,"geometry":{"type":"LineString","coordinates":[[-80.108463960230509,26.759729384811369],[-80.108454925648587,26.759834824868118],[-80.108440683785744,26.760000913729886],[-80.108332807034827,26.761114554628683],[-80.108289142116234,26.761624757705949],[-80.108246260116829,26.762279111508885],[-80.108219321626649,26.762582964531447]]},"properties":{"OBJECTID_1":439,"Sys_Reli":"Reliable","SHS":1,"NHS":1,"LOCAL_NAME":"SR809/MILITARY TRAIL","T_Max":1.9507542870000001,"Shape_Length":317.03289103833924}},{"type":"Feature","id":440,"geometry":{"type":"LineString","coordinates":[[-80.09615608249517,26.853452906964822],[-80.096048055362814,26.856769713176863],[-80.096036993455314,26.857068843006715]]},"properties":{"OBJECTID_1":440,"Sys_Reli":"Reliable","SHS":1,"NHS":0,"LOCAL_NAME":"SR-811/OLD DIXIE HWY","T_Max":1.3475762520000001,"Shape_Length":400.70480150574554}},{"type":"Feature","id":441,"geometry":{"type":"LineString","coordinates":[[-80.174440446725143,26.453690127025052],[-80.174442989269423,26.453758368153288],[-80.174465847842882,26.454720840896901]]},"properties":{"OBJECTID_1":441,"Sys_Reli":"Approaching Unreliability","SHS":1,"NHS":1,"LOCAL_NAME":"TURNPIKE MAINLINE","T_Max":2.5056220439999999,"Shape_Length":114.19041412798589}},{"type":"Feature","id":442,"geometry":{"type":"LineString","coordinates":[[-80.085317503055322,26.481256736591703],[-80.084386582498396,26.483826388754572]]},"properties":{"OBJECTID_1":442,"Sys_Reli":"Reliable","SHS":1,"NHS":1,"LOCAL_NAME":"I-95","T_Max":1.772199026,"Shape_Length":299.36456632425563}},{"type":"Feature","id":443,"geometry":{"type":"LineString","coordinates":[[-80.152113623416142,26.941440328476691],[-80.152655913981448,26.942292324686644],[-80.153048140802895,26.942797992771379],[-80.15345464487946,26.943247324455303],[-80.153927208571631,26.943703826755247],[-80.1597667828471,26.948877506137265]]},"properties":{"OBJECTID_1":443,"Sys_Reli":"Reliable","SHS":1,"NHS":1,"LOCAL_NAME":"I-95","T_Max":1.7773782499999999,"Shape_Length":1125.0686893580075}},{"type":"Feature","id":444,"geometry":{"type":"LineString","coordinates":[[-80.171691093116323,26.679420684199687],[-80.167319993516372,26.679281134467409],[-80.163410232004523,26.679156966118516],[-80.157511829963028,26.678973621609899],[-80.150798206320999,26.678776120739705]]},"properties":{"OBJECTID_1":444,"Sys_Reli":"Reliable","SHS":1,"NHS":1,"LOCAL_NAME":"SOUTHERN BLVD","T_Max":2.027317171,"Shape_Length":2080.1490571214786}},{"type":"Feature","id":445,"geometry":{"type":"LineString","coordinates":[[-80.051941944248526,26.515880179757652],[-80.051815537635321,26.516059014994472],[-80.050973320644005,26.517109746652583],[-80.050797709815313,26.51733654403569],[-80.050493676844582,26.517772399826328],[-80.050275575901807,26.518132089723974],[-80.05012083090466,26.518415448463553],[-80.049972709229152,26.518730461558896],[-80.049802532509077,26.519135604881281],[-80.049698561475765,26.519421567465933],[-80.049609092209849,26.519698593616646],[-80.049542506623581,26.519939660176998],[-80.049462360653308,26.520302524966372],[-80.049369982744679,26.520901354361271],[-80.048967501472475,26.524181459118989],[-80.04883984680616,26.52513310540451],[-80.04874009571428,26.525590637337658],[-80.048665264656265,26.526001032668393]]},"properties":{"OBJECTID_1":445,"Sys_Reli":"Reliable","SHS":1,"NHS":0,"LOCAL_NAME":"OCEAN BLVD","T_Max":1.5871489459999999,"Shape_Length":1190.9207585474785}},{"type":"Feature","id":446,"geometry":{"type":"LineString","coordinates":[[-80.660145248449993,26.682277703668454],[-80.660861548985864,26.682647343687012],[-80.663280122666833,26.683833195844606],[-80.66425967428026,26.684313462571481],[-80.664909415882477,26.684632019930458],[-80.665287450844872,26.68481216038991],[-80.666306929485302,26.685297953374899],[-80.666980222761822,26.685618779545369],[-80.66715465439205,26.685691423300767],[-80.667318480540274,26.685736944450085],[-80.667507526834854,26.685753187737198],[-80.667762654238913,26.68575752004616],[-80.667762295506961,26.685885421777712]]},"properties":{"OBJECTID_1":446,"Sys_Reli":"Reliable","SHS":1,"NHS":0,"LOCAL_NAME":"E CANAL ST SOUTH","T_Max":1.2665759860000001,"Shape_Length":868.86291342792435}},{"type":"Feature","id":447,"geometry":{"type":"LineString","coordinates":[[-80.070499518137865,26.780783801093197],[-80.07012497667894,26.780837154352209],[-80.069837665109176,26.780893399623572],[-80.069517619291943,26.780971275654345],[-80.069095737053132,26.781097701538542],[-80.068698291203049,26.781251345999333],[-80.068579165367566,26.781305586747493]]},"properties":{"OBJECTID_1":447,"Sys_Reli":"Reliable","SHS":1,"NHS":1,"LOCAL_NAME":"BLUE HERON BLVD","T_Max":1.6060219520000001,"Shape_Length":200.42442201211631}},{"type":"Feature","id":448,"geometry":{"type":"LineString","coordinates":[[-80.098993108812806,26.415574122401988],[-80.098816306181575,26.415720691136471],[-80.095190525518561,26.418743556470559]]},"properties":{"OBJECTID_1":448,"Sys_Reli":"Reliable","SHS":0,"NHS":1,"LOCAL_NAME":"CONGRESS AVE","T_Max":1.533829909,"Shape_Length":516.77606634115864}},{"type":"Feature","id":449,"geometry":{"type":"LineString","coordinates":[[-80.453205925353529,26.729506332516983],[-80.4610711952202,26.735465422118839],[-80.471141541437362,26.743078283462768],[-80.476805249053569,26.747370099757383],[-80.481665590083452,26.751042391798542],[-80.493802693992777,26.760143690895386],[-80.505941737575384,26.769243966230022],[-80.515796035650055,26.776625055144166],[-80.516034086761621,26.776804469443707]]},"properties":{"OBJECTID_1":449,"Sys_Reli":"Reliable","SHS":1,"NHS":0,"LOCAL_NAME":"OLD CONNERS HWY","T_Max":1.228453456,"Shape_Length":8153.0669441077171}},{"type":"Feature","id":450,"geometry":{"type":"LineString","coordinates":[[-80.036328027252821,26.704178775054878],[-80.036331621854373,26.704200515004079],[-80.036444927189109,26.704308460745846],[-80.036443596797469,26.704444692767421],[-80.036396021169097,26.705415876058876]]},"properties":{"OBJECTID_1":450,"Sys_Reli":"Reliable","SHS":1,"NHS":0,"LOCAL_NAME":"S COUNTY RD","T_Max":1.46397387,"Shape_Length":141.63686929847211}},{"type":"Feature","id":451,"geometry":{"type":"LineString","coordinates":[[-80.683808165284049,26.74433698138332],[-80.683770867317193,26.744487079419187],[-80.683505593797591,26.745179450106473],[-80.682276094706864,26.747838384436712]]},"properties":{"OBJECTID_1":451,"Sys_Reli":"Reliable","SHS":1,"NHS":0,"LOCAL_NAME":"BACOM POINT RD","T_Max":1.126167736,"Shape_Length":416.99174868736122}},{"type":"Feature","id":452,"geometry":{"type":"LineString","coordinates":[[-80.083455120551704,26.933828377952093],[-80.083330418696164,26.933827745797416],[-80.082028022362152,26.93382797971719],[-80.081086695130438,26.933861522032039],[-80.080941942476059,26.933874632313845],[-80.080766523875923,26.933890518312261],[-80.08047324929646,26.9338948829236]]},"properties":{"OBJECTID_1":452,"Sys_Reli":"Reliable","SHS":1,"NHS":1,"LOCAL_NAME":"INDIANTOWN RD","T_Max":1.5513749189999999,"Shape_Length":296.29010801867207}},{"type":"Feature","id":453,"geometry":{"type":"LineString","coordinates":[[-80.069107253350921,26.36737166758833],[-80.068782765180657,26.369337511171228],[-80.068412627409842,26.371509373056725]]},"properties":{"OBJECTID_1":453,"Sys_Reli":"Reliable","SHS":1,"NHS":0,"LOCAL_NAME":"OCEAN BLVD","T_Max":1.334190548,"Shape_Length":463.50902209387289}},{"type":"Feature","id":454,"geometry":{"type":"LineString","coordinates":[[-80.075725369914949,26.32092758411277],[-80.075649874121837,26.322306599419246],[-80.075585968868438,26.323366388744663],[-80.075528838837485,26.32402863032749],[-80.075477913459096,26.324476696047768],[-80.075217709761873,26.326254198504866],[-80.074704501318749,26.329766816199129]]},"properties":{"OBJECTID_1":454,"Sys_Reli":"Reliable","SHS":1,"NHS":0,"LOCAL_NAME":"OCEAN BLVD","T_Max":1.5128925630000001,"Shape_Length":984.93922723933247}},{"type":"Feature","id":455,"geometry":{"type":"LineString","coordinates":[[-80.052013878037357,26.587344736468655],[-80.052024359967348,26.58755866229447],[-80.052034319128438,26.59000767773216],[-80.052049404745418,26.590279719073244]]},"properties":{"OBJECTID_1":455,"Sys_Reli":"Reliable","SHS":1,"NHS":0,"LOCAL_NAME":"DIXIE HWY","T_Max":1.6618469419999999,"Shape_Length":325.15543567469575}},{"type":"Feature","id":456,"geometry":{"type":"LineString","coordinates":[[-80.093445360900049,26.934369324455432],[-80.093447137135257,26.934398363621899]]},"properties":{"OBJECTID_1":456,"Sys_Reli":"Reliable","SHS":1,"NHS":0,"LOCAL_NAME":"SR-811/OLD DIXIE HWY","T_Max":1.6762371,"Shape_Length":3.2214770596535294}},{"type":"Feature","id":457,"geometry":{"type":"LineString","coordinates":[[-80.056642430662421,26.736338451579407],[-80.056723306538217,26.736340404217941]]},"properties":{"OBJECTID_1":457,"Sys_Reli":"Reliable","SHS":1,"NHS":0,"LOCAL_NAME":"25TH STREET","T_Max":1.282232796,"Shape_Length":8.0465259515429075}},{"type":"Feature","id":458,"geometry":{"type":"LineString","coordinates":[[-80.667760551420329,26.686568490466474],[-80.667758672992775,26.688741780958928],[-80.667754869133162,26.693136584080293],[-80.667755100150131,26.695927423083425],[-80.66776247894191,26.696126866914213],[-80.667763265585336,26.696611191162905],[-80.667755169616541,26.696836791578004],[-80.667754262572586,26.696884733771636]]},"properties":{"OBJECTID_1":458,"Sys_Reli":"Reliable","SHS":1,"NHS":1,"LOCAL_NAME":"N/S MAIN ST","T_Max":1.578339079,"Shape_Length":1142.6106608537295}},{"type":"Feature","id":459,"geometry":{"type":"LineString","coordinates":[[-80.039034363779265,26.644479618519455],[-80.039001041713732,26.645467073089243]]},"properties":{"OBJECTID_1":459,"Sys_Reli":"Reliable","SHS":1,"NHS":0,"LOCAL_NAME":"OCEAN BLVD","T_Max":1.2371425579999999,"Shape_Length":109.42682239573189}},{"type":"Feature","id":460,"geometry":{"type":"LineString","coordinates":[[-80.13271188622312,26.776710866273557],[-80.131994701829399,26.786873339913509],[-80.131907396442585,26.788432433678725],[-80.13165340185661,26.795204323174321],[-80.13163408644121,26.795695544872327]]},"properties":{"OBJECTID_1":460,"Sys_Reli":"Approaching Unreliability","SHS":1,"NHS":1,"LOCAL_NAME":"TURNPIKE MAINLINE","T_Max":2.2532465429999999,"Shape_Length":2105.7898362513674}},{"type":"Feature","id":461,"geometry":{"type":"LineString","coordinates":[[-80.130174310424749,26.618996695118135],[-80.129640902579837,26.618989052985818],[-80.12911206366239,26.618962130380709],[-80.128588921549749,26.618930156787862],[-80.128039276280418,26.618916638207246],[-80.125906394628842,26.618888325326768],[-80.125206327532709,26.618872483816364],[-80.124913571185829,26.618866948219534]]},"properties":{"OBJECTID_1":461,"Sys_Reli":"Approaching Unreliability","SHS":1,"NHS":1,"LOCAL_NAME":"LAKE WORTH RD","T_Max":2.9012471299999998,"Shape_Length":524.02545704179886}},{"type":"Feature","id":462,"geometry":{"type":"LineString","coordinates":[[-80.102389568798287,26.408247802087164],[-80.102390038023728,26.408313104914953],[-80.102407061456972,26.409643149712462]]},"properties":{"OBJECTID_1":462,"Sys_Reli":"Reliable","SHS":0,"NHS":1,"LOCAL_NAME":"CONGRESS AVE","T_Max":1.533829909,"Shape_Length":154.55994538309352}},{"type":"Feature","id":463,"geometry":{"type":"LineString","coordinates":[[-80.110765370522486,26.714157407549983],[-80.110763715173604,26.714206784730369],[-80.110674249755434,26.716742891046497]]},"properties":{"OBJECTID_1":463,"Sys_Reli":"Approaching Unreliability","SHS":1,"NHS":1,"LOCAL_NAME":"SR809/MILITARY TRAIL","T_Max":2.816758219,"Shape_Length":286.52563474838911}},{"type":"Feature","id":464,"geometry":{"type":"LineString","coordinates":[[-80.114008947750136,26.604063349165273],[-80.113990576024719,26.604519652680803],[-80.113967246848944,26.605190360868658],[-80.113959204074391,26.605508150070488],[-80.113955894519307,26.606300835232837],[-80.113944740566438,26.60684222426903],[-80.113925560464878,26.607392087943943],[-80.113924708706151,26.60741529477254]]},"properties":{"OBJECTID_1":464,"Sys_Reli":"Reliable","SHS":0,"NHS":1,"LOCAL_NAME":"MILITARY TR","T_Max":1.245818273,"Shape_Length":371.39455289387212}},{"type":"Feature","id":465,"geometry":{"type":"LineString","coordinates":[[-80.2907046215457,26.902853059189017],[-80.289595993153668,26.902485459077973],[-80.288861345169963,26.902257579025438],[-80.288313814263873,26.902060907419575],[-80.287844309277503,26.901860014612613],[-80.287351527770738,26.901607248050389],[-80.286829901128726,26.901316041483877],[-80.286372218118473,26.901011778882463],[-80.286019202120542,26.900744987798525],[-80.28561137482636,26.900390672685692],[-80.285199071388533,26.899971526778813],[-80.284842446599626,26.899576004305963],[-80.284288969480187,26.898825816860633],[-80.283621034859152,26.897933248234239],[-80.28332551847555,26.897586420019067],[-80.283038987790604,26.897289682514064],[-80.282667122707551,26.896952477780239],[-80.282308049856823,26.896653695646588],[-80.281930240506554,26.896374851179619],[-80.280269194432123,26.895265962512664]]},"properties":{"OBJECTID_1":465,"Sys_Reli":"Reliable","SHS":1,"NHS":1,"LOCAL_NAME":"BEELINE HWY","T_Max":1.115251239,"Shape_Length":1365.2326786440378}},{"type":"Feature","id":466,"geometry":{"type":"LineString","coordinates":[[-80.203645694855524,26.394264431136484],[-80.203646033266082,26.39428480658529],[-80.203659233134161,26.395079765064633],[-80.203678736308419,26.395847363252408]]},"properties":{"OBJECTID_1":466,"Sys_Reli":"Reliable","SHS":1,"NHS":1,"LOCAL_NAME":"SR-7/US-441","T_Max":1.378539253,"Shape_Length":175.35536352025082}},{"type":"Feature","id":467,"geometry":{"type":"LineString","coordinates":[[-80.070368349155842,26.359199653659267],[-80.070366682791374,26.359221420032355],[-80.070327449967323,26.359602528006825],[-80.070294062330191,26.359949484066391],[-80.070232214968826,26.360525033162382],[-80.070195008313945,26.360789912585524]]},"properties":{"OBJECTID_1":467,"Sys_Reli":"Reliable","SHS":1,"NHS":0,"LOCAL_NAME":"OCEAN BLVD","T_Max":1.334190548,"Shape_Length":177.00161241422444}},{"type":"Feature","id":468,"geometry":{"type":"LineString","coordinates":[[-80.054729329554391,26.675699819203658],[-80.054715160456269,26.676295464363413]]},"properties":{"OBJECTID_1":468,"Sys_Reli":"Reliable","SHS":1,"NHS":0,"LOCAL_NAME":"SR-805/DIXIE HWY","T_Max":1.9078759519999999,"Shape_Length":65.992429909668488}},{"type":"Feature","id":469,"geometry":{"type":"LineString","coordinates":[[-80.071786518970995,26.437709994445513],[-80.071775921772272,26.437870534325338],[-80.071741259667064,26.438118239734088],[-80.071698466882822,26.438361694925661],[-80.07164648247273,26.438587239065335],[-80.071573175780372,26.438851501013975],[-80.071489574920108,26.439090492730088],[-80.071312448440509,26.439495913729861],[-80.071225196025679,26.439650593339021]]},"properties":{"OBJECTID_1":469,"Sys_Reli":"Reliable","SHS":1,"NHS":0,"LOCAL_NAME":"FEDERAL HWY","T_Max":1.965636819,"Shape_Length":223.6721807437668}},{"type":"Feature","id":470,"geometry":{"type":"LineString","coordinates":[[-80.095157847331407,26.882944994579894],[-80.095156457253964,26.882976813253673]]},"properties":{"OBJECTID_1":470,"Sys_Reli":"Reliable","SHS":1,"NHS":0,"LOCAL_NAME":"SR-811/OLD DIXIE HWY","T_Max":1.277671993,"Shape_Length":3.527207334561381}},{"type":"Feature","id":471,"geometry":{"type":"LineString","coordinates":[[-80.056124826210009,26.736325948011775],[-80.056642430662421,26.736338451579407]]},"properties":{"OBJECTID_1":471,"Sys_Reli":"Reliable","SHS":1,"NHS":0,"LOCAL_NAME":"25TH STREET","T_Max":1.6314309870000001,"Shape_Length":51.497678187174344}},{"type":"Feature","id":472,"geometry":{"type":"LineString","coordinates":[[-80.66683591370527,26.725855038204209],[-80.666183356140337,26.72784854394985],[-80.666152014250201,26.7280672302319],[-80.666141226322409,26.728093067988567]]},"properties":{"OBJECTID_1":472,"Sys_Reli":"Reliable","SHS":1,"NHS":0,"LOCAL_NAME":"BELLE GLADE RD","T_Max":1.195600693,"Shape_Length":257.61126214820871}},{"type":"Feature","id":473,"geometry":{"type":"LineString","coordinates":[[-80.122247443579312,26.444610959506679],[-80.122274635597776,26.445886513811896],[-80.122290822640082,26.446660218318492],[-80.122369372260835,26.450444357674606]]},"properties":{"OBJECTID_1":473,"Sys_Reli":"Reliable","SHS":0,"NHS":1,"LOCAL_NAME":"MILITARY TR","T_Max":1.780329421,"Shape_Length":646.2276568329728}},{"type":"Feature","id":474,"geometry":{"type":"LineString","coordinates":[[-80.129646387127849,26.84692252393415],[-80.128939402221889,26.865385750663645],[-80.128926174434625,26.865731128445187]]},"properties":{"OBJECTID_1":474,"Sys_Reli":"Reliable","SHS":1,"NHS":1,"LOCAL_NAME":"TURNPIKE MAINLINE","T_Max":1.331910417,"Shape_Length":2084.6044259533392}},{"type":"Feature","id":475,"geometry":{"type":"LineString","coordinates":[[-80.079466045574875,26.528802014856467],[-80.079448376168031,26.528802088580711],[-80.078567700918867,26.52880592548874],[-80.07786655337614,26.52880297207539]]},"properties":{"OBJECTID_1":475,"Sys_Reli":"Reliable","SHS":1,"NHS":1,"LOCAL_NAME":"BOYNTON BCH BLVD","T_Max":1.750741799,"Shape_Length":159.36838423020896}},{"type":"Feature","id":476,"geometry":{"type":"LineString","coordinates":[[-80.041143877826798,26.705662369625916],[-80.040982138745434,26.705658402336567],[-80.036389620055104,26.705546527607098]]},"properties":{"OBJECTID_1":476,"Sys_Reli":"Reliable","SHS":1,"NHS":0,"LOCAL_NAME":"ROYAL PALM WAY","T_Max":1.884797193,"Shape_Length":473.14411962591669}},{"type":"Feature","id":477,"geometry":{"type":"LineString","coordinates":[[-80.069550137151836,26.566813297651503],[-80.069542792449866,26.56717069146621],[-80.06941844783556,26.569668499765239],[-80.069373377094152,26.570586843833905],[-80.069325048902726,26.572250701941144]]},"properties":{"OBJECTID_1":477,"Sys_Reli":"Approaching Unreliability","SHS":1,"NHS":1,"LOCAL_NAME":"I-95","T_Max":1.4509363099999999,"Shape_Length":602.71550070819023}},{"type":"Feature","id":478,"geometry":{"type":"LineString","coordinates":[[-80.060142187407394,26.893943788561433],[-80.060522188609383,26.894965621906273],[-80.061268237004612,26.89669771117871],[-80.061735195116015,26.897753081309489],[-80.062680394255793,26.89961743725091]]},"properties":{"OBJECTID_1":478,"Sys_Reli":"Reliable","SHS":1,"NHS":1,"LOCAL_NAME":"US-1/SR5/FEDERAL HWY","T_Max":1.209082293,"Shape_Length":677.60072858147919}},{"type":"Feature","id":479,"geometry":{"type":"LineString","coordinates":[[-80.093914262837558,26.588132315920252],[-80.093911408129969,26.588208940171942],[-80.093889944669044,26.589003467772322],[-80.0938706389434,26.589787774374525],[-80.093864935021074,26.590685575449559]]},"properties":{"OBJECTID_1":479,"Sys_Reli":"Reliable","SHS":0,"NHS":1,"LOCAL_NAME":"CONGRESS AVE","T_Max":1.480880067,"Shape_Length":282.86261778527057}},{"type":"Feature","id":480,"geometry":{"type":"LineString","coordinates":[[-80.106847715198541,26.350455286563164],[-80.10638094629374,26.3503790271835],[-80.10607209305843,26.35034295725983],[-80.10576519869565,26.350312298093144],[-80.105424239718417,26.350301184990201],[-80.105147784702936,26.350294354544644],[-80.104749595687196,26.350292349006107],[-80.104172448952866,26.350291719918758],[-80.103632161687315,26.350298021166616],[-80.102713457072142,26.35031071773054],[-80.101431858285792,26.350322270397154],[-80.100664376914665,26.350333357002558],[-80.100323581355326,26.350342275695251],[-80.099847717835431,26.350352425217515],[-80.098152414075955,26.350370114582915],[-80.095940581969458,26.350397663931577],[-80.09563271233327,26.350396415137872],[-80.095293645028278,26.350381136655059],[-80.095049709477877,26.350367845124481],[-80.094712820987709,26.350369176553063],[-80.093944273751347,26.350381099791893],[-80.089800052605327,26.350424402270615],[-80.087673265844742,26.350452623295787],[-80.086464493465144,26.350459225718666]]},"properties":{"OBJECTID_1":480,"Sys_Reli":"Approaching Unreliability","SHS":0,"NHS":1,"LOCAL_NAME":"PALMETTO PARK RD","T_Max":1.6683714199999999,"Shape_Length":2035.5020641826786}},{"type":"Feature","id":481,"geometry":{"type":"LineString","coordinates":[[-80.087296125098931,26.78164021191078],[-80.087286071983371,26.781828632257923]]},"properties":{"OBJECTID_1":481,"Sys_Reli":"Reliable","SHS":0,"NHS":1,"LOCAL_NAME":"CONGRESS AVE","T_Max":1.557153231,"Shape_Length":20.894679966580913}},{"type":"Feature","id":482,"geometry":{"type":"LineString","coordinates":[[-80.13440847290434,26.678317270101662],[-80.127247761197012,26.678141195182629],[-80.1266533159137,26.678140944273981],[-80.126015823969013,26.678147257789046],[-80.12535796951407,26.678170472376625],[-80.124944262202632,26.678187237815052],[-80.124060289198155,26.678236289981438],[-80.123523371154761,26.678260287833979],[-80.122626483685991,26.678280886932928],[-80.121976352810279,26.678285957622165],[-80.121314961813283,26.678275054916167],[-80.120161498734618,26.678245930709114]]},"properties":{"OBJECTID_1":482,"Sys_Reli":"Reliable","SHS":1,"NHS":1,"LOCAL_NAME":"SOUTHERN BLVD","T_Max":1.2332767419999999,"Shape_Length":1418.3339930629236}},{"type":"Feature","id":483,"geometry":{"type":"LineString","coordinates":[[-80.056765846511993,26.475450354512578],[-80.056750723170197,26.475779496775502],[-80.056721312813494,26.475956249756397]]},"properties":{"OBJECTID_1":483,"Sys_Reli":"Reliable","SHS":1,"NHS":0,"LOCAL_NAME":"OCEAN BLVD","T_Max":1.1916603370000001,"Shape_Length":56.283967897702354}},{"type":"Feature","id":484,"geometry":{"type":"LineString","coordinates":[[-80.147276981664589,26.513184548738856],[-80.147266661273861,26.51575316764357],[-80.147241056477569,26.521664377742344],[-80.147211802787766,26.526704896076836],[-80.147196781397895,26.528228548195091],[-80.147198108294546,26.528303507882701]]},"properties":{"OBJECTID_1":484,"Sys_Reli":"Reliable","SHS":0,"NHS":1,"LOCAL_NAME":"JOG RD","T_Max":1.4240303990000001,"Shape_Length":1674.6219783137358}},{"type":"Feature","id":485,"geometry":{"type":"LineString","coordinates":[[-80.146633758377831,26.618871129863319],[-80.146573556653181,26.618888350783045],[-80.146402524829682,26.618931119094128],[-80.146093643252442,26.619006860646632],[-80.145657503451702,26.619086820145725],[-80.145267349849007,26.619146299939175],[-80.144873271373527,26.619189982316101],[-80.144496826222124,26.619219235599157],[-80.144132661949158,26.619229165896666],[-80.14385564500283,26.619224726385298]]},"properties":{"OBJECTID_1":485,"Sys_Reli":"Reliable","SHS":1,"NHS":1,"LOCAL_NAME":"LAKE WORTH RD","T_Max":1.442460224,"Shape_Length":280.5519412979956}},{"type":"Feature","id":486,"geometry":{"type":"LineString","coordinates":[[-80.083925848358163,26.72411943728385],[-80.083577719783932,26.724291616675345]]},"properties":{"OBJECTID_1":486,"Sys_Reli":"Reliable","SHS":0,"NHS":1,"LOCAL_NAME":"PALM BCH LAKES BLVD","T_Max":1.836700285,"Shape_Length":39.531775182029193}},{"type":"Feature","id":487,"geometry":{"type":"LineString","coordinates":[[-80.641627242410806,26.847688826499628],[-80.636953152016332,26.854388085547594],[-80.636016180582416,26.855610513831412]]},"properties":{"OBJECTID_1":487,"Sys_Reli":"Reliable","SHS":1,"NHS":0,"LOCAL_NAME":"E MAIN ST","T_Max":1.248430237,"Shape_Length":1039.6290728862016}},{"type":"Feature","id":488,"geometry":{"type":"LineString","coordinates":[[-80.121654174382769,26.409652315150023],[-80.121702363875499,26.412122200474993],[-80.121733999446249,26.414383541469256]]},"properties":{"OBJECTID_1":488,"Sys_Reli":"Reliable","SHS":0,"NHS":1,"LOCAL_NAME":"MILITARY TR","T_Max":1.4490272420000001,"Shape_Length":524.09516348627085}},{"type":"Feature","id":489,"geometry":{"type":"LineString","coordinates":[[-80.137656817847031,26.712998108322271],[-80.137206183234156,26.714024182879186],[-80.136867006157402,26.714924953065466],[-80.136701224915939,26.71544408108149]]},"properties":{"OBJECTID_1":489,"Sys_Reli":"Approaching Unreliability","SHS":1,"NHS":1,"LOCAL_NAME":"TURNPIKE MAINLINE","T_Max":2.2644147729999999,"Shape_Length":287.3166177462731}},{"type":"Feature","id":490,"geometry":{"type":"LineString","coordinates":[[-80.185275827614433,26.527890866405428],[-80.184710526758138,26.527893561018626],[-80.184349319423902,26.527889729420139],[-80.184011781187834,26.527870141034544],[-80.183466330307581,26.527824638356414],[-80.183052211109299,26.52780814028058],[-80.182712621271946,26.527802663285147],[-80.181418676173976,26.527815705714637]]},"properties":{"OBJECTID_1":490,"Sys_Reli":"Reliable","SHS":1,"NHS":1,"LOCAL_NAME":"BOYNTON BCH BLVD","T_Max":1.5003233010000001,"Shape_Length":384.66510769533812}},{"type":"Feature","id":491,"geometry":{"type":"LineString","coordinates":[[-80.684060021028941,26.72501655125782],[-80.684061620639966,26.725705446305302],[-80.68406261365223,26.725800252485818],[-80.684107502557453,26.737848751029471]]},"properties":{"OBJECTID_1":491,"Sys_Reli":"Reliable","SHS":1,"NHS":0,"LOCAL_NAME":"BACOM POINT RD","T_Max":1.121620311,"Shape_Length":1421.2555803279436}},{"type":"Feature","id":492,"geometry":{"type":"LineString","coordinates":[[-80.061114728690228,26.449825759555072],[-80.06107299500573,26.450214878049685],[-80.060972610553435,26.451023964476544],[-80.060886072091819,26.451413877214723],[-80.060778468176807,26.451774316714921],[-80.060558585760845,26.452285122526945],[-80.060372734009931,26.452633270285567]]},"properties":{"OBJECTID_1":492,"Sys_Reli":"Reliable","SHS":1,"NHS":0,"LOCAL_NAME":"OCEAN BLVD","T_Max":1.4480408570000001,"Shape_Length":322.31443165699034}},{"type":"Feature","id":493,"geometry":{"type":"LineString","coordinates":[[-80.057647776012985,26.607423220299093],[-80.057609398608591,26.608573140254357]]},"properties":{"OBJECTID_1":493,"Sys_Reli":"Reliable","SHS":1,"NHS":0,"LOCAL_NAME":"SR-805/DIXIE HWY","T_Max":1.602275543,"Shape_Length":127.42831058221509}},{"type":"Feature","id":494,"geometry":{"type":"LineString","coordinates":[[-80.053556548800117,26.573050523822129],[-80.053461208742135,26.575228165502676]]},"properties":{"OBJECTID_1":494,"Sys_Reli":"Reliable","SHS":1,"NHS":0,"LOCAL_NAME":"DIXIE HWY","T_Max":1.6618469419999999,"Shape_Length":241.39264511792362}},{"type":"Feature","id":495,"geometry":{"type":"LineString","coordinates":[[-80.100304951287796,26.706689125252257],[-80.100256448931887,26.706687525851912]]},"properties":{"OBJECTID_1":495,"Sys_Reli":"Reliable","SHS":1,"NHS":1,"LOCAL_NAME":"OKEECHOBEE BLVD","T_Max":1.7858905410000001,"Shape_Length":4.828321038452537}},{"type":"Feature","id":496,"geometry":{"type":"LineString","coordinates":[[-80.093447137135257,26.934398363621899],[-80.093450154910002,26.934447731908236],[-80.093425378483104,26.935091595603836],[-80.093363791352914,26.937157117363338]]},"properties":{"OBJECTID_1":496,"Sys_Reli":"Reliable","SHS":1,"NHS":0,"LOCAL_NAME":"SR-811/OLD DIXIE HWY","T_Max":1.7917365649999999,"Shape_Length":305.71743419633469}},{"type":"Feature","id":497,"geometry":{"type":"LineString","coordinates":[[-80.05317739855569,26.725469181920367],[-80.053148197078684,26.726131019977412],[-80.053136683105905,26.726473558116794],[-80.053128116022123,26.726907296263164]]},"properties":{"OBJECTID_1":497,"Sys_Reli":"Reliable","SHS":1,"NHS":1,"LOCAL_NAME":"N DIXIE HWY","T_Max":1.4933985599999999,"Shape_Length":159.37801950439615}},{"type":"Feature","id":498,"geometry":{"type":"LineString","coordinates":[[-80.673573211300763,26.725684798615518],[-80.668682953903925,26.725674907617595],[-80.668523665320592,26.725677939430525]]},"properties":{"OBJECTID_1":498,"Sys_Reli":"Reliable","SHS":1,"NHS":0,"LOCAL_NAME":"HOOKER HWY","T_Max":1.351690184,"Shape_Length":502.21301170930974}},{"type":"Feature","id":499,"geometry":{"type":"LineString","coordinates":[[-80.037233037167312,26.648397284711578],[-80.037245322721915,26.648978122643051]]},"properties":{"OBJECTID_1":499,"Sys_Reli":"Reliable","SHS":1,"NHS":0,"LOCAL_NAME":"OCEAN BLVD","T_Max":1.2371425579999999,"Shape_Length":64.348863592234622}},{"type":"Feature","id":500,"geometry":{"type":"LineString","coordinates":[[-80.115563616455901,26.618470123431106],[-80.113611496313624,26.618379737913571],[-80.113525875365255,26.618375962302316]]},"properties":{"OBJECTID_1":500,"Sys_Reli":"Approaching Unreliability","SHS":1,"NHS":1,"LOCAL_NAME":"LAKE WORTH RD","T_Max":4.1921902089999996,"Shape_Length":203.14018474393771}},{"type":"Feature","id":501,"geometry":{"type":"LineString","coordinates":[[-80.110962170469932,26.706791770226417],[-80.109710334681324,26.706773848980109],[-80.109366396748527,26.706778513027569],[-80.108657567429702,26.706796252335884],[-80.108148072619997,26.706807413201293]]},"properties":{"OBJECTID_1":501,"Sys_Reli":"Reliable","SHS":1,"NHS":1,"LOCAL_NAME":"OKEECHOBEE BLVD","T_Max":2.042326782,"Shape_Length":280.0110285968039}},{"type":"Feature","id":502,"geometry":{"type":"LineString","coordinates":[[-80.205302731935063,26.525589173258062],[-80.205335529281143,26.527631936167349],[-80.205335054359566,26.527748701330232],[-80.205337564280285,26.527870004683347]]},"properties":{"OBJECTID_1":502,"Sys_Reli":"Reliable","SHS":1,"NHS":1,"LOCAL_NAME":"SR-7/US-441","T_Max":1.12901421,"Shape_Length":252.65175622772287}},{"type":"Feature","id":503,"geometry":{"type":"LineString","coordinates":[[-80.048483519310409,26.706119873992485],[-80.048050853725925,26.706075851994935],[-80.047919377165073,26.706003683299684],[-80.046054311027689,26.705882525022449]]},"properties":{"OBJECTID_1":503,"Sys_Reli":"Reliable","SHS":1,"NHS":0,"LOCAL_NAME":"ROYAL PALM WAY","T_Max":1.8671307619999999,"Shape_Length":244.67425371558869}},{"type":"Feature","id":504,"geometry":{"type":"LineString","coordinates":[[-80.098500007592207,26.797776470503386],[-80.098497282985633,26.797865074733718],[-80.098496811183225,26.797898667415325],[-80.098446575285408,26.799520096666985]]},"properties":{"OBJECTID_1":504,"Sys_Reli":"Reliable","SHS":1,"NHS":1,"LOCAL_NAME":"I-95","T_Max":2.8807484720000001,"Shape_Length":193.20971634317058}},{"type":"Feature","id":505,"geometry":{"type":"LineString","coordinates":[[-80.061159525483646,26.844162190688195],[-80.061046596365145,26.844502880885798],[-80.060895845633695,26.844974250333014],[-80.060504238172385,26.846251095756195],[-80.060262666720718,26.846984162438233],[-80.058958290212075,26.850850172925853]]},"properties":{"OBJECTID_1":505,"Sys_Reli":"Reliable","SHS":1,"NHS":1,"LOCAL_NAME":"US-1/SR5/FEDERAL HWY","T_Max":1.4042376089999999,"Shape_Length":772.46784154288798}},{"type":"Feature","id":506,"geometry":{"type":"LineString","coordinates":[[-80.089444234099986,26.604390445238959],[-80.089405927695296,26.605462333043629],[-80.089364669032548,26.6062504343436],[-80.089330945873627,26.607192052262697],[-80.089263932344565,26.608651607196123],[-80.089251035049045,26.609174916718196],[-80.08924040988839,26.609563392477554],[-80.089239696949818,26.609654282289974]]},"properties":{"OBJECTID_1":506,"Sys_Reli":"Reliable","SHS":0,"NHS":1,"LOCAL_NAME":"CONGRESS AVE","T_Max":1.4959358229999999,"Shape_Length":583.42220147703267}},{"type":"Feature","id":507,"geometry":{"type":"LineString","coordinates":[[-80.107356772201328,26.779606999936064],[-80.107354299493323,26.779665032209735],[-80.107347423419611,26.779848787222743],[-80.107307209983901,26.780843100681249],[-80.107262691652423,26.781853187135994],[-80.107228824996881,26.782407464309276],[-80.107207019663761,26.782930006518541],[-80.107196993800116,26.783412378746021],[-80.107187133071207,26.783556334708891],[-80.107168842222364,26.783948086443981]]},"properties":{"OBJECTID_1":507,"Sys_Reli":"Reliable","SHS":1,"NHS":1,"LOCAL_NAME":"SR809/MILITARY TRAIL","T_Max":2.3879398890000001,"Shape_Length":481.23370103923929}},{"type":"Feature","id":508,"geometry":{"type":"LineString","coordinates":[[-80.044114783069361,26.823393263865817],[-80.045070223077502,26.825780383514537],[-80.045134870392459,26.825942684038147]]},"properties":{"OBJECTID_1":508,"Sys_Reli":"Reliable","SHS":1,"NHS":0,"LOCAL_NAME":"N OCEAN BLVD","T_Max":1.1266678590000001,"Shape_Length":300.04112892865709}},{"type":"Feature","id":509,"geometry":{"type":"LineString","coordinates":[[-80.071638060206183,26.769607724107221],[-80.071376230469383,26.769598156727344],[-80.071253101977845,26.769594419245472],[-80.070350109016871,26.769567058907725],[-80.061410262011393,26.76921328520606]]},"properties":{"OBJECTID_1":509,"Sys_Reli":"Reliable","SHS":1,"NHS":1,"LOCAL_NAME":"MLK JR BLVD","T_Max":1.355758724,"Shape_Length":1017.8656844550804}},{"type":"Feature","id":510,"geometry":{"type":"LineString","coordinates":[[-80.141153530826955,26.67849896380454],[-80.14090973249418,26.678490574630551],[-80.139468180481927,26.678451163756748],[-80.136985954921741,26.678381569770373],[-80.134456878664011,26.678318458884714],[-80.13440847290434,26.678317270101662]]},"properties":{"OBJECTID_1":510,"Sys_Reli":"Reliable","SHS":1,"NHS":1,"LOCAL_NAME":"SOUTHERN BLVD","T_Max":1.340382846,"Shape_Length":671.46968324514137}},{"type":"Feature","id":511,"geometry":{"type":"LineString","coordinates":[[-80.045587373473907,26.540958512843972],[-80.045286565005156,26.541629135778315],[-80.044893331730592,26.542448085941341],[-80.04478292349566,26.542598567616732],[-80.044606717161571,26.542739586096094],[-80.04441912733607,26.542815071998529],[-80.044165451234505,26.542917193442143],[-80.044011488269916,26.543024504647533],[-80.043917127021174,26.543129959268452],[-80.043841147726724,26.54328970492379],[-80.04367395124693,26.543857368077568],[-80.043387666203358,26.545314501118618]]},"properties":{"OBJECTID_1":511,"Sys_Reli":"Reliable","SHS":1,"NHS":0,"LOCAL_NAME":"OCEAN BLVD","T_Max":1.2674021040000001,"Shape_Length":553.12569575423686}},{"type":"Feature","id":512,"geometry":{"type":"LineString","coordinates":[[-80.146572037197288,26.618945121765059],[-80.146569543372934,26.619038283403569],[-80.146520596463688,26.620507554013166],[-80.146433528880721,26.622284061123217],[-80.146389774986005,26.623174181147448],[-80.146198640924538,26.627047418498393],[-80.146101865585251,26.629145412315694],[-80.145985141351375,26.631520287833986],[-80.145966558882066,26.631893014670652]]},"properties":{"OBJECTID_1":512,"Sys_Reli":"Reliable","SHS":0,"NHS":1,"LOCAL_NAME":"JOG RD","T_Max":2.2619140139999998,"Shape_Length":1435.4324555322537}},{"type":"Feature","id":513,"geometry":{"type":"LineString","coordinates":[[-80.674312608272544,26.511301167969773],[-80.678724334401906,26.516998748867959],[-80.680192939340813,26.518882922083293]]},"properties":{"OBJECTID_1":513,"Sys_Reli":"Reliable","SHS":1,"NHS":1,"LOCAL_NAME":"US-27","T_Max":1.147441369,"Shape_Length":1023.9086827304764}},{"type":"Feature","id":514,"geometry":{"type":"LineString","coordinates":[[-80.145252551498004,26.651120697820136],[-80.144622084063712,26.651128420981685],[-80.14427968425008,26.651147762893693],[-80.143905474425395,26.651176424754333],[-80.143404669057119,26.65122198238938],[-80.143027005569991,26.65127081320475],[-80.142577174303554,26.651336247058726],[-80.14213665450049,26.651423886029818],[-80.141601067638177,26.651548429258639],[-80.140409932082775,26.651864922621918],[-80.139944562748468,26.651979658557693],[-80.139511633149723,26.652065625245058],[-80.139037032229481,26.652146225396539],[-80.138619520603143,26.652199925756605],[-80.13821159841612,26.652238334702169],[-80.137762030864081,26.652267975141193],[-80.137373238528582,26.652282655454364],[-80.137033524584766,26.652290588706848],[-80.136751138796384,26.65228903105896],[-80.136207208426569,26.652276675555136],[-80.136186239827637,26.652276017252905]]},"properties":{"OBJECTID_1":514,"Sys_Reli":"Reliable","SHS":1,"NHS":1,"LOCAL_NAME":"FOREST HILL BLVD","T_Max":1.440593207,"Shape_Length":916.09534932082772}},{"type":"Feature","id":515,"geometry":{"type":"LineString","coordinates":[[-80.175962233778193,26.45373480744777],[-80.175874893540893,26.453735797944397],[-80.175522930660875,26.453732862689442],[-80.175157291162307,26.453722062144536],[-80.175008841983583,26.453712413791177]]},"properties":{"OBJECTID_1":515,"Sys_Reli":"Reliable","SHS":1,"NHS":0,"LOCAL_NAME":"ATLANTIC AVE","T_Max":1.5924386500000001,"Shape_Length":95.111998925689676}},{"type":"Feature","id":516,"geometry":{"type":"LineString","coordinates":[[-80.13727018836164,26.36862141539499],[-80.137237969792608,26.368619460671493],[-80.136749454668333,26.368594282288061],[-80.13212652466747,26.368380247848258],[-80.130976984307466,26.36830878200729],[-80.130441859793223,26.368258503587995],[-80.130042323115433,26.368227859292929],[-80.129714231675933,26.368217804824809],[-80.129340719770042,26.36820686310903],[-80.128917504329451,26.368199750545461],[-80.128461423160388,26.368192963987511],[-80.124603013302064,26.368077447561134]]},"properties":{"OBJECTID_1":516,"Sys_Reli":"Reliable","SHS":1,"NHS":1,"LOCAL_NAME":"GLADES RD","T_Max":1.8073790810000001,"Shape_Length":1265.5066457874702}},{"type":"Feature","id":517,"geometry":{"type":"LineString","coordinates":[[-80.451298099667525,26.725876553418285],[-80.451298554039795,26.72590571154775]]},"properties":{"OBJECTID_1":517,"Sys_Reli":"Reliable","SHS":1,"NHS":0,"LOCAL_NAME":"CONNERS HWY","T_Max":1.228453456,"Shape_Length":3.2298407543483085}},{"type":"Feature","id":518,"geometry":{"type":"LineString","coordinates":[[-80.114190583061841,26.589252112330158],[-80.114246491106798,26.589432106820922],[-80.11432636521694,26.589765513134555],[-80.114453691978611,26.590469823208586],[-80.114497605537863,26.590823113011552]]},"properties":{"OBJECTID_1":518,"Sys_Reli":"Reliable","SHS":0,"NHS":1,"LOCAL_NAME":"MILITARY TR","T_Max":1.245866964,"Shape_Length":176.8863599460345}},{"type":"Feature","id":519,"geometry":{"type":"LineString","coordinates":[[-80.199137240690675,26.841058554005002],[-80.19893502291265,26.840922949074915],[-80.197112738098596,26.839705583563852]]},"properties":{"OBJECTID_1":519,"Sys_Reli":"Reliable","SHS":1,"NHS":1,"LOCAL_NAME":"BEELINE HWY","T_Max":1.124442095,"Shape_Length":250.84669641968725}},{"type":"Feature","id":520,"geometry":{"type":"LineString","coordinates":[[-80.205069189000326,26.505902221141969],[-80.205070810837654,26.506030066612624],[-80.205142152926655,26.512197791847004],[-80.205261289709,26.522421858813185]]},"properties":{"OBJECTID_1":520,"Sys_Reli":"Reliable","SHS":1,"NHS":1,"LOCAL_NAME":"SR-7/US-441","T_Max":1.12901421,"Shape_Length":1829.8182757102404}},{"type":"Feature","id":521,"geometry":{"type":"LineString","coordinates":[[-80.086301286916097,26.758651458551999],[-80.08628515749146,26.758794549313713],[-80.086273801018763,26.758943429033891],[-80.086255968110621,26.759177385920811],[-80.086215642251076,26.759610897398591],[-80.086211286672082,26.759679019703167]]},"properties":{"OBJECTID_1":521,"Sys_Reli":"Reliable","SHS":0,"NHS":1,"LOCAL_NAME":"CONGRESS AVE","T_Max":1.9914992650000001,"Shape_Length":114.17927718567036}},{"type":"Feature","id":522,"geometry":{"type":"LineString","coordinates":[[-80.363118458517192,26.685021110090915],[-80.359268471184436,26.684916315324315],[-80.354146758327573,26.684767201964938]]},"properties":{"OBJECTID_1":522,"Sys_Reli":"Reliable","SHS":1,"NHS":1,"LOCAL_NAME":"SOUTHERN BLVD","T_Max":1.137706916,"Shape_Length":893.0847681147161}},{"type":"Feature","id":523,"geometry":{"type":"LineString","coordinates":[[-80.066915125792548,26.391046821288736],[-80.066730354903868,26.393265068096042],[-80.066553612678092,26.394532631076729]]},"properties":{"OBJECTID_1":523,"Sys_Reli":"Reliable","SHS":1,"NHS":0,"LOCAL_NAME":"OCEAN BLVD","T_Max":1.473617307,"Shape_Length":387.88681245147836}},{"type":"Feature","id":524,"geometry":{"type":"LineString","coordinates":[[-80.146243595416053,26.408527776590681],[-80.146254557804269,26.409414526316365]]},"properties":{"OBJECTID_1":524,"Sys_Reli":"Reliable","SHS":0,"NHS":1,"LOCAL_NAME":"JOG RD","T_Max":1.3549998059999999,"Shape_Length":98.222389454800108}},{"type":"Feature","id":525,"geometry":{"type":"LineString","coordinates":[[-80.092074550032052,26.782951056279298],[-80.091319104744656,26.782921945528994],[-80.090570556434656,26.782898643146108],[-80.090102976720772,26.782869968001176],[-80.089595275254553,26.782807797086033],[-80.089143247246795,26.782727873603218],[-80.088639326715523,26.782614377566883],[-80.08820779953669,26.782496817192861],[-80.087792235353206,26.782360459603609],[-80.087431484725712,26.782228773012584],[-80.087262914768516,26.782167235147607]]},"properties":{"OBJECTID_1":525,"Sys_Reli":"Reliable","SHS":1,"NHS":1,"LOCAL_NAME":"BLUE HERON BLVD","T_Max":1.50594944,"Shape_Length":490.24989370876574}},{"type":"Feature","id":526,"geometry":{"type":"LineString","coordinates":[[-80.666965223519497,26.682252769526347],[-80.666311728798945,26.682249316220851],[-80.66530850632391,26.682244009662931],[-80.664813393466602,26.682241386668675],[-80.664285861447937,26.682240141690102],[-80.663829051134925,26.682239062153293],[-80.663254245096994,26.682237701447665],[-80.662812663931007,26.682236289076279],[-80.660794445299132,26.682229816859081],[-80.660527962331628,26.682228959901085],[-80.660271660208764,26.682228347099699],[-80.660254021573977,26.682235234595041]]},"properties":{"OBJECTID_1":526,"Sys_Reli":"Reliable","SHS":1,"NHS":0,"LOCAL_NAME":"DR MLK JR BLVD","T_Max":1.2253689590000001,"Shape_Length":667.88842005037054}},{"type":"Feature","id":527,"geometry":{"type":"LineString","coordinates":[[-80.153807153661546,26.350333557669295],[-80.15380992613828,26.350413226297501],[-80.153846892730655,26.351989177660879]]},"properties":{"OBJECTID_1":527,"Sys_Reli":"Reliable","SHS":0,"NHS":1,"LOCAL_NAME":"POWERLINE RD","T_Max":1.4040601159999999,"Shape_Length":183.41784582542729}},{"type":"Feature","id":528,"geometry":{"type":"LineString","coordinates":[[-80.204759536288933,26.618732763749041],[-80.204654558907094,26.621462477164524]]},"properties":{"OBJECTID_1":528,"Sys_Reli":"Reliable","SHS":1,"NHS":1,"LOCAL_NAME":"SR-7/US-441","T_Max":1.884665958,"Shape_Length":302.52861507544458}},{"type":"Feature","id":529,"geometry":{"type":"LineString","coordinates":[[-80.090109264327438,26.461543650118557],[-80.089386718830966,26.461542737653634],[-80.088879504210311,26.461543297174192]]},"properties":{"OBJECTID_1":529,"Sys_Reli":"Reliable","SHS":1,"NHS":1,"LOCAL_NAME":"ATLANTIC AVE","T_Max":2.0271140010000002,"Shape_Length":122.59920652502809}},{"type":"Feature","id":530,"geometry":{"type":"LineString","coordinates":[[-80.170874603540852,26.367869995621795],[-80.16964276626598,26.367870368242251],[-80.169162031321321,26.367874394830089],[-80.168758001245919,26.367892197028876],[-80.168456565434838,26.367917185809954],[-80.1682141325863,26.367949662093572],[-80.168046504791832,26.367975936396938],[-80.167816126108988,26.368016433712953],[-80.167596515687663,26.368060895504986],[-80.167337203418754,26.368121222684859],[-80.167094186276245,26.368193866479],[-80.166740313253456,26.368303078011461],[-80.166445941232226,26.3683792130523],[-80.166220044983902,26.368431105658352],[-80.165947268838721,26.36847556952651],[-80.165857787941832,26.368486173628323]]},"properties":{"OBJECTID_1":530,"Sys_Reli":"Reliable","SHS":1,"NHS":1,"LOCAL_NAME":"GLADES RD","T_Max":2.0075962860000001,"Shape_Length":508.8042309078898}},{"type":"Feature","id":531,"geometry":{"type":"LineString","coordinates":[[-80.111525200128696,26.691967563404159],[-80.111522479692354,26.692066527647256],[-80.111485108296506,26.693265048231801],[-80.11145024485225,26.694613713736931],[-80.111373228001369,26.697089452107434],[-80.111158801986491,26.703118763472819],[-80.111078501425823,26.704939729825245],[-80.111035262923394,26.705875246135804],[-80.111002604908336,26.706792348506198],[-80.111001007325143,26.706852320835576]]},"properties":{"OBJECTID_1":531,"Sys_Reli":"Reliable","SHS":1,"NHS":1,"LOCAL_NAME":"SR809/MILITARY TRAIL","T_Max":1.55988646,"Shape_Length":1649.5573951420906}},{"type":"Feature","id":532,"geometry":{"type":"LineString","coordinates":[[-80.113048126604951,26.629505491771308],[-80.112948271745068,26.631985114455858],[-80.112781987306406,26.636135909019561],[-80.11275086883073,26.63687115175847],[-80.112728065750318,26.637469665044136],[-80.112450496804726,26.644277249699925],[-80.112373062214502,26.646166523273813],[-80.112343440998643,26.647120754236592],[-80.112326854831423,26.64788992301947],[-80.112326143481013,26.648010229129653]]},"properties":{"OBJECTID_1":532,"Sys_Reli":"Reliable","SHS":1,"NHS":1,"LOCAL_NAME":"MILITARY TR","T_Max":1.4356903999999999,"Shape_Length":2050.9432941754867}},{"type":"Feature","id":533,"geometry":{"type":"LineString","coordinates":[[-80.693072163670493,26.793763576841851],[-80.693162178978127,26.793918050290433]]},"properties":{"OBJECTID_1":533,"Sys_Reli":"Reliable","SHS":1,"NHS":0,"LOCAL_NAME":"BACOM POINT RD","T_Max":1.126167736,"Shape_Length":19.307313925767474}},{"type":"Feature","id":534,"geometry":{"type":"LineString","coordinates":[[-80.204432368707572,26.453975971666338],[-80.204431010052218,26.454720406242409],[-80.20444317222433,26.455847274075804],[-80.20445269975481,26.456390580346984],[-80.204451373849935,26.457306936855861],[-80.204450893343179,26.458511367653315],[-80.204457169965821,26.460103006932179],[-80.204493192279969,26.46419532766479],[-80.204545926383545,26.469364914364359],[-80.204561940381652,26.470305199902732],[-80.20457552811294,26.471512987970993]]},"properties":{"OBJECTID_1":534,"Sys_Reli":"Reliable","SHS":1,"NHS":1,"LOCAL_NAME":"SR-7/US-441","T_Max":1.130293542,"Shape_Length":1942.461735753217}},{"type":"Feature","id":535,"geometry":{"type":"LineString","coordinates":[[-80.203306655577876,26.34959631806743],[-80.203274571602535,26.349597510238876]]},"properties":{"OBJECTID_1":535,"Sys_Reli":"Reliable","SHS":0,"NHS":1,"LOCAL_NAME":"PALMETTO PARK RD","T_Max":1.3488860300000001,"Shape_Length":3.2042976967336245}},{"type":"Feature","id":536,"geometry":{"type":"LineString","coordinates":[[-80.332105215792211,26.684126116896639],[-80.330992189153875,26.684095033897176],[-80.328081903874917,26.68401751878643],[-80.324189710379471,26.68391249507421],[-80.323035626715566,26.683882957413303]]},"properties":{"OBJECTID_1":536,"Sys_Reli":"Reliable","SHS":1,"NHS":1,"LOCAL_NAME":"SOUTHERN BLVD","T_Max":1.137706916,"Shape_Length":902.79441456260747}},{"type":"Feature","id":537,"geometry":{"type":"LineString","coordinates":[[-80.066553612678092,26.394532631076729],[-80.066387925435322,26.395720880504214],[-80.065698188432378,26.401052490219566],[-80.065504247423519,26.402515932963876],[-80.065358134310188,26.403666818673514]]},"properties":{"OBJECTID_1":537,"Sys_Reli":"Reliable","SHS":1,"NHS":0,"LOCAL_NAME":"OCEAN BLVD","T_Max":1.473617307,"Shape_Length":1018.7266750948058}},{"type":"Feature","id":538,"geometry":{"type":"LineString","coordinates":[[-80.145671202414576,26.368763743889765],[-80.145671804458331,26.368860306736192],[-80.145698706148551,26.371307838437851],[-80.145752233603929,26.377629243070679],[-80.145753480577497,26.377762672333095]]},"properties":{"OBJECTID_1":538,"Sys_Reli":"Reliable","SHS":0,"NHS":1,"LOCAL_NAME":"JOG RD","T_Max":1.8950670700000001,"Shape_Length":996.74988123194851}},{"type":"Feature","id":539,"geometry":{"type":"LineString","coordinates":[[-80.173021817771513,26.567025091494628],[-80.173031501698986,26.568537993434092],[-80.173049985181564,26.569901636983744]]},"properties":{"OBJECTID_1":539,"Sys_Reli":"Approaching Unreliability","SHS":1,"NHS":1,"LOCAL_NAME":"TURNPIKE MAINLINE","T_Max":2.2731320629999998,"Shape_Length":318.62514571054487}},{"type":"Feature","id":540,"geometry":{"type":"LineString","coordinates":[[-80.068579165367566,26.781305586747493],[-80.06836531243745,26.781402962151635],[-80.067040794899981,26.782104185465453],[-80.067020160055122,26.782115484630268]]},"properties":{"OBJECTID_1":540,"Sys_Reli":"Reliable","SHS":1,"NHS":1,"LOCAL_NAME":"BLUE HERON BLVD","T_Max":1.608945584,"Shape_Length":179.12358487845864}},{"type":"Feature","id":541,"geometry":{"type":"LineString","coordinates":[[-80.664768033613043,26.7257074309715],[-80.664674146482696,26.725708183314339],[-80.664131104193885,26.725721211336463],[-80.663583474991938,26.725746495710354],[-80.663043753665278,26.725789170067138],[-80.662417475440989,26.725847991301926],[-80.661834444693241,26.725908965112716],[-80.660943947221639,26.726002931149118],[-80.660294915207629,26.726057601256837],[-80.659505886642577,26.726098638397168],[-80.658882561290582,26.726115931922863]]},"properties":{"OBJECTID_1":541,"Sys_Reli":"Reliable","SHS":1,"NHS":1,"LOCAL_NAME":"SR-80","T_Max":1.2632005989999999,"Shape_Length":587.4303054656923}},{"type":"Feature","id":542,"geometry":{"type":"LineString","coordinates":[[-80.199505606668666,26.453643872091714],[-80.198879789032674,26.45364440215327],[-80.197724935393566,26.453657423409137],[-80.1961756953622,26.453651345946874]]},"properties":{"OBJECTID_1":542,"Sys_Reli":"Reliable","SHS":1,"NHS":0,"LOCAL_NAME":"ATLANTIC AVE","T_Max":1.6842267040000001,"Shape_Length":331.99613682394505}},{"type":"Feature","id":543,"geometry":{"type":"LineString","coordinates":[[-80.654428195677426,26.830800583681231],[-80.653356703435847,26.831577577628174],[-80.652492951221348,26.83223907638099],[-80.650221193488832,26.83421528005999],[-80.649830072388312,26.834582234175997],[-80.649495541485734,26.834958359699652],[-80.649083192808916,26.835476485379239],[-80.648846278222223,26.835807706048946],[-80.648518991058339,26.836278640390017],[-80.647586773961365,26.837747010204048]]},"properties":{"OBJECTID_1":543,"Sys_Reli":"Reliable","SHS":1,"NHS":0,"LOCAL_NAME":"E MAIN ST","T_Max":1.200490136,"Shape_Length":1036.4230914183422}},{"type":"Feature","id":544,"geometry":{"type":"LineString","coordinates":[[-80.121194368731992,26.387539103748434],[-80.121280679056952,26.392391493249981],[-80.121305413868072,26.393765299971712]]},"properties":{"OBJECTID_1":544,"Sys_Reli":"Reliable","SHS":0,"NHS":1,"LOCAL_NAME":"MILITARY TR","T_Max":1.674107923,"Shape_Length":689.70370767067607}},{"type":"Feature","id":545,"geometry":{"type":"LineString","coordinates":[[-80.162810314624352,26.684394387338411],[-80.162318596149021,26.685116720834252],[-80.161550868645321,26.686161750035311],[-80.161507471652286,26.686214230591297]]},"properties":{"OBJECTID_1":545,"Sys_Reli":"Approaching Unreliability","SHS":1,"NHS":1,"LOCAL_NAME":"TURNPIKE MAINLINE","T_Max":2.6506650980000002,"Shape_Length":239.70766668213165}},{"type":"Feature","id":546,"geometry":{"type":"LineString","coordinates":[[-80.075622680747173,26.528839042858699],[-80.074083382073255,26.528847099313211],[-80.073716673994369,26.528852600427118]]},"properties":{"OBJECTID_1":546,"Sys_Reli":"Reliable","SHS":1,"NHS":1,"LOCAL_NAME":"BOYNTON BCH BLVD","T_Max":1.7264196890000001,"Shape_Length":189.91415311245265}},{"type":"Feature","id":547,"geometry":{"type":"LineString","coordinates":[[-80.068567109706478,26.609505141416918],[-80.068515879347828,26.61071469655684],[-80.068502250444354,26.611727892206947],[-80.068459031294381,26.614433199432039],[-80.068434715859482,26.615279988651245],[-80.068385410317219,26.615981539118849],[-80.068297804243301,26.616735906491936],[-80.068144528233546,26.617713083404528],[-80.067694445532624,26.619956928012357],[-80.067460872250479,26.621323847924511],[-80.067342620153198,26.622456273193109],[-80.067274770450368,26.623488469937953],[-80.067273986590209,26.623662254306129],[-80.067235932082866,26.624251106679949],[-80.067222337523376,26.625151593959323],[-80.067273700166567,26.62671384106104],[-80.06732154437158,26.627626010067278],[-80.067350527540526,26.627895129383571],[-80.067796226592463,26.632032701430575],[-80.067850316386853,26.632535998892529]]},"properties":{"OBJECTID_1":547,"Sys_Reli":"Reliable","SHS":1,"NHS":1,"LOCAL_NAME":"I-95","T_Max":1.4442486109999999,"Shape_Length":2562.242141678762}},{"type":"Feature","id":548,"geometry":{"type":"LineString","coordinates":[[-80.056309880762839,26.646120117234943],[-80.056160949610259,26.6505198773697],[-80.056123561761581,26.651624207717692]]},"properties":{"OBJECTID_1":548,"Sys_Reli":"Reliable","SHS":1,"NHS":0,"LOCAL_NAME":"SR-805/DIXIE HWY","T_Max":1.324694211,"Shape_Length":609.94680367672015}},{"type":"Feature","id":549,"geometry":{"type":"LineString","coordinates":[[-80.066957317181433,26.476744815284579],[-80.066650572861974,26.477770608951797],[-80.06652043997785,26.478254567897689],[-80.066446902375674,26.478576930273455],[-80.066399864130318,26.478879404465879],[-80.065656713759537,26.483494371446298]]},"properties":{"OBJECTID_1":549,"Sys_Reli":"Reliable","SHS":1,"NHS":0,"LOCAL_NAME":"DIXIE HWY","T_Max":1.18570774,"Shape_Length":759.60058902004437}},{"type":"Feature","id":550,"geometry":{"type":"LineString","coordinates":[[-80.136852847210946,26.707428337689194],[-80.135769698867819,26.707398813703762],[-80.1334568441779,26.707337315962569]]},"properties":{"OBJECTID_1":550,"Sys_Reli":"Reliable","SHS":1,"NHS":1,"LOCAL_NAME":"OKEECHOBEE BLVD","T_Max":1.6637865629999999,"Shape_Length":337.98410192750572}},{"type":"Feature","id":551,"geometry":{"type":"LineString","coordinates":[[-80.092481392693713,26.944444916889605],[-80.092346456400662,26.944622361612655],[-80.091890672729292,26.945193467948847],[-80.08993821424329,26.94753882331791],[-80.088882263630495,26.948766373528002],[-80.088170858325824,26.949608930947218],[-80.087579468794956,26.95033321612074],[-80.087375912105074,26.95061457431072],[-80.087220274830443,26.950849351864299],[-80.087009696653993,26.951214466237928]]},"properties":{"OBJECTID_1":551,"Sys_Reli":"Reliable","SHS":1,"NHS":0,"LOCAL_NAME":"SR-811/OLD DIXIE HWY","T_Max":1.639745199,"Shape_Length":926.75497234424938}},{"type":"Feature","id":552,"geometry":{"type":"LineString","coordinates":[[-80.055177854536012,26.705533227347949],[-80.055117672207828,26.705625146748133],[-80.055096130645254,26.706405726186446],[-80.054996513105621,26.710406173502118],[-80.054995516688251,26.710445772801737]]},"properties":{"OBJECTID_1":552,"Sys_Reli":"Reliable","SHS":1,"NHS":0,"LOCAL_NAME":"QUADRILLE BLVD","T_Max":1.819090109,"Shape_Length":545.91483209657895}},{"type":"Feature","id":553,"geometry":{"type":"LineString","coordinates":[[-80.038683144367056,26.615102329435629],[-80.038683635408887,26.61513429120162],[-80.038686387778512,26.615698135599402]]},"properties":{"OBJECTID_1":553,"Sys_Reli":"Reliable","SHS":1,"NHS":0,"LOCAL_NAME":"OCEAN BLVD","T_Max":1.2371425579999999,"Shape_Length":65.995830740257432}},{"type":"Feature","id":554,"geometry":{"type":"LineString","coordinates":[[-80.156088281685001,26.934811050814442],[-80.155991095671283,26.934809162295863],[-80.155584989816205,26.934796283614748]]},"properties":{"OBJECTID_1":554,"Sys_Reli":"Reliable","SHS":1,"NHS":1,"LOCAL_NAME":"INDIANTOWN RD","T_Max":2.1662131609999999,"Shape_Length":49.99479173053507}},{"type":"Feature","id":555,"geometry":{"type":"LineString","coordinates":[[-80.055015456250374,26.705503571889199],[-80.054979191200331,26.705496951094585],[-80.053747494298406,26.705481977680254],[-80.053333563767396,26.70546959619308]]},"properties":{"OBJECTID_1":555,"Sys_Reli":"Approaching Unreliability","SHS":1,"NHS":1,"LOCAL_NAME":"OKEECHOBEE BLVD","T_Max":1.574141743,"Shape_Length":167.42792248463857}},{"type":"Feature","id":556,"geometry":{"type":"LineString","coordinates":[[-80.204654558907094,26.621462477164524],[-80.204638364968133,26.621883550599303]]},"properties":{"OBJECTID_1":556,"Sys_Reli":"Reliable","SHS":1,"NHS":1,"LOCAL_NAME":"SR-7/US-441","T_Max":1.884665958,"Shape_Length":46.666728919068511}},{"type":"Feature","id":557,"geometry":{"type":"LineString","coordinates":[[-80.085129572583313,26.952509934715458],[-80.085128684556977,26.95273488618696],[-80.085104242757097,26.953405778658826],[-80.085045515087543,26.954509143948933],[-80.084790571604657,26.957997328590601],[-80.084689174758509,26.959279807981574],[-80.084542073788214,26.961219377641374],[-80.084525704008911,26.961612040050909],[-80.084536201935151,26.961945765389491],[-80.084554787053833,26.96218628438444],[-80.084612032468925,26.962540023014281],[-80.084682802588858,26.962851805290754],[-80.084872983185221,26.963445482361582],[-80.08608021413572,26.967015448502757]]},"properties":{"OBJECTID_1":557,"Sys_Reli":"Reliable","SHS":1,"NHS":1,"LOCAL_NAME":"US-1/SR5/FEDERAL HWY","T_Max":1.8281652939999999,"Shape_Length":1630.2688358051348}},{"type":"Feature","id":558,"geometry":{"type":"LineString","coordinates":[[-80.088131773935828,26.664938338666634],[-80.088073291056048,26.665989025805594],[-80.088057041368202,26.666315941303328]]},"properties":{"OBJECTID_1":558,"Sys_Reli":"Reliable","SHS":1,"NHS":1,"LOCAL_NAME":"CONGRESS AVE","T_Max":2.2264585139999999,"Shape_Length":152.77199626022286}},{"type":"Feature","id":559,"geometry":{"type":"LineString","coordinates":[[-80.106365646361994,26.80649936930271],[-80.106336000128735,26.807514622882941],[-80.10631052723177,26.808891152791372],[-80.106306517736343,26.808969176127185]]},"properties":{"OBJECTID_1":559,"Sys_Reli":"Reliable","SHS":1,"NHS":1,"LOCAL_NAME":"SR809/MILITARY TRAIL","T_Max":1.9129939220000001,"Shape_Length":273.64182638125851}},{"type":"Feature","id":560,"geometry":{"type":"LineString","coordinates":[[-80.059032455169984,26.844041282149693],[-80.059274324539771,26.844056546046772]]},"properties":{"OBJECTID_1":560,"Sys_Reli":"Reliable","SHS":1,"NHS":0,"LOCAL_NAME":"SR A1A/JACK NICLAUS","T_Max":1.1266678590000001,"Shape_Length":24.092124136275064}},{"type":"Feature","id":561,"geometry":{"type":"LineString","coordinates":[[-80.081352377378863,26.76977647931454],[-80.079535079645396,26.769733923855657],[-80.07881317624809,26.769729232820801]]},"properties":{"OBJECTID_1":561,"Sys_Reli":"Reliable","SHS":1,"NHS":1,"LOCAL_NAME":"MLK JR BLVD","T_Max":1.355758724,"Shape_Length":252.52782017608317}},{"type":"Feature","id":562,"geometry":{"type":"LineString","coordinates":[[-80.058317446174499,26.461728155099358],[-80.058285719644246,26.461844591973023]]},"properties":{"OBJECTID_1":562,"Sys_Reli":"Reliable","SHS":1,"NHS":0,"LOCAL_NAME":"OCEAN BLVD","T_Max":1.4254738229999999,"Shape_Length":13.279071001489736}},{"type":"Feature","id":563,"geometry":{"type":"LineString","coordinates":[[-80.145900083212837,26.579945759684524],[-80.145901199538031,26.579989515001714],[-80.145903897828077,26.581027202987151],[-80.145920606792373,26.581255947860075],[-80.145940798554747,26.581512798641299],[-80.145942668591047,26.58174853466711],[-80.145976613481949,26.586014762031549],[-80.14599734347712,26.586301745851305],[-80.146028632949381,26.586548633245219],[-80.146088598589145,26.586841787705627],[-80.146155742761451,26.58709877270659],[-80.146245765653219,26.587372452260468],[-80.146352036583139,26.587629671777975],[-80.14649037441319,26.587905702961784],[-80.146753922357874,26.588368720163277],[-80.146938842095551,26.588726766132979],[-80.14712632827019,26.589103844905186],[-80.147202892149252,26.589293394965015],[-80.14729946986462,26.589572467018861],[-80.147341970536999,26.589726709211401],[-80.147386779517547,26.589924528701768],[-80.147434323457645,26.590237791406075],[-80.147456152656403,26.590472657186865],[-80.147465575757934,26.590669147001229],[-80.147457645401602,26.591187190846696],[-80.147448233286482,26.592016345617949],[-80.147302790775143,26.595837325839408],[-80.147124782754915,26.600514657932695],[-80.147033875810877,26.602666603269821],[-80.14697777320994,26.604519986381362]]},"properties":{"OBJECTID_1":563,"Sys_Reli":"Reliable","SHS":0,"NHS":1,"LOCAL_NAME":"JOG RD","T_Max":1.497233982,"Shape_Length":2749.1566404596597}},{"type":"Feature","id":564,"geometry":{"type":"LineString","coordinates":[[-80.179326418808571,26.617313200797565],[-80.178132840659643,26.61730921599484],[-80.175885468195645,26.617328288300484],[-80.175058519422549,26.617335997415093],[-80.174050864783354,26.617348568212194],[-80.17272578631939,26.617366211296719],[-80.171968580902828,26.617381712258094],[-80.171942586684423,26.617382765366745]]},"properties":{"OBJECTID_1":564,"Sys_Reli":"Reliable","SHS":1,"NHS":1,"LOCAL_NAME":"LAKE WORTH RD","T_Max":1.4481029050000001,"Shape_Length":735.17436130854503}},{"type":"Feature","id":565,"geometry":{"type":"LineString","coordinates":[[-80.151645629721415,26.651080270604226],[-80.14706866867111,26.65112406567642],[-80.146146477940107,26.65110747280659],[-80.145480039240084,26.651116393933428],[-80.145397818592244,26.651118159438955]]},"properties":{"OBJECTID_1":565,"Sys_Reli":"Reliable","SHS":1,"NHS":1,"LOCAL_NAME":"FOREST HILL BLVD","T_Max":2.1534075540000002,"Shape_Length":621.88838325489053}},{"type":"Feature","id":566,"geometry":{"type":"LineString","coordinates":[[-80.056957627993526,26.813091440421321],[-80.057494103251116,26.816073582492972],[-80.05769020902936,26.81716373046099],[-80.057755311096329,26.817478440174391],[-80.057837645396688,26.817785056218206],[-80.057928456930597,26.81805364811455],[-80.058043602490869,26.818339976008094],[-80.059220864764811,26.821292070945947],[-80.060086981068878,26.823493670558037],[-80.060502964198861,26.824511278472695],[-80.060740488459572,26.82519966850688],[-80.060886174867321,26.825743931748683],[-80.060952961681409,26.826155879126908],[-80.060993725464755,26.826564872214142]]},"properties":{"OBJECTID_1":566,"Sys_Reli":"Reliable","SHS":1,"NHS":0,"LOCAL_NAME":"US-1/SR5/FEDERAL HWY","T_Max":1.289487837,"Shape_Length":1551.5086139402761}},{"type":"Feature","id":567,"geometry":{"type":"LineString","coordinates":[[-80.06416352509801,26.844332989028985],[-80.063728744650959,26.844272189206556],[-80.063441673714493,26.844245891995921]]},"properties":{"OBJECTID_1":567,"Sys_Reli":"Reliable","SHS":1,"NHS":1,"LOCAL_NAME":"PGA BLVD","T_Max":1.6920452500000001,"Shape_Length":72.394812881414012}},{"type":"Feature","id":568,"geometry":{"type":"LineString","coordinates":[[-80.631759689815325,26.862468474349122],[-80.631850712940675,26.862531451560496]]},"properties":{"OBJECTID_1":568,"Sys_Reli":"Reliable","SHS":1,"NHS":0,"LOCAL_NAME":"W MAIN ST","T_Max":1.309743227,"Shape_Length":11.419810411981937}},{"type":"Feature","id":569,"geometry":{"type":"LineString","coordinates":[[-80.113488189871504,26.617797346305053],[-80.113487040517342,26.617821991275186],[-80.113454794194283,26.618372827080375],[-80.113452079380863,26.618406128683088]]},"properties":{"OBJECTID_1":569,"Sys_Reli":"Reliable","SHS":0,"NHS":1,"LOCAL_NAME":"MILITARY TR","T_Max":1.647963176,"Shape_Length":67.527785908574174}},{"type":"Feature","id":570,"geometry":{"type":"LineString","coordinates":[[-80.197112738098596,26.839705583563852],[-80.194711641986657,26.838101470545919]]},"properties":{"OBJECTID_1":570,"Sys_Reli":"Reliable","SHS":1,"NHS":1,"LOCAL_NAME":"BEELINE HWY","T_Max":1.136668888,"Shape_Length":297.47586094504834}},{"type":"Feature","id":571,"geometry":{"type":"LineString","coordinates":[[-80.203476259913231,26.37382088974595],[-80.203476515685054,26.373847033329469],[-80.203542001475896,26.380249372905972],[-80.203566991798382,26.382646827042525],[-80.203568511983562,26.382770993910892],[-80.203576829645726,26.383453947072507]]},"properties":{"OBJECTID_1":571,"Sys_Reli":"Reliable","SHS":1,"NHS":1,"LOCAL_NAME":"SR-7/US-441","T_Max":1.665365929,"Shape_Length":1066.9868187446234}},{"type":"Feature","id":572,"geometry":{"type":"LineString","coordinates":[[-80.087978360013864,26.768262200750449],[-80.08797150871969,26.768382570366636],[-80.087887603381546,26.769692245110541],[-80.087876519103801,26.769996727616622]]},"properties":{"OBJECTID_1":572,"Sys_Reli":"Reliable","SHS":0,"NHS":1,"LOCAL_NAME":"CONGRESS AVE","T_Max":2.1764730459999999,"Shape_Length":192.4031056241283}},{"type":"Feature","id":573,"geometry":{"type":"LineString","coordinates":[[-80.064848306642418,26.410549305847248],[-80.064813598076782,26.412016297974276],[-80.064743303622251,26.414514600048459]]},"properties":{"OBJECTID_1":573,"Sys_Reli":"Reliable","SHS":1,"NHS":0,"LOCAL_NAME":"OCEAN BLVD","T_Max":1.473617307,"Shape_Length":439.3293054183053}},{"type":"Feature","id":574,"geometry":{"type":"LineString","coordinates":[[-80.057609398608591,26.608573140254357],[-80.057566304601892,26.609817884290678]]},"properties":{"OBJECTID_1":574,"Sys_Reli":"Reliable","SHS":1,"NHS":0,"LOCAL_NAME":"SR-805/DIXIE HWY","T_Max":1.4666477149999999,"Shape_Length":137.94097831897119}},{"type":"Feature","id":575,"geometry":{"type":"LineString","coordinates":[[-80.059106577474168,26.511967303822967],[-80.05901011941954,26.512960365462188],[-80.058956890498749,26.513516183017234],[-80.058938540100002,26.513893136314881]]},"properties":{"OBJECTID_1":575,"Sys_Reli":"Reliable","SHS":1,"NHS":0,"LOCAL_NAME":"DIXIE HWY","T_Max":1.373692656,"Shape_Length":213.99944903087322}},{"type":"Feature","id":576,"geometry":{"type":"LineString","coordinates":[[-80.389918810130212,26.684504963881615],[-80.387638605787359,26.687100104715327]]},"properties":{"OBJECTID_1":576,"Sys_Reli":"Reliable","SHS":0,"NHS":1,"LOCAL_NAME":"CR 880","T_Max":1.22227935,"Shape_Length":366.18022797482087}},{"type":"Feature","id":577,"geometry":{"type":"LineString","coordinates":[[-80.15379910292701,26.349229345798125],[-80.153798795054115,26.349572039220316],[-80.153805190633463,26.350277066288818],[-80.153807153661546,26.350333557669295]]},"properties":{"OBJECTID_1":577,"Sys_Reli":"Approaching Unreliability","SHS":0,"NHS":1,"LOCAL_NAME":"POWERLINE RD","T_Max":2.111743191,"Shape_Length":122.30688045379794}},{"type":"Feature","id":578,"geometry":{"type":"LineString","coordinates":[[-80.657844718396788,26.769384204347279],[-80.657382193833399,26.769422060590383],[-80.655353251682214,26.76953767796563],[-80.654878228411022,26.769618317382641],[-80.654486954839768,26.769757267812135],[-80.654100263061935,26.769967261445672],[-80.653794859506789,26.770254928666876],[-80.65358261551134,26.770502865152366],[-80.653452827109717,26.770759905353724],[-80.653346508635892,26.771028688798349],[-80.653280553095598,26.771426721412976],[-80.653372780422131,26.783675595323508],[-80.653371998806136,26.783932913441845],[-80.653356246419747,26.795534847553832],[-80.653356164090425,26.795561936335204],[-80.653352440477477,26.79844209865346],[-80.653342022568751,26.803440081044315]]},"properties":{"OBJECTID_1":578,"Sys_Reli":"Reliable","SHS":1,"NHS":0,"LOCAL_NAME":"BELLE GLADE RD","T_Max":1.2108874460000001,"Shape_Length":4114.9348762894169}},{"type":"Feature","id":579,"geometry":{"type":"LineString","coordinates":[[-80.04100787460429,26.71826573681231],[-80.041035360135723,26.718266366759817],[-80.042028309303745,26.718243730560221],[-80.042559349522961,26.718157029215288],[-80.042915099658273,26.718143629884839],[-80.045559380970872,26.718237472219208]]},"properties":{"OBJECTID_1":579,"Sys_Reli":"Reliable","SHS":1,"NHS":0,"LOCAL_NAME":"ROYAL PINCIANA WAY","T_Max":1.6432595539999999,"Shape_Length":453.88439184263007}},{"type":"Feature","id":580,"geometry":{"type":"LineString","coordinates":[[-80.128926174434625,26.865731128445187],[-80.128713623730206,26.871280414018646],[-80.128706686908956,26.871939426230185],[-80.128736131884637,26.873022980563572],[-80.128795378868588,26.873993875792465],[-80.128871277509347,26.874763993929975],[-80.129008365839567,26.875841443820342],[-80.129131518873109,26.87660282025605],[-80.129292826558483,26.877477292296021],[-80.129462614554583,26.87822992302566],[-80.129706336493427,26.879188410564019],[-80.129915225467002,26.879930002635927],[-80.130146155574963,26.880669474828679],[-80.130400502554252,26.881391035381736],[-80.130842212613814,26.882544842983037],[-80.131021493906076,26.882969913748219],[-80.131273613306604,26.883567670736323],[-80.134447835240962,26.890800635235472],[-80.139392839821284,26.902093431597116],[-80.145741200801396,26.916556659008911],[-80.14660116111591,26.918545791664275],[-80.151422471164082,26.929518025375046]]},"properties":{"OBJECTID_1":580,"Sys_Reli":"Reliable","SHS":1,"NHS":1,"LOCAL_NAME":"TURNPIKE MAINLINE","T_Max":1.331910417,"Shape_Length":7477.7630925484955}},{"type":"Feature","id":581,"geometry":{"type":"LineString","coordinates":[[-80.072972686585203,26.528861533997475],[-80.072811057504722,26.528863187154002],[-80.072107516179301,26.528866035784542],[-80.071273267668275,26.528872106048965],[-80.070639658351155,26.528879636343721],[-80.069778758839462,26.528894706115608],[-80.068783958304124,26.52889085108427],[-80.068150133579337,26.528888392438567],[-80.06804954410552,26.528934441143814],[-80.0642474785095,26.528923780853766]]},"properties":{"OBJECTID_1":581,"Sys_Reli":"Reliable","SHS":1,"NHS":0,"LOCAL_NAME":"BOYNTON BCH BLVD","T_Max":1.653851229,"Shape_Length":870.59650148047967}},{"type":"Feature","id":582,"geometry":{"type":"LineString","coordinates":[[-80.07003320591933,26.55060774868689],[-80.069973918569815,26.550994554040784],[-80.069894018478109,26.551644075427554],[-80.06986837370539,26.55217885076986],[-80.069771221295596,26.556053669136361],[-80.069734030411027,26.557863891440729]]},"properties":{"OBJECTID_1":582,"Sys_Reli":"Approaching Unreliability","SHS":1,"NHS":1,"LOCAL_NAME":"I-95","T_Max":1.8529374000000001,"Shape_Length":804.76166874387627}},{"type":"Feature","id":583,"geometry":{"type":"LineString","coordinates":[[-80.084060639255213,26.940983035154819],[-80.084173160619713,26.941768327358922],[-80.084197307290495,26.941934073601026]]},"properties":{"OBJECTID_1":583,"Sys_Reli":"Reliable","SHS":1,"NHS":1,"LOCAL_NAME":"US-1/SR5/FEDERAL HWY","T_Max":1.479483377,"Shape_Length":106.21630958678981}},{"type":"Feature","id":584,"geometry":{"type":"LineString","coordinates":[[-80.077879230630003,26.367957822895374],[-80.077830986750598,26.36805630049254],[-80.077634616510423,26.36845704430349],[-80.077455758611251,26.368866672891425],[-80.07720289225017,26.369500358609962],[-80.076976681394115,26.370164827345853],[-80.076837088666892,26.370621915435635],[-80.076730402913839,26.371037112081869],[-80.076583602977649,26.371689341672312],[-80.076518526852837,26.372035920294842],[-80.076409234172345,26.372778959048141],[-80.07637096652239,26.373139742828485],[-80.076339475606858,26.373537562588787],[-80.076319071844054,26.37396607369687],[-80.076309745178548,26.37442655274408],[-80.076437371746565,26.385993949452661],[-80.07644074863174,26.38612694807868],[-80.076488540832642,26.390416347968724],[-80.076515265570151,26.392577593102175],[-80.076522348984312,26.393468094243826],[-80.076504987131358,26.39386983036249],[-80.076501782830434,26.39445587210664],[-80.076501305311211,26.394473299739218]]},"properties":{"OBJECTID_1":584,"Sys_Reli":"Reliable","SHS":1,"NHS":1,"LOCAL_NAME":"FEDERAL HWY","T_Max":1.4572056900000001,"Shape_Length":2959.5146810862402}},{"type":"Feature","id":585,"geometry":{"type":"LineString","coordinates":[[-80.172226522695254,26.708510617426466],[-80.171675348408129,26.708487816493147],[-80.17007693164355,26.708447176659984],[-80.168375835129652,26.708402153306714],[-80.16736636754267,26.708392768936452],[-80.166347341596307,26.708367178476976],[-80.162363417530088,26.708267443557187],[-80.161902449645225,26.708252732636719],[-80.16006368512339,26.708181862161652],[-80.159660679218419,26.70816636835054],[-80.15897538790216,26.708150419824658],[-80.157900743376132,26.708124929437105]]},"properties":{"OBJECTID_1":585,"Sys_Reli":"Reliable","SHS":1,"NHS":1,"LOCAL_NAME":"OKEECHOBEE BLVD","T_Max":1.3401728610000001,"Shape_Length":1425.7933978752899}},{"type":"Feature","id":586,"geometry":{"type":"LineString","coordinates":[[-80.716150824012274,26.664114314161399],[-80.715989918950541,26.664086718894033],[-80.715862533378314,26.664064866073804],[-80.715539040050217,26.664114756661832],[-80.715209207874935,26.664155922670027]]},"properties":{"OBJECTID_1":586,"Sys_Reli":"Reliable","SHS":1,"NHS":1,"LOCAL_NAME":"E PALM BEACH RD","T_Max":1.234914407,"Shape_Length":95.003569951259749}},{"type":"Feature","id":587,"geometry":{"type":"LineString","coordinates":[[-80.05680965910571,26.737016939599979],[-80.056544026421946,26.745789995166533]]},"properties":{"OBJECTID_1":587,"Sys_Reli":"Reliable","SHS":1,"NHS":0,"LOCAL_NAME":"BROADWAY AVE","T_Max":1.28193179,"Shape_Length":972.12566749158975}},{"type":"Feature","id":588,"geometry":{"type":"LineString","coordinates":[[-80.089680888463349,26.568937136828207],[-80.089665722668883,26.569223710548851],[-80.08964562448827,26.569646390106389],[-80.089641269011594,26.572086374203657],[-80.089641197298334,26.57215400136872]]},"properties":{"OBJECTID_1":588,"Sys_Reli":"Reliable","SHS":0,"NHS":1,"LOCAL_NAME":"CONGRESS AVE","T_Max":1.416076611,"Shape_Length":356.39095191421103}},{"type":"Feature","id":589,"geometry":{"type":"LineString","coordinates":[[-80.104068458888634,26.677346941508151],[-80.103827744523045,26.677337255080317],[-80.102946167709391,26.677336637023817],[-80.102607207247274,26.677343908028718],[-80.102250746115658,26.677355781313963],[-80.101492289039484,26.677393356591455],[-80.101027421510139,26.677417096740822],[-80.100695445863352,26.67742597831182],[-80.100386207561726,26.677430298443856],[-80.099965185724528,26.677432336914965],[-80.099587922584931,26.677423668556894],[-80.09692264902769,26.677358102927073],[-80.092025397297206,26.677232255478764],[-80.091639327855233,26.677220848184511],[-80.091248318309667,26.677197869135078],[-80.090858166669193,26.677160130484033],[-80.090455794606058,26.677111264556473],[-80.090014424919715,26.677043760586439],[-80.089672323594527,26.67699953179509],[-80.08933016188449,26.676970657167722],[-80.088830719243902,26.676948623033724],[-80.087290221015195,26.676915196132821],[-80.086210219437064,26.676882404439283],[-80.085934424929135,26.676875441393367]]},"properties":{"OBJECTID_1":589,"Sys_Reli":"Reliable","SHS":1,"NHS":1,"LOCAL_NAME":"SOUTHERN BLVD","T_Max":1.5275862309999999,"Shape_Length":1807.0396919062791}},{"type":"Feature","id":590,"geometry":{"type":"LineString","coordinates":[[-80.036242027120991,26.676051837942332],[-80.036162165849134,26.676137070689325],[-80.036114118200359,26.676249596768582],[-80.03608667170694,26.676375807696246],[-80.036065132372443,26.67654719177785],[-80.036045140676293,26.677057153471907],[-80.036038073824628,26.677524315092054],[-80.036038383202637,26.677768613209871]]},"properties":{"OBJECTID_1":590,"Sys_Reli":"Reliable","SHS":1,"NHS":0,"LOCAL_NAME":"OCEAN BLVD","T_Max":1.9548233340000001,"Shape_Length":194.37128328748838}},{"type":"Feature","id":591,"geometry":{"type":"LineString","coordinates":[[-80.057197466410784,26.727286802854042],[-80.054966568328496,26.727225543851794],[-80.053122756777015,26.727178562558297]]},"properties":{"OBJECTID_1":591,"Sys_Reli":"Reliable","SHS":0,"NHS":1,"LOCAL_NAME":"15 ST","T_Max":1.301076667,"Shape_Length":405.46566968706247}},{"type":"Feature","id":592,"geometry":{"type":"LineString","coordinates":[[-80.088759498043657,26.617395647547887],[-80.086480997695517,26.617314148146242],[-80.083156522232983,26.617191227025426],[-80.080266616328217,26.617087196529102],[-80.078811421467066,26.617033175803595],[-80.077707892912386,26.616992006225232],[-80.077309111110182,26.616984215560898],[-80.076894065007465,26.61698459365919],[-80.075196378710274,26.616970500119422],[-80.074956087300777,26.616969225002109],[-80.07386639852885,26.616922474715491],[-80.072850419065233,26.616888582501318]]},"properties":{"OBJECTID_1":592,"Sys_Reli":"Reliable","SHS":1,"NHS":0,"LOCAL_NAME":"LAKE WORTH RD","T_Max":1.8742725170000001,"Shape_Length":1585.0149799807225}},{"type":"Feature","id":593,"geometry":{"type":"LineString","coordinates":[[-80.112624791603736,26.651579089875117],[-80.112490786725161,26.651575207946209],[-80.112376012859357,26.651571597661857],[-80.111607730913576,26.651551979577622],[-80.110963637362872,26.651543793068019],[-80.108849923158147,26.651491709445619],[-80.105144821797282,26.651396370101303],[-80.104261514493501,26.651371494721214],[-80.101318391314067,26.651273993960658],[-80.097756879490859,26.65115214224566],[-80.096163154509313,26.651094573033742],[-80.094499884504728,26.65104033306848],[-80.09091702116703,26.650918481134632],[-80.089580216185965,26.650870772784419],[-80.089144268922325,26.650844516074493],[-80.08883750588663,26.650828582213858],[-80.088548000088466,26.65081877484652],[-80.088135090902213,26.650807731996913],[-80.088014031670113,26.650804329883755],[-80.087759081553571,26.650797151381994]]},"properties":{"OBJECTID_1":593,"Sys_Reli":"Reliable","SHS":1,"NHS":1,"LOCAL_NAME":"FOREST HILL BLVD","T_Max":1.909857462,"Shape_Length":2476.4499253667568}},{"type":"Feature","id":594,"geometry":{"type":"LineString","coordinates":[[-80.662248105763837,26.825930719569364],[-80.661381876972385,26.826382917960583],[-80.659441559353283,26.827412050347299]]},"properties":{"OBJECTID_1":594,"Sys_Reli":"Reliable","SHS":1,"NHS":0,"LOCAL_NAME":"E MAIN ST","T_Max":1.200490136,"Shape_Length":323.56567699724962}},{"type":"Feature","id":595,"geometry":{"type":"LineString","coordinates":[[-80.121565401190395,26.407956897618384],[-80.121572843923801,26.408057767748353],[-80.121578328769203,26.408133447511176],[-80.121581659958039,26.408193767059672],[-80.121644038317797,26.409132797427528],[-80.121654174382769,26.409652315150023]]},"properties":{"OBJECTID_1":595,"Sys_Reli":"Reliable","SHS":0,"NHS":1,"LOCAL_NAME":"MILITARY TR","T_Max":1.4771571480000001,"Shape_Length":188.03075798567781}},{"type":"Feature","id":596,"geometry":{"type":"LineString","coordinates":[[-80.153676055844727,26.934637492855394],[-80.153735497858648,26.934771155479172],[-80.154356750092006,26.936168159427488],[-80.15547040303106,26.938715015820886],[-80.155651014582631,26.939129088599227],[-80.155669725603772,26.939174879099678],[-80.15567674939561,26.939191123845976]]},"properties":{"OBJECTID_1":596,"Sys_Reli":"Reliable","SHS":1,"NHS":1,"LOCAL_NAME":"TURNPIKE MAINLINE","T_Max":1.203937778,"Shape_Length":542.09958057321467}},{"type":"Feature","id":597,"geometry":{"type":"LineString","coordinates":[[-80.054116213172833,26.527094226812203],[-80.051741818986102,26.527082926416409]]},"properties":{"OBJECTID_1":597,"Sys_Reli":"Reliable","SHS":1,"NHS":0,"LOCAL_NAME":"OCEAN AVE","T_Max":1.466190903,"Shape_Length":236.58271784276383}},{"type":"Feature","id":598,"geometry":{"type":"LineString","coordinates":[[-80.684042653371606,26.717531726336475],[-80.684055704853733,26.723156246824011]]},"properties":{"OBJECTID_1":598,"Sys_Reli":"Reliable","SHS":1,"NHS":0,"LOCAL_NAME":"BACOM POINT RD","T_Max":1.274200081,"Shape_Length":622.95168604497542}},{"type":"Feature","id":599,"geometry":{"type":"LineString","coordinates":[[-80.093208398673966,26.764647059265364],[-80.095752672941657,26.771188052578498],[-80.096050106370171,26.771941847126321],[-80.096302518885693,26.77258765635602]]},"properties":{"OBJECTID_1":599,"Sys_Reli":"Unreliable","SHS":1,"NHS":1,"LOCAL_NAME":"I-95","T_Max":3.0971762410000001,"Shape_Length":931.80371928108991}},{"type":"Feature","id":600,"geometry":{"type":"LineString","coordinates":[[-80.054715160456269,26.676295464363413],[-80.054633695372999,26.679720057408161],[-80.054547911556909,26.683325556237829]]},"properties":{"OBJECTID_1":600,"Sys_Reli":"Reliable","SHS":1,"NHS":0,"LOCAL_NAME":"SR-805/DIXIE HWY","T_Max":1.9078759519999999,"Shape_Length":778.87498820003611}},{"type":"Feature","id":601,"geometry":{"type":"LineString","coordinates":[[-80.063575106307894,26.490426693538126],[-80.063231726468217,26.491423040762893],[-80.062517321023265,26.493449918303359],[-80.061308539466836,26.496960924822258],[-80.060910560026045,26.498242252276153],[-80.060749935973718,26.498840467220525]]},"properties":{"OBJECTID_1":601,"Sys_Reli":"Reliable","SHS":1,"NHS":0,"LOCAL_NAME":"DIXIE HWY","T_Max":1.18570774,"Shape_Length":973.72043983485207}},{"type":"Feature","id":602,"geometry":{"type":"LineString","coordinates":[[-80.182333825187271,26.708758096834526],[-80.180737747817034,26.708715884072184],[-80.17983373297001,26.708702647575269],[-80.178993104501785,26.708688330159909],[-80.178580846233189,26.708677513207039]]},"properties":{"OBJECTID_1":602,"Sys_Reli":"Reliable","SHS":1,"NHS":1,"LOCAL_NAME":"OKEECHOBEE BLVD","T_Max":1.3401728610000001,"Shape_Length":373.45105381297162}},{"type":"Feature","id":603,"geometry":{"type":"LineString","coordinates":[[-80.886014460358069,26.74351778573558],[-80.877581709270146,26.73977933833557],[-80.875553717576906,26.738875973837725],[-80.874570195968303,26.738439613926847],[-80.874161348114598,26.738247766505889],[-80.87353111938539,26.737937516805687],[-80.872700358424652,26.737514176946128],[-80.852450635799443,26.72712514360709],[-80.852139480866782,26.726967394015507],[-80.8519571496483,26.726868304627107],[-80.851653331454386,26.726692477586624],[-80.851350276969981,26.726507665106485],[-80.850904544298615,26.726208490701271],[-80.850522537869494,26.725931257329055],[-80.849405814269161,26.725113976025561],[-80.848795284426487,26.724649511556606],[-80.848447228184796,26.724362194538877],[-80.847972221230094,26.72391396887387],[-80.840235656350558,26.716038350334284],[-80.824145835553864,26.699653070517073],[-80.823750273159121,26.699261350933746],[-80.823394039787786,26.698933401008102],[-80.82301216590831,26.698612508658123],[-80.822679711554102,26.698353391715465],[-80.82233746665905,26.698109202854244],[-80.822082517645669,26.697934363834275],[-80.821712748800536,26.697704496813657],[-80.82136815760893,26.697502250286199],[-80.821025488600782,26.697321253185233],[-80.820672971444239,26.697147323325659],[-80.820243617925257,26.696950274205438],[-80.81980437122975,26.696774458170562],[-80.819382845158401,26.696616368200509],[-80.818994768295013,26.696493729384922],[-80.818573193924323,26.696367498331469],[-80.818112189014201,26.696251838088383],[-80.817696473464153,26.696157481445802],[-80.817243290485209,26.696075473026109],[-80.816776293958512,26.696007600933953],[-80.816311248704594,26.695955659618495],[-80.815838279451867,26.695921412285898],[-80.815329802372048,26.695910129300607],[-80.81419091405634,26.695914608916642]]},"properties":{"OBJECTID_1":603,"Sys_Reli":"Reliable","SHS":1,"NHS":1,"LOCAL_NAME":"US-27","T_Max":1.170458054,"Shape_Length":9068.8718920389874}},{"type":"Feature","id":604,"geometry":{"type":"LineString","coordinates":[[-80.054236779247844,26.792298932459627],[-80.05423519335038,26.792588228147938],[-80.054252794243766,26.793160266566435],[-80.05470492826656,26.798195871970805]]},"properties":{"OBJECTID_1":604,"Sys_Reli":"Reliable","SHS":1,"NHS":0,"LOCAL_NAME":"BROADWAY AVE","T_Max":1.2573131360000001,"Shape_Length":655.02494189713343}},{"type":"Feature","id":605,"geometry":{"type":"LineString","coordinates":[[-80.111270050281277,26.854329886672033],[-80.11140841455952,26.854545119375477],[-80.112978431552847,26.857071573322866],[-80.117496404880356,26.864831000029998],[-80.125274206940134,26.878182114462142],[-80.126949957738617,26.881047857617109]]},"properties":{"OBJECTID_1":605,"Sys_Reli":"Reliable","SHS":1,"NHS":1,"LOCAL_NAME":"I-95","T_Max":1.348117432,"Shape_Length":3344.4983668634695}},{"type":"Feature","id":606,"geometry":{"type":"LineString","coordinates":[[-80.387638605787359,26.687100104715327],[-80.387623603755301,26.687117179179445],[-80.386795665920076,26.686825963598878],[-80.386284379145593,26.686658243885994],[-80.385752760517832,26.686499550672544],[-80.385259936302518,26.686357719257455],[-80.384831183829917,26.68624652715598],[-80.384375383505457,26.686135233678371],[-80.383890814529181,26.686028354470054],[-80.383363998140226,26.685921299218307],[-80.382887776278665,26.685835717201563],[-80.382296646560803,26.68574416067359],[-80.381745999673143,26.685668882393042],[-80.381153035110941,26.685602523921904],[-80.380554952274991,26.685546774638031],[-80.380007469128998,26.685510971408981],[-80.379557946608372,26.685490796554468],[-80.379076276665913,26.685475016642922],[-80.378332223345993,26.685451070625312],[-80.372155365018571,26.685277558925328],[-80.36941402854022,26.685203154642799],[-80.367221992806662,26.685138744481286],[-80.364080150093301,26.685047271501361],[-80.363118458517192,26.685021110090915]]},"properties":{"OBJECTID_1":606,"Sys_Reli":"Reliable","SHS":1,"NHS":1,"LOCAL_NAME":"SOUTHERN BLVD","T_Max":1.1374442259999999,"Shape_Length":2465.5953688570694}},{"type":"Feature","id":607,"geometry":{"type":"LineString","coordinates":[[-80.070448051664371,26.35533613911695],[-80.070452965253565,26.356187498773942],[-80.070446846926956,26.357124922230433],[-80.070441379792769,26.357934616445849],[-80.070403976684446,26.358733830468054],[-80.070368349155842,26.359199653659267]]},"properties":{"OBJECTID_1":607,"Sys_Reli":"Reliable","SHS":1,"NHS":0,"LOCAL_NAME":"OCEAN BLVD","T_Max":1.334190548,"Shape_Length":428.13220847631885}},{"type":"Feature","id":608,"geometry":{"type":"LineString","coordinates":[[-80.146504514047962,26.439141391411489],[-80.146506301474915,26.439215407632851],[-80.14653776233699,26.440071411501833]]},"properties":{"OBJECTID_1":608,"Sys_Reli":"Reliable","SHS":0,"NHS":1,"LOCAL_NAME":"JOG RD","T_Max":1.695287966,"Shape_Length":103.06317489201793}},{"type":"Feature","id":609,"geometry":{"type":"LineString","coordinates":[[-80.087262914768516,26.782167235147607],[-80.085949050699895,26.781698101341181],[-80.085403674090671,26.781527241204884],[-80.084926700492389,26.781410891568754],[-80.084457946874579,26.781320268723668],[-80.084029351397504,26.781257083350525],[-80.083582101444122,26.781211895581201],[-80.083072466848833,26.781182924421696],[-80.0789238389345,26.781056335033657],[-80.078319937183309,26.781031265110961],[-80.077828838179855,26.780999373080864],[-80.07729410871022,26.780952089238863],[-80.076848430835312,26.78092200548474],[-80.076384161535387,26.78090084986723],[-80.075990481916349,26.780890729673626],[-80.071695512312147,26.780761467500557],[-80.071096562628014,26.780748480776207],[-80.070789013602052,26.780761691645314],[-80.070621229815487,26.780774504325741],[-80.070499518137865,26.780783801093197]]},"properties":{"OBJECTID_1":609,"Sys_Reli":"Approaching Unreliability","SHS":1,"NHS":1,"LOCAL_NAME":"BLUE HERON BLVD","T_Max":1.6435885910000001,"Shape_Length":1684.756463211153}},{"type":"Feature","id":610,"geometry":{"type":"LineString","coordinates":[[-80.634952472687715,26.726177047211603],[-80.634638462284542,26.726178578281143],[-80.619854885955007,26.726123410101231],[-80.612371996922874,26.726107262869416],[-80.610860226210534,26.726110403429058],[-80.59568808799348,26.726064816583442],[-80.586974263000883,26.726049275379143],[-80.586019597049216,26.726034234545512],[-80.585341458476265,26.726008947218038],[-80.584066423710851,26.725956290575152],[-80.582714095853902,26.725941412744941],[-80.575049126421533,26.725920033775605],[-80.572587242251387,26.725909925335642],[-80.569934152204794,26.725889163716257],[-80.554416823331678,26.725824184331159],[-80.552651221901584,26.725783072851645],[-80.54638113970006,26.725737336371338],[-80.53789771711628,26.725687359724454],[-80.5322599129521,26.725697971954379],[-80.530108217984974,26.72574901974793],[-80.525420225546867,26.725762501817758],[-80.522459228610458,26.725765487306287],[-80.521779333495473,26.725743820591198],[-80.521149900250691,26.725699696686512],[-80.519689689176289,26.725581690939546],[-80.51914658025332,26.725544313163105],[-80.518603378576728,26.725529546415689],[-80.518049360941276,26.725517977657038],[-80.499653840167227,26.725525408941611],[-80.490569516707936,26.725518914830225],[-80.489551425142523,26.725502329103847],[-80.488515465575418,26.725456604563799],[-80.487191803443579,26.725387209577498],[-80.48632483682529,26.725367920904247],[-80.457524447788131,26.725448077198728],[-80.454826304930023,26.72541189116906],[-80.451290760102808,26.725406929829809],[-80.451093322214291,26.7254076269375]]},"properties":{"OBJECTID_1":610,"Sys_Reli":"Reliable","SHS":1,"NHS":1,"LOCAL_NAME":"SR-80","T_Max":1.1629039080000001,"Shape_Length":18288.041597119165}},{"type":"Feature","id":611,"geometry":{"type":"LineString","coordinates":[[-80.145911734789038,26.367112919661974],[-80.145889096458845,26.367184315217255],[-80.145838201488942,26.367383880130408],[-80.145792935589796,26.367597985147825],[-80.145734364740491,26.367902109039385],[-80.145702788313955,26.368131827892615],[-80.145682844689716,26.368342977103651],[-80.145668593643776,26.368561409479486],[-80.145670220824471,26.368687721071932],[-80.145671202414576,26.368763743889765]]},"properties":{"OBJECTID_1":611,"Sys_Reli":"Reliable","SHS":0,"NHS":1,"LOCAL_NAME":"POWERLINE RD","T_Max":1.423297155,"Shape_Length":184.98758716920395}},{"type":"Feature","id":612,"geometry":{"type":"LineString","coordinates":[[-80.643088052009361,26.845594888253952],[-80.641627242410806,26.847688826499628]]},"properties":{"OBJECTID_1":612,"Sys_Reli":"Reliable","SHS":1,"NHS":0,"LOCAL_NAME":"E MAIN ST","T_Max":1.248430237,"Shape_Length":273.58933909176642}},{"type":"Feature","id":613,"geometry":{"type":"LineString","coordinates":[[-80.036513075746313,26.700815828090903],[-80.036535414750162,26.700924320948303],[-80.036528647260184,26.701194406303923]]},"properties":{"OBJECTID_1":613,"Sys_Reli":"Reliable","SHS":1,"NHS":0,"LOCAL_NAME":"S COUNTY RD","T_Max":1.507736634,"Shape_Length":42.145356695235513}},{"type":"Feature","id":614,"geometry":{"type":"LineString","coordinates":[[-80.165856554774393,26.679991895996945],[-80.164814275389858,26.681497481840005],[-80.163654572193892,26.683154149130555],[-80.163206721948114,26.683812058414908]]},"properties":{"OBJECTID_1":614,"Sys_Reli":"Approaching Unreliability","SHS":1,"NHS":1,"LOCAL_NAME":"TURNPIKE MAINLINE","T_Max":2.6117797600000001,"Shape_Length":498.56383737398869}},{"type":"Feature","id":615,"geometry":{"type":"LineString","coordinates":[[-80.145517086274012,26.934281742280728],[-80.14477414858068,26.934268763342889],[-80.144133406517824,26.934269398991098],[-80.143485072391329,26.934274488854225],[-80.142599596883528,26.934285910955243]]},"properties":{"OBJECTID_1":615,"Sys_Reli":"Reliable","SHS":1,"NHS":1,"LOCAL_NAME":"INDIANTOWN RD","T_Max":1.596116922,"Shape_Length":289.67880182895431}},{"type":"Feature","id":616,"geometry":{"type":"LineString","coordinates":[[-80.684000152679602,26.6947433983702],[-80.684003808465846,26.696801585224936],[-80.68400389129647,26.696850996065237]]},"properties":{"OBJECTID_1":616,"Sys_Reli":"Reliable","SHS":1,"NHS":0,"LOCAL_NAME":"NW 16 ST","T_Max":1.274200081,"Shape_Length":233.42893438820499}},{"type":"Feature","id":617,"geometry":{"type":"LineString","coordinates":[[-80.069485768654317,26.678444766648688],[-80.069475552760508,26.679999840607071],[-80.069438331472895,26.681798482962538],[-80.069384582900582,26.682384963035123],[-80.069297825013493,26.682935126219302],[-80.069183619767998,26.683462524249219],[-80.069081664642923,26.683872646487],[-80.068912329707359,26.684381636177438],[-80.068627757888777,26.685079455670323],[-80.068465479781665,26.685414694755636],[-80.068203679857902,26.68593887722805],[-80.067980438696296,26.686294611602388]]},"properties":{"OBJECTID_1":617,"Sys_Reli":"Reliable","SHS":1,"NHS":1,"LOCAL_NAME":"I-95","T_Max":2.3885193629999999,"Shape_Length":894.82607786167057}},{"type":"Feature","id":618,"geometry":{"type":"LineString","coordinates":[[-80.057245191873321,26.61906423134824],[-80.057114245392114,26.622687820381785]]},"properties":{"OBJECTID_1":618,"Sys_Reli":"Reliable","SHS":1,"NHS":0,"LOCAL_NAME":"SR-805/DIXIE HWY","T_Max":1.585321524,"Shape_Length":401.57964298358633}},{"type":"Feature","id":619,"geometry":{"type":"LineString","coordinates":[[-80.068926753816982,26.443050403159219],[-80.068912869167619,26.443070115085757],[-80.068624156495488,26.443478743463924],[-80.067882669485229,26.444561855453383],[-80.067544017341334,26.445126188418865],[-80.067333421470352,26.445589785730945],[-80.067211970142395,26.445882418972943],[-80.06710515370942,26.446224813808442],[-80.067023295384942,26.446580906217559],[-80.066965835098685,26.446943925673636],[-80.066952384828838,26.447091981368676],[-80.066934889840127,26.4472845594265],[-80.066919376019214,26.447925046985613]]},"properties":{"OBJECTID_1":619,"Sys_Reli":"Reliable","SHS":1,"NHS":0,"LOCAL_NAME":"SE 6 AVE","T_Max":1.4418094699999999,"Shape_Length":587.36490340119724}},{"type":"Feature","id":620,"geometry":{"type":"LineString","coordinates":[[-80.203274571602535,26.349597510238876],[-80.203223238442334,26.349599417885489],[-80.202207254771608,26.349602818247291],[-80.201846432490328,26.349596583971024],[-80.201494921612124,26.349581100026111],[-80.201210004098883,26.349545709443902],[-80.200295456129552,26.34940636431282],[-80.200089778447492,26.349384931835068],[-80.199887193022761,26.349380898741988],[-80.188260057060532,26.349384095735065],[-80.186703193433871,26.34937928163556],[-80.186567056476861,26.349379068565199]]},"properties":{"OBJECTID_1":620,"Sys_Reli":"Reliable","SHS":0,"NHS":1,"LOCAL_NAME":"PALMETTO PARK RD","T_Max":1.410785347,"Shape_Length":1668.9656823306582}},{"type":"Feature","id":621,"geometry":{"type":"LineString","coordinates":[[-80.1920039219291,26.680027953904563],[-80.187510923318243,26.679896957182656],[-80.184807454916438,26.679819981345435]]},"properties":{"OBJECTID_1":621,"Sys_Reli":"Reliable","SHS":1,"NHS":1,"LOCAL_NAME":"SOUTHERN BLVD","T_Max":2.2548414779999999,"Shape_Length":716.43734916594735}},{"type":"Feature","id":622,"geometry":{"type":"LineString","coordinates":[[-80.052728970206232,26.51459797369278],[-80.052598727360191,26.514863431323061],[-80.052391314477305,26.515220930588011],[-80.052160124524093,26.515571506486157],[-80.051941944248526,26.515880179757652]]},"properties":{"OBJECTID_1":622,"Sys_Reli":"Reliable","SHS":1,"NHS":0,"LOCAL_NAME":"OCEAN BLVD","T_Max":1.5871489459999999,"Shape_Length":162.4751508945447}},{"type":"Feature","id":623,"geometry":{"type":"LineString","coordinates":[[-80.145753480577497,26.377762672333095],[-80.145760150770883,26.378478976562402],[-80.145770393779614,26.378791820597336],[-80.145799056885267,26.379107929183554],[-80.145836693208523,26.37935430519687],[-80.145884173524891,26.379602005761669],[-80.145955643986227,26.37984350761997],[-80.146019081378668,26.38002912849246],[-80.146078315939803,26.380210924055394],[-80.146182156231561,26.380457694856265],[-80.146283406531339,26.380672719418612],[-80.146365397506486,26.380825470483032],[-80.146469780776201,26.380998651695599],[-80.146703486998632,26.381400991973152],[-80.146821478245798,26.381638961451745],[-80.146936430941494,26.381906091007874],[-80.147035915004196,26.382170595729452],[-80.147099242397957,26.3823714515154],[-80.147156776273135,26.382593833460216],[-80.147211217429501,26.382852993709935],[-80.147256716861122,26.383179352366589],[-80.14727979863261,26.383490348627856],[-80.147305672574944,26.384570264146543],[-80.147349113730854,26.38709672509232],[-80.147337739810823,26.387493796616724],[-80.147313150001011,26.387774055578397],[-80.14728221224027,26.388030996033272],[-80.147228999763612,26.388297567457908],[-80.147144915830111,26.388620621217861],[-80.147034069422048,26.388943505478501],[-80.146943567014389,26.389181498768114],[-80.146545029323008,26.389928995721544],[-80.146414785606311,26.390206081798848],[-80.146305687148796,26.390482037067237],[-80.146211995784412,26.390770768653304],[-80.146143761711258,26.391045690876133],[-80.14612924446206,26.391146825679801]]},"properties":{"OBJECTID_1":623,"Sys_Reli":"Reliable","SHS":0,"NHS":1,"LOCAL_NAME":"JOG RD","T_Max":1.9020154840000001,"Shape_Length":1529.5587392012019}},{"type":"Feature","id":624,"geometry":{"type":"LineString","coordinates":[[-80.680480542947677,26.519251898853518],[-80.681946421590467,26.52113248390993]]},"properties":{"OBJECTID_1":624,"Sys_Reli":"Reliable","SHS":1,"NHS":1,"LOCAL_NAME":"US-27","T_Max":1.147441369,"Shape_Length":254.38517321323778}},{"type":"Feature","id":625,"geometry":{"type":"LineString","coordinates":[[-80.083577719783932,26.724291616675345],[-80.083561010300897,26.724299882445756],[-80.083201218119498,26.724452233529991],[-80.082858558399835,26.724569537514082],[-80.082478090300398,26.724689822838414],[-80.082063619386503,26.724790500755965],[-80.081647451741162,26.724876640910065],[-80.081197293547163,26.72494155727842],[-80.08072749634627,26.724986965815564],[-80.080259613343316,26.725019462163196],[-80.079901650239321,26.725025220408984],[-80.077365968197938,26.72498775909034],[-80.075534371083506,26.724948220043608],[-80.073938499203337,26.72491374978943],[-80.071340082308041,26.724849922556501],[-80.068229209082162,26.724771384158476],[-80.066804376332286,26.724733961970365],[-80.066690487363957,26.724731742986567],[-80.066625869745522,26.724728535376151]]},"properties":{"OBJECTID_1":625,"Sys_Reli":"Reliable","SHS":0,"NHS":1,"LOCAL_NAME":"PALM BCH LAKES BLVD","T_Max":1.439159393,"Shape_Length":1698.7954348549329}},{"type":"Feature","id":626,"geometry":{"type":"LineString","coordinates":[[-80.665746531212335,26.824104334507393],[-80.662248105763837,26.825930719569364]]},"properties":{"OBJECTID_1":626,"Sys_Reli":"Reliable","SHS":1,"NHS":0,"LOCAL_NAME":"E MAIN ST","T_Max":1.200490136,"Shape_Length":402.20845813605337}},{"type":"Feature","id":627,"geometry":{"type":"LineString","coordinates":[[-80.05157362320692,26.718418999800512],[-80.051785495543982,26.718419861490137],[-80.052689551705029,26.718448630415917]]},"properties":{"OBJECTID_1":627,"Sys_Reli":"Approaching Unreliability","SHS":1,"NHS":0,"LOCAL_NAME":"N QUADRILLE ST","T_Max":2.5613453270000002,"Shape_Length":111.06031794042568}},{"type":"Feature","id":628,"geometry":{"type":"LineString","coordinates":[[-80.12150774379657,26.789138948804862],[-80.120935726283349,26.788756299856633],[-80.11935939857257,26.787698329498348],[-80.118809762740412,26.787332113574706]]},"properties":{"OBJECTID_1":628,"Sys_Reli":"Reliable","SHS":1,"NHS":1,"LOCAL_NAME":"BEELINE HWY","T_Max":1.334840443,"Shape_Length":334.6477232175551}},{"type":"Feature","id":629,"geometry":{"type":"LineString","coordinates":[[-80.122925710050467,26.527994713543983],[-80.122798425963694,26.527995785069248],[-80.121896056908483,26.528003378608922],[-80.121504552886535,26.527998730855586],[-80.121129256431502,26.52797655005736],[-80.120793844220699,26.527938723033614],[-80.120468860748517,26.527883744806264],[-80.120034581685516,26.527787328418253],[-80.118556964815838,26.527401748057205],[-80.11813659686122,26.527305115795098],[-80.117823434611793,26.527246229422548],[-80.117560131216706,26.527212805354022],[-80.11727322014913,26.527185864331535],[-80.11701269440249,26.527174979069372],[-80.107937353509527,26.527121162636348],[-80.107104003102222,26.5271199223073],[-80.106588629518896,26.527127059117841],[-80.105526838079328,26.527152420795126],[-80.099633556852979,26.527342374151775]]},"properties":{"OBJECTID_1":629,"Sys_Reli":"Reliable","SHS":1,"NHS":1,"LOCAL_NAME":"BOYNTON BCH BLVD","T_Max":1.3599437670000001,"Shape_Length":2331.9330827496037}},{"type":"Feature","id":630,"geometry":{"type":"LineString","coordinates":[[-80.069164179334678,26.367026782062261],[-80.069107253350921,26.36737166758833]]},"properties":{"OBJECTID_1":630,"Sys_Reli":"Reliable","SHS":1,"NHS":0,"LOCAL_NAME":"OCEAN BLVD","T_Max":1.334190548,"Shape_Length":38.619854583376323}},{"type":"Feature","id":631,"geometry":{"type":"LineString","coordinates":[[-80.057481619909012,26.612263901041018],[-80.057439690039899,26.61347494742418],[-80.057397274602067,26.61469997346877],[-80.057355246256876,26.615913766965086],[-80.057343888231031,26.616281664623365]]},"properties":{"OBJECTID_1":631,"Sys_Reli":"Reliable","SHS":1,"NHS":0,"LOCAL_NAME":"SR-805/DIXIE HWY","T_Max":1.479685065,"Shape_Length":445.23985015723474}},{"type":"Feature","id":632,"geometry":{"type":"LineString","coordinates":[[-80.051920102649632,26.583802952101284],[-80.051923428767964,26.584420635481752],[-80.05191950003092,26.585887715360776],[-80.051928616088261,26.586305338500292],[-80.051978241943303,26.58675708686534],[-80.052009316011009,26.587251598260227],[-80.052013878037357,26.587344736468655]]},"properties":{"OBJECTID_1":632,"Sys_Reli":"Reliable","SHS":1,"NHS":0,"LOCAL_NAME":"DIXIE HWY","T_Max":1.6618469419999999,"Shape_Length":392.65640560395514}},{"type":"Feature","id":633,"geometry":{"type":"LineString","coordinates":[[-80.732685929862015,26.680046907574766],[-80.732445016800767,26.680012313751796],[-80.731937914532764,26.679926788968022],[-80.731442490554997,26.679829431258494],[-80.730970840057154,26.679724509063579],[-80.730394138938223,26.679580902791034],[-80.7298749839604,26.679431135733559],[-80.72938895858502,26.679278306789261],[-80.728658005603251,26.679021973834381],[-80.728132555389166,26.678811318867393]]},"properties":{"OBJECTID_1":633,"Sys_Reli":"Reliable","SHS":1,"NHS":1,"LOCAL_NAME":"US-27","T_Max":1.2097674249999999,"Shape_Length":474.76340329581012}},{"type":"Feature","id":634,"geometry":{"type":"LineString","coordinates":[[-80.056723306538217,26.736340404217941],[-80.056830062696648,26.736342982135827],[-80.05680965910571,26.737016939599979]]},"properties":{"OBJECTID_1":634,"Sys_Reli":"Reliable","SHS":1,"NHS":0,"LOCAL_NAME":"BROADWAY AVE","T_Max":1.282232796,"Shape_Length":85.301308797986593}},{"type":"Feature","id":635,"geometry":{"type":"LineString","coordinates":[[-80.668523665320592,26.725677939430525],[-80.667732102123594,26.725693006116483],[-80.667023378971081,26.725732813186703],[-80.666949979749589,26.725736182021198]]},"properties":{"OBJECTID_1":635,"Sys_Reli":"Reliable","SHS":1,"NHS":0,"LOCAL_NAME":"HOOKER HWY","T_Max":1.351690184,"Shape_Length":156.6776296899175}},{"type":"Feature","id":636,"geometry":{"type":"LineString","coordinates":[[-80.036069262355838,26.700397635733172],[-80.036413595136992,26.700693277431316],[-80.036513075746313,26.700815828090903]]},"properties":{"OBJECTID_1":636,"Sys_Reli":"Reliable","SHS":1,"NHS":0,"LOCAL_NAME":"S COUNTY RD","T_Max":1.507736634,"Shape_Length":64.190693491427169}},{"type":"Feature","id":637,"geometry":{"type":"LineString","coordinates":[[-80.157595837084472,26.934834407890698],[-80.156880335955591,26.934826439495868],[-80.156088281685001,26.934811050814442]]},"properties":{"OBJECTID_1":637,"Sys_Reli":"Reliable","SHS":1,"NHS":1,"LOCAL_NAME":"INDIANTOWN RD","T_Max":1.9946089140000001,"Shape_Length":149.69543247641207}},{"type":"Feature","id":638,"geometry":{"type":"LineString","coordinates":[[-80.100256448931887,26.706687525851912],[-80.098870900584828,26.706641826540448],[-80.097844047346044,26.706609122376829],[-80.096460560167586,26.706572597151066],[-80.095337534216782,26.7065445035519],[-80.094974203304531,26.706535411596025],[-80.094370736652351,26.706521550989422]]},"properties":{"OBJECTID_1":638,"Sys_Reli":"Reliable","SHS":1,"NHS":1,"LOCAL_NAME":"OKEECHOBEE BLVD","T_Max":1.7858905410000001,"Shape_Length":585.8117909111254}},{"type":"Feature","id":639,"geometry":{"type":"LineString","coordinates":[[-80.097623254548608,26.820575449000099],[-80.097516791290317,26.823322637002551],[-80.097322776029642,26.828328467163253],[-80.097262788754648,26.82970713635801],[-80.097270857236595,26.830117962981433],[-80.09730647786931,26.830687755065004],[-80.097319976580536,26.830903725758894],[-80.097392267851561,26.831542930772265],[-80.097541787602211,26.832279679967588],[-80.097779888039483,26.833028282675226],[-80.098073759800414,26.833725321497202],[-80.09844488871903,26.834515392309441],[-80.098765164116259,26.835005607089595]]},"properties":{"OBJECTID_1":639,"Sys_Reli":"Reliable","SHS":1,"NHS":1,"LOCAL_NAME":"I-95","T_Max":1.4493145380000001,"Shape_Length":1625.6167494409665}},{"type":"Feature","id":640,"geometry":{"type":"LineString","coordinates":[[-80.052469211567171,26.592224779228388],[-80.052549333688859,26.592440324041107],[-80.052656850384437,26.592700779466348],[-80.052794240087223,26.592998866108914],[-80.052983975311065,26.593372861095268],[-80.053331757474169,26.594020508657046]]},"properties":{"OBJECTID_1":640,"Sys_Reli":"Reliable","SHS":1,"NHS":0,"LOCAL_NAME":"SR-805/DIXIE HWY","T_Max":1.602275543,"Shape_Length":216.87440137450682}},{"type":"Feature","id":641,"geometry":{"type":"LineString","coordinates":[[-80.080332101802611,26.394495537688496],[-80.080263630022714,26.394503612541861],[-80.079786121727437,26.394546872296495],[-80.07949908481055,26.394564441393641],[-80.079212501097331,26.394572768389029],[-80.078645103465661,26.394577502963266],[-80.076653678791203,26.39458457702316],[-80.076575779981539,26.394584850819264]]},"properties":{"OBJECTID_1":641,"Sys_Reli":"Reliable","SHS":1,"NHS":1,"LOCAL_NAME":"SR-794/YAMATO RD","T_Max":2.438442668,"Shape_Length":375.08198501605818}},{"type":"Feature","id":642,"geometry":{"type":"LineString","coordinates":[[-80.653963669138932,26.485080654654393],[-80.654009909679331,26.485140247160391]]},"properties":{"OBJECTID_1":642,"Sys_Reli":"Reliable","SHS":1,"NHS":1,"LOCAL_NAME":"US-27","T_Max":1.147441369,"Shape_Length":8.0497903983947623}},{"type":"Feature","id":643,"geometry":{"type":"LineString","coordinates":[[-80.037385742754964,26.814756110779253],[-80.037746127024008,26.815563110497262]]},"properties":{"OBJECTID_1":643,"Sys_Reli":"Reliable","SHS":1,"NHS":0,"LOCAL_NAME":"N OCEAN BLVD","T_Max":1.1266678590000001,"Shape_Length":96.299359714158754}},{"type":"Feature","id":644,"geometry":{"type":"LineString","coordinates":[[-80.091906006934408,26.472588401594674],[-80.091888865995429,26.472636488953221],[-80.090597702501455,26.476250299978389],[-80.090163302895917,26.477466576680118],[-80.090069819136744,26.477820268365665],[-80.089984159526253,26.478160133820779],[-80.089918086993777,26.47846364050427],[-80.089847072868139,26.478904325493598],[-80.089800028710485,26.47924268807655],[-80.089770551793023,26.479555110687702],[-80.089744380098594,26.47993703187597],[-80.089743577973067,26.480284380081642],[-80.089797313015126,26.483264975874203],[-80.089809533861086,26.483800746366288]]},"properties":{"OBJECTID_1":644,"Sys_Reli":"Reliable","SHS":0,"NHS":1,"LOCAL_NAME":"CONGRESS AVE","T_Max":1.4204383279999999,"Shape_Length":1272.8959004800945}},{"type":"Feature","id":645,"geometry":{"type":"LineString","coordinates":[[-80.039085267451185,26.583984747642269],[-80.03908431435319,26.584022534824925],[-80.039043750606893,26.584578073022609],[-80.038946102605934,26.584997229906261],[-80.038825465867546,26.585473328632819]]},"properties":{"OBJECTID_1":645,"Sys_Reli":"Reliable","SHS":1,"NHS":0,"LOCAL_NAME":"OCEAN BLVD","T_Max":1.1883184419999999,"Shape_Length":167.37523289489891}},{"type":"Feature","id":646,"geometry":{"type":"LineString","coordinates":[[-80.165462996286792,26.840012312717317],[-80.15890624854444,26.839837281497939]]},"properties":{"OBJECTID_1":646,"Sys_Reli":"Reliable","SHS":1,"NHS":0,"LOCAL_NAME":"PGA BLVD","T_Max":1.169661659,"Shape_Length":651.79170011612098}},{"type":"Feature","id":647,"geometry":{"type":"LineString","coordinates":[[-80.675381187522646,26.69005153778777],[-80.676627344750386,26.690652799564933],[-80.676691441274812,26.690683725043669]]},"properties":{"OBJECTID_1":647,"Sys_Reli":"Reliable","SHS":1,"NHS":0,"LOCAL_NAME":"W LAKE RD","T_Max":1.5483316380000001,"Shape_Length":147.96773676898135}},{"type":"Feature","id":648,"geometry":{"type":"LineString","coordinates":[[-80.067776216150875,26.655374636474829],[-80.06748580327401,26.655371032170077],[-80.067366790647014,26.655414035870027],[-80.064122226739997,26.65530529287706]]},"properties":{"OBJECTID_1":648,"Sys_Reli":"Approaching Unreliability","SHS":1,"NHS":0,"LOCAL_NAME":"FOREST HILL BLVD","T_Max":2.9265662039999998,"Shape_Length":364.81789092484246}},{"type":"Feature","id":649,"geometry":{"type":"LineString","coordinates":[[-80.163726718624218,26.453677815048877],[-80.163442024115867,26.453678885926564],[-80.162455694396144,26.453694299656338],[-80.162065669011781,26.453702479776357],[-80.161558153934465,26.453707639108529],[-80.149952165017226,26.45376668199405]]},"properties":{"OBJECTID_1":649,"Sys_Reli":"Reliable","SHS":1,"NHS":1,"LOCAL_NAME":"ATLANTIC AVE","T_Max":2.127941812,"Shape_Length":1373.3536769593952}},{"type":"Feature","id":650,"geometry":{"type":"LineString","coordinates":[[-80.098449497296414,26.362964766861754],[-80.098414489309263,26.3629437650707],[-80.09788951571403,26.362658003824272],[-80.097436916160632,26.362441232938153],[-80.09698851520784,26.362252390386509],[-80.096595859533238,26.362103754482177],[-80.096214832003838,26.36197778527173],[-80.095841027787387,26.361870454410209],[-80.095467142212016,26.361775086028487],[-80.095023903212848,26.36168194104668],[-80.094596714155642,26.361612805120171],[-80.094241658997291,26.361560071555004],[-80.093870341550911,26.361522683269989],[-80.09344865653263,26.361495256228302],[-80.093051985937223,26.361483445321639],[-80.092610286951128,26.361487951857924],[-80.091794618767835,26.361485834490779],[-80.091357981389578,26.361490176044583],[-80.090161968233119,26.361515870326627],[-80.090039438549596,26.361518493912726],[-80.087627190129155,26.361618924456227],[-80.085951226020924,26.361684414344928],[-80.085367561498359,26.361711133894097],[-80.083122080577084,26.361774647171764],[-80.082452438244957,26.361788822388188],[-80.082350572013496,26.361790981286262]]},"properties":{"OBJECTID_1":650,"Sys_Reli":"Reliable","SHS":1,"NHS":1,"LOCAL_NAME":"GLADES RD","T_Max":1.4394857350000001,"Shape_Length":1638.9841324946944}},{"type":"Feature","id":651,"geometry":{"type":"LineString","coordinates":[[-80.618496993793912,26.854139588727186],[-80.619336276912435,26.854731028535401],[-80.620762446168257,26.855737212739047]]},"properties":{"OBJECTID_1":651,"Sys_Reli":"Reliable","SHS":1,"NHS":0,"LOCAL_NAME":"CONNERS HWY","T_Max":1.398970018,"Shape_Length":286.2921657922081}},{"type":"Feature","id":652,"geometry":{"type":"LineString","coordinates":[[-80.122399491080486,26.451895331256861],[-80.122438404633556,26.453769989050347],[-80.122446518779896,26.454231958023477]]},"properties":{"OBJECTID_1":652,"Sys_Reli":"Reliable","SHS":0,"NHS":1,"LOCAL_NAME":"MILITARY TR","T_Max":1.780329421,"Shape_Length":258.85005449784546}},{"type":"Feature","id":653,"geometry":{"type":"LineString","coordinates":[[-80.201833532557359,26.842866584810146],[-80.199137240690675,26.841058554005002]]},"properties":{"OBJECTID_1":653,"Sys_Reli":"Reliable","SHS":1,"NHS":1,"LOCAL_NAME":"BEELINE HWY","T_Max":1.1181006929999999,"Shape_Length":334.48626290555501}},{"type":"Feature","id":654,"geometry":{"type":"LineString","coordinates":[[-80.051741818986102,26.527082926416409],[-80.048495199713926,26.527067409634117]]},"properties":{"OBJECTID_1":654,"Sys_Reli":"Reliable","SHS":1,"NHS":0,"LOCAL_NAME":"OCEAN AVE","T_Max":1.4526648550000001,"Shape_Length":323.49080778429681}},{"type":"Feature","id":655,"geometry":{"type":"LineString","coordinates":[[-80.087876519103801,26.769996727616622],[-80.087876424410567,26.770015631164881]]},"properties":{"OBJECTID_1":655,"Sys_Reli":"Reliable","SHS":0,"NHS":1,"LOCAL_NAME":"CONGRESS AVE","T_Max":1.489454177,"Shape_Length":2.0939074890813258}},{"type":"Feature","id":656,"geometry":{"type":"LineString","coordinates":[[-80.651277507213536,26.726100304203928],[-80.64755601159564,26.726096695218196]]},"properties":{"OBJECTID_1":656,"Sys_Reli":"Reliable","SHS":1,"NHS":1,"LOCAL_NAME":"SR-80","T_Max":1.2324735170000001,"Shape_Length":370.12501727609663}},{"type":"Feature","id":657,"geometry":{"type":"LineString","coordinates":[[-80.067977408214475,26.374066233134428],[-80.067927941481287,26.37442330441278],[-80.06779877343368,26.375530730787922],[-80.067685788355874,26.377606389966733],[-80.067561144967129,26.379354349619508]]},"properties":{"OBJECTID_1":657,"Sys_Reli":"Reliable","SHS":1,"NHS":0,"LOCAL_NAME":"OCEAN BLVD","T_Max":1.334190548,"Shape_Length":587.3756420454946}},{"type":"Feature","id":658,"geometry":{"type":"LineString","coordinates":[[-80.147198108294546,26.528303507882701],[-80.147199501339571,26.528382147115988],[-80.147213375599719,26.529272290206098],[-80.14719167151236,26.532571956672342],[-80.147171848265572,26.537130800293355],[-80.147162636613302,26.539127545416221],[-80.147171100825318,26.542111578272134],[-80.147168696851722,26.543187341869579],[-80.147171994679468,26.543491871874121],[-80.147182849991111,26.543712835283998],[-80.147207175672563,26.543987545109385],[-80.147231712601368,26.544234790369181],[-80.147266065720402,26.544468373624763],[-80.14732201165323,26.544784451887413],[-80.147389001535615,26.545106845759285],[-80.147460433413912,26.545391814748932],[-80.147520050759525,26.545586858901345],[-80.147605682608258,26.545828236129712],[-80.147633913621391,26.545905501723187],[-80.147652144970039,26.545956481322957]]},"properties":{"OBJECTID_1":658,"Sys_Reli":"Reliable","SHS":0,"NHS":1,"LOCAL_NAME":"JOG RD","T_Max":1.5078183979999999,"Shape_Length":1960.4720284408047}},{"type":"Feature","id":659,"geometry":{"type":"LineString","coordinates":[[-80.113025968678301,26.783593696247724],[-80.112867570488973,26.783598491449037],[-80.112383353579816,26.783575400174477]]},"properties":{"OBJECTID_1":659,"Sys_Reli":"Reliable","SHS":1,"NHS":1,"LOCAL_NAME":"BLUE HERON BLVD","T_Max":1.667471632,"Shape_Length":63.961768159459254}},{"type":"Feature","id":660,"geometry":{"type":"LineString","coordinates":[[-80.310724380083855,26.683538671264159],[-80.310062946662001,26.683516142085654]]},"properties":{"OBJECTID_1":660,"Sys_Reli":"Reliable","SHS":1,"NHS":1,"LOCAL_NAME":"SOUTHERN BLVD","T_Max":1.137706916,"Shape_Length":65.858064890219538}},{"type":"Feature","id":661,"geometry":{"type":"LineString","coordinates":[[-80.153489887318315,26.32805281156007],[-80.153506543461347,26.328478472888172],[-80.153512417809537,26.328913880366322],[-80.153509654636352,26.329374301792107],[-80.153506160358276,26.330348835745504],[-80.153515803375939,26.331493434085711],[-80.153512110324812,26.331707899665997],[-80.153512279379044,26.33186223609189],[-80.153504987063087,26.332039791263348],[-80.153510683083525,26.332690072178035],[-80.15351535533587,26.333098541083199],[-80.153526114080265,26.333340412333829],[-80.153566072078078,26.334602996639415],[-80.153574212341965,26.335457396787938],[-80.153652980740404,26.339285845591274],[-80.153679909945282,26.340298334557069],[-80.153677613969208,26.340487087700442],[-80.153740167457002,26.343829280936522],[-80.153739714470433,26.343955184367839],[-80.153739069666145,26.344146709991382],[-80.153745086533732,26.344394882993747]]},"properties":{"OBJECTID_1":661,"Sys_Reli":"Approaching Unreliability","SHS":0,"NHS":1,"LOCAL_NAME":"POWERLINE RD","T_Max":2.203646022,"Shape_Length":1810.3314201891594}},{"type":"Feature","id":662,"geometry":{"type":"LineString","coordinates":[[-80.654137717535377,26.812689128729357],[-80.654192011209133,26.812718603861565],[-80.654436347976485,26.812820778327779],[-80.654749340936718,26.812884743190821],[-80.655006511312195,26.812903426742409],[-80.661504897598391,26.8129191048024],[-80.66199703813264,26.812921253140708]]},"properties":{"OBJECTID_1":662,"Sys_Reli":"Reliable","SHS":1,"NHS":0,"LOCAL_NAME":"E 7 ST","T_Max":1.1793221890000001,"Shape_Length":785.36289281963889}},{"type":"Feature","id":663,"geometry":{"type":"LineString","coordinates":[[-80.036490700900487,26.707020752146054],[-80.036562871276089,26.707517351742965],[-80.036585680152655,26.707654001256966]]},"properties":{"OBJECTID_1":663,"Sys_Reli":"Reliable","SHS":1,"NHS":0,"LOCAL_NAME":"S COUNTY RD","T_Max":1.5030129720000001,"Shape_Length":70.778924878201735}},{"type":"Feature","id":664,"geometry":{"type":"LineString","coordinates":[[-80.163206721948114,26.683812058414908],[-80.162810314624352,26.684394387338411]]},"properties":{"OBJECTID_1":664,"Sys_Reli":"Approaching Unreliability","SHS":1,"NHS":1,"LOCAL_NAME":"TURNPIKE MAINLINE","T_Max":2.726005453,"Shape_Length":75.604663572619316}},{"type":"Feature","id":665,"geometry":{"type":"LineString","coordinates":[[-80.08501054628978,26.933847100984803],[-80.084185522412625,26.933832078264491],[-80.083455120551704,26.933828377952093]]},"properties":{"OBJECTID_1":665,"Sys_Reli":"Reliable","SHS":1,"NHS":1,"LOCAL_NAME":"INDIANTOWN RD","T_Max":1.5736533189999999,"Shape_Length":154.44589503235744}},{"type":"Feature","id":666,"geometry":{"type":"LineString","coordinates":[[-80.069541713965307,26.675045471840555],[-80.069504887639212,26.675533282146048],[-80.06950137727047,26.676068552092921],[-80.069485768654317,26.678444766648688]]},"properties":{"OBJECTID_1":666,"Sys_Reli":"Reliable","SHS":1,"NHS":1,"LOCAL_NAME":"I-95","T_Max":2.3990719110000001,"Shape_Length":376.65555469256549}},{"type":"Feature","id":667,"geometry":{"type":"LineString","coordinates":[[-80.05604898183006,26.653827001648533],[-80.056007139453811,26.655062891091827],[-80.055978291193696,26.656000729674417]]},"properties":{"OBJECTID_1":667,"Sys_Reli":"Reliable","SHS":1,"NHS":0,"LOCAL_NAME":"SR-805/DIXIE HWY","T_Max":1.3001462640000001,"Shape_Length":240.87787212214312}},{"type":"Feature","id":668,"geometry":{"type":"LineString","coordinates":[[-80.073846035231654,26.422123199972781],[-80.073774422147181,26.422559978302363],[-80.073726098139304,26.422840583327094],[-80.073610299187649,26.423503970596602],[-80.073510172826175,26.424127250323114],[-80.073384426587211,26.424923722200969],[-80.073368187695266,26.425025684484051],[-80.073038427293781,26.427097036166046],[-80.07269817101907,26.429241383061587]]},"properties":{"OBJECTID_1":668,"Sys_Reli":"Reliable","SHS":1,"NHS":0,"LOCAL_NAME":"FEDERAL HWY","T_Max":1.965636819,"Shape_Length":796.69832347897636}},{"type":"Feature","id":669,"geometry":{"type":"LineString","coordinates":[[-80.152159961824808,26.707979462764335],[-80.151948240031629,26.707974427635257],[-80.151773830976651,26.707970278770439],[-80.151722334982935,26.707967908928598]]},"properties":{"OBJECTID_1":669,"Sys_Reli":"Reliable","SHS":1,"NHS":1,"LOCAL_NAME":"OKEECHOBEE BLVD","T_Max":1.614576738,"Shape_Length":43.554837765780924}},{"type":"Feature","id":670,"geometry":{"type":"LineString","coordinates":[[-80.707659930278353,26.664146666358718],[-80.707393616082413,26.664138641362673],[-80.706815361670138,26.664097481032268],[-80.706580436259841,26.664074721719153]]},"properties":{"OBJECTID_1":670,"Sys_Reli":"Reliable","SHS":1,"NHS":1,"LOCAL_NAME":"E PALM BEACH RD","T_Max":1.295560896,"Shape_Length":107.75040537579869}},{"type":"Feature","id":671,"geometry":{"type":"LineString","coordinates":[[-80.053333445081904,26.720736576636931],[-80.053354225100776,26.720041343332372]]},"properties":{"OBJECTID_1":671,"Sys_Reli":"Reliable","SHS":1,"NHS":0,"LOCAL_NAME":"N DIXIE HWY","T_Max":1.5613927919999999,"Shape_Length":77.036603737488434}},{"type":"Feature","id":672,"geometry":{"type":"LineString","coordinates":[[-80.089973275736426,26.502402783838249],[-80.090034724973336,26.505816376236353],[-80.090047001432481,26.506570928531737],[-80.090049334948006,26.50668423436143]]},"properties":{"OBJECTID_1":672,"Sys_Reli":"Reliable","SHS":0,"NHS":1,"LOCAL_NAME":"CONGRESS AVE","T_Max":1.4204383279999999,"Shape_Length":474.28573715911585}},{"type":"Feature","id":673,"geometry":{"type":"LineString","coordinates":[[-80.060647234731945,26.675859327157422],[-80.058706124018954,26.675803281760142],[-80.056290058641025,26.675742871669865]]},"properties":{"OBJECTID_1":673,"Sys_Reli":"Approaching Unreliability","SHS":1,"NHS":1,"LOCAL_NAME":"SOUTHERN BLVD","T_Max":2.2849502030000002,"Shape_Length":433.77067199469678}},{"type":"Feature","id":674,"geometry":{"type":"LineString","coordinates":[[-80.039122072874392,26.641880286999697],[-80.039072582596873,26.6433469480246]]},"properties":{"OBJECTID_1":674,"Sys_Reli":"Reliable","SHS":1,"NHS":0,"LOCAL_NAME":"OCEAN BLVD","T_Max":1.2371425579999999,"Shape_Length":162.53101618645374}},{"type":"Feature","id":675,"geometry":{"type":"LineString","coordinates":[[-80.157887877636938,26.934837659600099],[-80.157822979836396,26.93483693825457]]},"properties":{"OBJECTID_1":675,"Sys_Reli":"Reliable","SHS":1,"NHS":1,"LOCAL_NAME":"INDIANTOWN RD","T_Max":1.157706328,"Shape_Length":6.4436062302648045}},{"type":"Feature","id":676,"geometry":{"type":"LineString","coordinates":[[-80.046054311027689,26.705882525022449],[-80.044715209782879,26.705795519519029],[-80.043689644457757,26.705730695668088],[-80.043225450440076,26.705713413874399],[-80.041143877826798,26.705662369625916]]},"properties":{"OBJECTID_1":676,"Sys_Reli":"Reliable","SHS":1,"NHS":0,"LOCAL_NAME":"ROYAL PALM WAY","T_Max":1.8671307619999999,"Shape_Length":489.22312803293482}},{"type":"Feature","id":677,"geometry":{"type":"LineString","coordinates":[[-80.090199242179779,26.451320335811442],[-80.090113400310173,26.453058798905584],[-80.089920393670738,26.454644349511888],[-80.089765299610136,26.455473994234115],[-80.089491223242206,26.45636607334643],[-80.089030457456005,26.458356207924947],[-80.088616924135479,26.459838768930862],[-80.088413956417071,26.460774196259873],[-80.088358300099742,26.461313295577565],[-80.088354183854207,26.461558987723432]]},"properties":{"OBJECTID_1":677,"Sys_Reli":"Approaching Unreliability","SHS":1,"NHS":1,"LOCAL_NAME":"I-95","T_Max":2.626102554,"Shape_Length":1152.3448319836077}},{"type":"Feature","id":678,"geometry":{"type":"LineString","coordinates":[[-80.081222092136912,26.934718156923189],[-80.081260093266849,26.934787193114037],[-80.081792186664899,26.935762366107994]]},"properties":{"OBJECTID_1":678,"Sys_Reli":"Reliable","SHS":1,"NHS":1,"LOCAL_NAME":"US-1/SR5/FEDERAL HWY","T_Max":1.479483377,"Shape_Length":128.7724948214028}},{"type":"Feature","id":679,"geometry":{"type":"LineString","coordinates":[[-80.08801558907976,26.650869188727683],[-80.088017386835546,26.650944136491415],[-80.088042638899765,26.652160053655145]]},"properties":{"OBJECTID_1":679,"Sys_Reli":"Reliable","SHS":1,"NHS":1,"LOCAL_NAME":"CONGRESS AVE","T_Max":2.2090798920000001,"Shape_Length":143.00804480016529}},{"type":"Feature","id":680,"geometry":{"type":"LineString","coordinates":[[-80.106611606885906,26.798206327760113],[-80.106544449317994,26.80055167038336],[-80.10649250928094,26.802326157225732],[-80.10645512281809,26.803567045708292],[-80.106387996081466,26.805733934541166],[-80.106365646361994,26.80649936930271]]},"properties":{"OBJECTID_1":680,"Sys_Reli":"Reliable","SHS":1,"NHS":1,"LOCAL_NAME":"SR809/MILITARY TRAIL","T_Max":1.9188940290000001,"Shape_Length":918.91997421418341}},{"type":"Feature","id":681,"geometry":{"type":"LineString","coordinates":[[-80.095925305558282,26.860089176194016],[-80.09588723320573,26.86111870173659],[-80.095767403086114,26.864029711092474],[-80.095767098541401,26.864067375278289]]},"properties":{"OBJECTID_1":681,"Sys_Reli":"Reliable","SHS":1,"NHS":0,"LOCAL_NAME":"SR-811/OLD DIXIE HWY","T_Max":1.2927380900000001,"Shape_Length":440.93992703993808}},{"type":"Feature","id":682,"geometry":{"type":"LineString","coordinates":[[-80.17249315019582,26.52779290044591],[-80.172495978350739,26.528007766579289],[-80.172538661579978,26.531248942092478]]},"properties":{"OBJECTID_1":682,"Sys_Reli":"Approaching Unreliability","SHS":1,"NHS":1,"LOCAL_NAME":"TURNPIKE MAINLINE","T_Max":2.2908283599999999,"Shape_Length":382.82197328114307}},{"type":"Feature","id":683,"geometry":{"type":"LineString","coordinates":[[-80.124983592812654,26.707099007115694],[-80.121260334930923,26.70698365316521],[-80.119354525461162,26.706932523863422],[-80.119028595024702,26.706921884613497],[-80.11575310417264,26.706881779667579],[-80.113703927546808,26.706842994478972],[-80.111168013978173,26.706795029382373],[-80.111002604908336,26.706792348506198],[-80.110962170469932,26.706791770226417]]},"properties":{"OBJECTID_1":683,"Sys_Reli":"Reliable","SHS":1,"NHS":1,"LOCAL_NAME":"OKEECHOBEE BLVD","T_Max":1.514410311,"Shape_Length":1395.3198413987454}},{"type":"Feature","id":684,"geometry":{"type":"LineString","coordinates":[[-80.094563942823825,26.900024836639098],[-80.094560356932732,26.9001555344378],[-80.094399086471213,26.90499828912662],[-80.094192868104557,26.911032387085978]]},"properties":{"OBJECTID_1":684,"Sys_Reli":"Reliable","SHS":1,"NHS":0,"LOCAL_NAME":"SR-811/OLD DIXIE HWY","T_Max":1.2575724230000001,"Shape_Length":1219.8499627508702}},{"type":"Feature","id":685,"geometry":{"type":"LineString","coordinates":[[-80.053265905273264,26.722996088620221],[-80.053333445081904,26.720736576636931]]},"properties":{"OBJECTID_1":685,"Sys_Reli":"Reliable","SHS":1,"NHS":0,"LOCAL_NAME":"N DIXIE HWY","T_Max":1.5613927919999999,"Shape_Length":250.36944093925143}},{"type":"Feature","id":686,"geometry":{"type":"LineString","coordinates":[[-80.090405761280692,26.527691031898854],[-80.090407342093897,26.527756599788255],[-80.090410621756746,26.527891987842786],[-80.090425924291026,26.52897047207389],[-80.090458998119459,26.529681138933135],[-80.09049467722221,26.531193241184312],[-80.090503926737341,26.531790576350467],[-80.090504371566652,26.531806467548556]]},"properties":{"OBJECTID_1":686,"Sys_Reli":"Reliable","SHS":0,"NHS":1,"LOCAL_NAME":"CONGRESS AVE","T_Max":1.569795601,"Shape_Length":455.96697023534108}},{"type":"Feature","id":687,"geometry":{"type":"LineString","coordinates":[[-80.075856505788678,26.676286136743453],[-80.075511467306868,26.676273202942568],[-80.074953577739706,26.676249891045607]]},"properties":{"OBJECTID_1":687,"Sys_Reli":"Reliable","SHS":1,"NHS":1,"LOCAL_NAME":"SOUTHERN BLVD","T_Max":1.5565348489999999,"Shape_Length":89.938565347881365}},{"type":"Feature","id":688,"geometry":{"type":"LineString","coordinates":[[-80.03814119904662,26.610663658569489],[-80.038182491852268,26.610804080774951],[-80.038516693562471,26.611972380994732]]},"properties":{"OBJECTID_1":688,"Sys_Reli":"Reliable","SHS":1,"NHS":0,"LOCAL_NAME":"OCEAN BLVD","T_Max":1.1883184419999999,"Shape_Length":149.70525284916084}},{"type":"Feature","id":689,"geometry":{"type":"LineString","coordinates":[[-80.152882894574205,26.934656630983373],[-80.15111667905127,26.934556933289258],[-80.149451880452844,26.934462431889362]]},"properties":{"OBJECTID_1":689,"Sys_Reli":"Reliable","SHS":1,"NHS":1,"LOCAL_NAME":"INDIANTOWN RD","T_Max":1.4977380119999999,"Shape_Length":341.31394475657669}},{"type":"Feature","id":690,"geometry":{"type":"LineString","coordinates":[[-80.094370736652351,26.706521550989422],[-80.093666962709335,26.706505382530334],[-80.089241800064812,26.706400778719708],[-80.087899565030455,26.706339889618572],[-80.087473527592763,26.706323560961899],[-80.086593912578181,26.70630239164689],[-80.086425175561999,26.706295120405073],[-80.085360235877786,26.706268690480663],[-80.084810784476119,26.7062684775101],[-80.083896876251586,26.706264764894385],[-80.082524014499384,26.706230704955729],[-80.08229498038753,26.706221884324311],[-80.080804245186556,26.706183214002863]]},"properties":{"OBJECTID_1":690,"Sys_Reli":"Reliable","SHS":1,"NHS":1,"LOCAL_NAME":"OKEECHOBEE BLVD","T_Max":1.64610451,"Shape_Length":1350.2290247125734}},{"type":"Feature","id":691,"geometry":{"type":"LineString","coordinates":[[-80.088890964290371,26.439765367507754],[-80.08888976564505,26.439903093187446],[-80.088913158544798,26.441232708379562],[-80.089006196507498,26.442393475409212],[-80.089097499829094,26.44313892321577],[-80.089258693983879,26.44398837899563]]},"properties":{"OBJECTID_1":691,"Sys_Reli":"Approaching Unreliability","SHS":1,"NHS":1,"LOCAL_NAME":"I-95","T_Max":2.4358402890000002,"Shape_Length":469.96472014570992}},{"type":"Feature","id":692,"geometry":{"type":"LineString","coordinates":[[-80.059734583264316,26.833719420403547],[-80.059717327026959,26.834065776433942],[-80.059738520042316,26.834464236269582],[-80.059787925621919,26.834807239911541],[-80.059844190902993,26.835109289888862],[-80.059931193983246,26.835446682291177],[-80.060074845644607,26.835841555445462],[-80.060238316817532,26.836208753628895],[-80.060622919250378,26.837078235806665],[-80.060919333531828,26.837755301997113],[-80.061635676074815,26.839375310014926],[-80.061740964546374,26.839673283201115],[-80.06183464436323,26.839993144628071],[-80.061902177508202,26.840315764002554],[-80.061951627788631,26.840654375827985],[-80.061970454514409,26.840945913475782],[-80.061970989334611,26.841255071782296]]},"properties":{"OBJECTID_1":692,"Sys_Reli":"Reliable","SHS":1,"NHS":0,"LOCAL_NAME":"US-1/SR5/FEDERAL HWY","T_Max":1.289487837,"Shape_Length":872.26695454610785}},{"type":"Feature","id":693,"geometry":{"type":"LineString","coordinates":[[-80.089027035553727,26.617470981180851],[-80.08903692060413,26.617555994456549],[-80.089049675034374,26.617840278271871],[-80.0890559643438,26.618131714503388],[-80.08903214688462,26.618812572868141],[-80.089008167827785,26.61936588421095],[-80.08893617275082,26.621211659768647]]},"properties":{"OBJECTID_1":693,"Sys_Reli":"Reliable","SHS":1,"NHS":1,"LOCAL_NAME":"CONGRESS AVE","T_Max":1.635054727,"Shape_Length":414.62666719921464}},{"type":"Feature","id":694,"geometry":{"type":"LineString","coordinates":[[-80.20156682880932,26.691532978295651],[-80.201563281454469,26.691622581188902],[-80.201479475132089,26.693738064313361],[-80.201212160761216,26.700458100309309],[-80.201136246847369,26.702456461765223],[-80.201040478416033,26.704803673800985]]},"properties":{"OBJECTID_1":694,"Sys_Reli":"Reliable","SHS":1,"NHS":1,"LOCAL_NAME":"SR 7","T_Max":1.377413328,"Shape_Length":1470.8362841283274}},{"type":"Feature","id":695,"geometry":{"type":"LineString","coordinates":[[-80.1062150117166,26.811961007268931],[-80.106167929833219,26.813073803194545],[-80.106074904665249,26.815234323829625],[-80.105787841321629,26.822065538486221]]},"properties":{"OBJECTID_1":695,"Sys_Reli":"Reliable","SHS":1,"NHS":1,"LOCAL_NAME":"SR809/MILITARY TRAIL","T_Max":1.5519492070000001,"Shape_Length":1120.0548266297606}},{"type":"Feature","id":696,"geometry":{"type":"LineString","coordinates":[[-80.113246511152553,26.783611864976535],[-80.112476247349775,26.783094272266819],[-80.109810418598258,26.781310077427786],[-80.10887235939623,26.780683791028849],[-80.108333439232084,26.780322130389354]]},"properties":{"OBJECTID_1":696,"Sys_Reli":"Reliable","SHS":1,"NHS":1,"LOCAL_NAME":"BEELINE HWY","T_Max":1.6253097409999999,"Shape_Length":609.38568893426475}},{"type":"Feature","id":697,"geometry":{"type":"LineString","coordinates":[[-80.150798206320999,26.678776120739705],[-80.149926938723169,26.678750466090722],[-80.14957230662128,26.678740923728274]]},"properties":{"OBJECTID_1":697,"Sys_Reli":"Reliable","SHS":1,"NHS":1,"LOCAL_NAME":"SOUTHERN BLVD","T_Max":1.327932213,"Shape_Length":122.04472504156738}},{"type":"Feature","id":698,"geometry":{"type":"LineString","coordinates":[[-80.043220835181756,26.546202652911781],[-80.043097380135094,26.546882532960012],[-80.043040549779548,26.547455449170563],[-80.042944728971591,26.548341852448381],[-80.042910923779573,26.548743126910814]]},"properties":{"OBJECTID_1":698,"Sys_Reli":"Reliable","SHS":1,"NHS":0,"LOCAL_NAME":"OCEAN BLVD","T_Max":1.1871002209999999,"Shape_Length":283.23453281007318}},{"type":"Feature","id":699,"geometry":{"type":"LineString","coordinates":[[-80.129953214346912,26.838967905146635],[-80.129587153921733,26.838957042083599],[-80.129125627062393,26.838947545870692],[-80.128916720950855,26.838944041361717]]},"properties":{"OBJECTID_1":699,"Sys_Reli":"Reliable","SHS":1,"NHS":1,"LOCAL_NAME":"PGA BLVD","T_Max":1.483372208,"Shape_Length":103.02707869729022}},{"type":"Feature","id":700,"geometry":{"type":"LineString","coordinates":[[-80.669747899607955,26.505410649974227],[-80.670961390586626,26.506972726164392],[-80.673970917578885,26.510859858114294]]},"properties":{"OBJECTID_1":700,"Sys_Reli":"Reliable","SHS":1,"NHS":1,"LOCAL_NAME":"US-27","T_Max":1.147441369,"Shape_Length":735.73432274094171}},{"type":"Feature","id":701,"geometry":{"type":"LineString","coordinates":[[-80.051973978831725,26.628675362714699],[-80.051934150476413,26.629818686105466],[-80.051911709176721,26.630462852681106],[-80.051915717214726,26.630661508807705],[-80.05192868746569,26.630839904632008],[-80.051947858412817,26.631027372818071],[-80.052062306668915,26.631461494259014],[-80.052115553723937,26.631705612042264],[-80.052141458538827,26.631913436085878],[-80.052154479722063,26.632161797178675],[-80.052150125561269,26.63238521999013],[-80.051986650899437,26.637281987749862],[-80.051996304438518,26.63763415634779],[-80.052036150698441,26.637903017940634],[-80.052108480233315,26.63819240525962],[-80.052233576043662,26.638519949427096]]},"properties":{"OBJECTID_1":701,"Sys_Reli":"Reliable","SHS":1,"NHS":0,"LOCAL_NAME":"FEDERAL HWY","T_Max":1.261906435,"Shape_Length":1096.0914195266034}},{"type":"Feature","id":702,"geometry":{"type":"LineString","coordinates":[[-80.142450616837181,26.453808017774588],[-80.142033323929425,26.453810416028631],[-80.141141102275725,26.453814283690765],[-80.140870669668999,26.453825869466058],[-80.14062111469822,26.453848888719758],[-80.140377789347184,26.453879496599001],[-80.140110250807439,26.453925990552197],[-80.139833167752386,26.453986572662654],[-80.139624252055555,26.45403907778898],[-80.139381659750768,26.454112124935317],[-80.139110592159156,26.454210471775845],[-80.138871988225745,26.454309012857092],[-80.138530248491733,26.45447012516977],[-80.138282967569694,26.454608229824391],[-80.138088251546378,26.454724952556592],[-80.1378059905648,26.454917550935654],[-80.137514041433988,26.455144981535806],[-80.137259815321755,26.455372639311243],[-80.136331101451802,26.456257405300352],[-80.136046370426612,26.45650091760546],[-80.135821937510556,26.456666502912061],[-80.135574483700978,26.456828177288141],[-80.135304969569646,26.456996319456998],[-80.135018862265866,26.457141727585824],[-80.134746548552144,26.457263643027382],[-80.134488012609722,26.457365818984009],[-80.13420752216075,26.457460328801787],[-80.133944999234487,26.457535140811913],[-80.133637465456701,26.457603070399827],[-80.133326871621421,26.457658720738856],[-80.133033212596374,26.457692783622583],[-80.132743829886778,26.45771648890279],[-80.132428357030861,26.457724014706447],[-80.130919300471689,26.457739362518559],[-80.126496020885668,26.457765467622202]]},"properties":{"OBJECTID_1":702,"Sys_Reli":"Reliable","SHS":1,"NHS":1,"LOCAL_NAME":"ATLANTIC AVE","T_Max":1.5259087689999999,"Shape_Length":1724.6151358060645}},{"type":"Feature","id":703,"geometry":{"type":"LineString","coordinates":[[-80.076513748126843,26.385994553311555],[-80.076437371746565,26.385993949452661],[-80.076312631989182,26.386019742938331],[-80.07516777296776,26.386030094959384],[-80.074560243849405,26.386036913136685],[-80.074280576868432,26.386055555425774],[-80.072548646537328,26.386239988004455],[-80.072247173802694,26.386274544271508],[-80.072058410605024,26.386298847311092],[-80.071829854215196,26.386308358627698],[-80.069579417159773,26.386322449252582],[-80.067447793030908,26.386329448097751],[-80.067303830207095,26.386379951657268]]},"properties":{"OBJECTID_1":703,"Sys_Reli":"Reliable","SHS":1,"NHS":0,"LOCAL_NAME":"SPANISH RIVER BLVD","T_Max":1.6497971870000001,"Shape_Length":921.8999877822896}},{"type":"Feature","id":704,"geometry":{"type":"LineString","coordinates":[[-80.631850712940675,26.862531451560496],[-80.631876720576926,26.862549443880578],[-80.631998422199146,26.862651035196286],[-80.632053791086946,26.86274263331504],[-80.632075491389188,26.862847699426585],[-80.632068253026517,26.862956395586771],[-80.632025126233188,26.86308600622532],[-80.631962794500396,26.863193330168606],[-80.631777484738876,26.863417694666449],[-80.631433284949608,26.863869718617018],[-80.631228681272063,26.864127779374218]]},"properties":{"OBJECTID_1":704,"Sys_Reli":"Reliable","SHS":1,"NHS":0,"LOCAL_NAME":"W MAIN ST","T_Max":1.309743227,"Shape_Length":210.22307793774434}},{"type":"Feature","id":705,"geometry":{"type":"LineString","coordinates":[[-80.122448991475707,26.458135604284017],[-80.12246898147319,26.459054976414244],[-80.122489729301037,26.459507690663695],[-80.122509763736971,26.460391862039931],[-80.122533987423367,26.461596158577766],[-80.122572526115761,26.463664261000112]]},"properties":{"OBJECTID_1":705,"Sys_Reli":"Reliable","SHS":0,"NHS":1,"LOCAL_NAME":"MILITARY TR","T_Max":1.4818428669999999,"Shape_Length":612.49749427502263}},{"type":"Feature","id":706,"geometry":{"type":"LineString","coordinates":[[-80.15308032215431,26.810260439279666],[-80.152941630485444,26.810169243005539],[-80.152652319373018,26.80997350984493]]},"properties":{"OBJECTID_1":706,"Sys_Reli":"Reliable","SHS":1,"NHS":1,"LOCAL_NAME":"BEELINE HWY","T_Max":1.1883810340000001,"Shape_Length":53.101721814879909}},{"type":"Feature","id":707,"geometry":{"type":"LineString","coordinates":[[-80.204051008996458,26.419818999103665],[-80.204072327750254,26.422153575068755],[-80.204108421506248,26.424379454482715],[-80.204190486997121,26.429985999131404],[-80.204232536264783,26.432814973717541],[-80.204234912839155,26.432982207317792]]},"properties":{"OBJECTID_1":707,"Sys_Reli":"Reliable","SHS":1,"NHS":1,"LOCAL_NAME":"SR-7/US-441","T_Max":1.590847466,"Shape_Length":1458.0604442708914}},{"type":"Feature","id":708,"geometry":{"type":"LineString","coordinates":[[-80.1597667828471,26.948877506137265],[-80.161783374977418,26.950663978476829],[-80.162374424920571,26.951197890485073],[-80.162780667562046,26.951606571595697],[-80.163199223993715,26.952053681341187],[-80.163710940428871,26.952675144641347],[-80.166626268070644,26.956685076672219]]},"properties":{"OBJECTID_1":708,"Sys_Reli":"Reliable","SHS":1,"NHS":1,"LOCAL_NAME":"I-95","T_Max":1.916461926,"Shape_Length":1105.7326817252385}},{"type":"Feature","id":709,"geometry":{"type":"LineString","coordinates":[[-80.670359619653411,26.67527579944522],[-80.67029695207296,26.677281856313627],[-80.670284943780132,26.677535213272282],[-80.670260135482835,26.677755238251912],[-80.670222411512484,26.677982473524615],[-80.670182303309375,26.678136726123597],[-80.670139377630406,26.678283012272118],[-80.67011609049429,26.678353911932369]]},"properties":{"OBJECTID_1":709,"Sys_Reli":"Reliable","SHS":1,"NHS":1,"LOCAL_NAME":"S MAIN ST","T_Max":1.45458124,"Shape_Length":342.78224736508673}},{"type":"Feature","id":710,"geometry":{"type":"LineString","coordinates":[[-80.067330177171129,26.385059796457895],[-80.067328148614237,26.385161459365555]]},"properties":{"OBJECTID_1":710,"Sys_Reli":"Reliable","SHS":1,"NHS":0,"LOCAL_NAME":"OCEAN BLVD","T_Max":1.334190548,"Shape_Length":11.262148954865912}},{"type":"Feature","id":711,"geometry":{"type":"LineString","coordinates":[[-80.066814868451033,26.782229722635719],[-80.066602441762868,26.782373576233553],[-80.065727086927623,26.782844951936418]]},"properties":{"OBJECTID_1":711,"Sys_Reli":"Reliable","SHS":1,"NHS":1,"LOCAL_NAME":"BLUE HERON BLVD","T_Max":1.5409921950000001,"Shape_Length":127.94162449630872}},{"type":"Feature","id":712,"geometry":{"type":"LineString","coordinates":[[-80.310062946662001,26.683516142085654],[-80.309966151333796,26.68351284498376],[-80.308211150128301,26.683436095493043],[-80.307596456298526,26.683412621415485],[-80.306505561432402,26.683371518593379],[-80.305138766290085,26.68333002119299],[-80.30351810324558,26.683283352048186],[-80.301608183365076,26.683233044797142],[-80.301561398759659,26.683231538091931]]},"properties":{"OBJECTID_1":712,"Sys_Reli":"Reliable","SHS":1,"NHS":1,"LOCAL_NAME":"SOUTHERN BLVD","T_Max":1.4419218730000001,"Shape_Length":846.49165339416754}},{"type":"Feature","id":713,"geometry":{"type":"LineString","coordinates":[[-80.659441559353283,26.827412050347299],[-80.659044028289031,26.827627777851099],[-80.658616885137164,26.827872419490102]]},"properties":{"OBJECTID_1":713,"Sys_Reli":"Reliable","SHS":1,"NHS":0,"LOCAL_NAME":"E MAIN ST","T_Max":1.200490136,"Shape_Length":96.521514232201199}},{"type":"Feature","id":714,"geometry":{"type":"LineString","coordinates":[[-80.037919861513927,26.718194850780968],[-80.04100787460429,26.71826573681231]]},"properties":{"OBJECTID_1":714,"Sys_Reli":"Reliable","SHS":1,"NHS":0,"LOCAL_NAME":"ROYAL PINCIANA WAY","T_Max":1.7286755199999999,"Shape_Length":307.27267751959027}},{"type":"Feature","id":715,"geometry":{"type":"LineString","coordinates":[[-80.091084370032775,26.758906118606888],[-80.091035857123373,26.758904226677398]]},"properties":{"OBJECTID_1":715,"Sys_Reli":"Reliable","SHS":0,"NHS":1,"LOCAL_NAME":"45 ST","T_Max":1.814739383,"Shape_Length":4.8284759600810752}},{"type":"Feature","id":716,"geometry":{"type":"LineString","coordinates":[[-80.09040417926569,26.527625871186967],[-80.089027848309371,26.527673601961752]]},"properties":{"OBJECTID_1":716,"Sys_Reli":"Reliable","SHS":1,"NHS":1,"LOCAL_NAME":"BOYNTON BCH BLVD","T_Max":1.750741799,"Shape_Length":137.23464112032224}},{"type":"Feature","id":717,"geometry":{"type":"LineString","coordinates":[[-80.684029634420568,26.711921736175682],[-80.684042653371606,26.717531726336475]]},"properties":{"OBJECTID_1":717,"Sys_Reli":"Reliable","SHS":1,"NHS":0,"LOCAL_NAME":"BACOM POINT RD","T_Max":1.274200081,"Shape_Length":621.34186903790635}},{"type":"Feature","id":718,"geometry":{"type":"LineString","coordinates":[[-80.066715872097319,26.69158984909912],[-80.066800255956039,26.691892838108675],[-80.067015179743933,26.692422405153657],[-80.067355695420957,26.693036305665668],[-80.067531309944741,26.693322686487122]]},"properties":{"OBJECTID_1":718,"Sys_Reli":"Reliable","SHS":1,"NHS":1,"LOCAL_NAME":"I-95","T_Max":1.970002,"Shape_Length":209.21634697154019}},{"type":"Feature","id":719,"geometry":{"type":"LineString","coordinates":[[-80.056953837066644,26.627575708787859],[-80.056910247103033,26.628758633342237]]},"properties":{"OBJECTID_1":719,"Sys_Reli":"Reliable","SHS":1,"NHS":0,"LOCAL_NAME":"SR-805/DIXIE HWY","T_Max":1.585321524,"Shape_Length":131.09898825609153}},{"type":"Feature","id":720,"geometry":{"type":"LineString","coordinates":[[-80.052290476867157,26.581586595385087],[-80.052147540646047,26.58204991956336],[-80.052024981015734,26.582529865930777],[-80.05195828506605,26.582931184855713],[-80.051917472339682,26.583314619298793],[-80.051920102649632,26.583802952101284]]},"properties":{"OBJECTID_1":720,"Sys_Reli":"Reliable","SHS":1,"NHS":0,"LOCAL_NAME":"DIXIE HWY","T_Max":1.6618469419999999,"Shape_Length":249.50352950765478}},{"type":"Feature","id":721,"geometry":{"type":"LineString","coordinates":[[-80.108148072619997,26.706807413201293],[-80.107810026097795,26.706814817179598],[-80.107190651688967,26.706812624377001],[-80.104166323128652,26.70676544623926],[-80.102756575800413,26.706749432720656],[-80.102229372354373,26.706736675313227]]},"properties":{"OBJECTID_1":721,"Sys_Reli":"Reliable","SHS":1,"NHS":1,"LOCAL_NAME":"OKEECHOBEE BLVD","T_Max":2.042326782,"Shape_Length":588.8840656104062}},{"type":"Feature","id":722,"geometry":{"type":"LineString","coordinates":[[-80.68723836844508,26.663687058413782],[-80.687128756719275,26.663681939689646],[-80.687028346133374,26.663678293902915]]},"properties":{"OBJECTID_1":722,"Sys_Reli":"Reliable","SHS":1,"NHS":1,"LOCAL_NAME":"SR 80","T_Max":1.217523906,"Shape_Length":20.92216308583977}},{"type":"Feature","id":723,"geometry":{"type":"LineString","coordinates":[[-80.053816492085573,26.703908128596332],[-80.054078561625914,26.697929808388189],[-80.054178985153271,26.695312224404905],[-80.054188259083972,26.694539281431044],[-80.054237024769947,26.693950789422928],[-80.054325934426814,26.691717907504465]]},"properties":{"OBJECTID_1":723,"Sys_Reli":"Reliable","SHS":1,"NHS":0,"LOCAL_NAME":"S DIXIE HWY","T_Max":1.7717207660000001,"Shape_Length":1351.2976757644915}},{"type":"Feature","id":724,"geometry":{"type":"LineString","coordinates":[[-80.803465009133035,26.695970755003092],[-80.8031389171786,26.695998493453857],[-80.802845916596198,26.696045065452509],[-80.802521504914125,26.696107263809367],[-80.802228460537748,26.696178898838379],[-80.80187433015827,26.696283335085621],[-80.797851210052954,26.697669918230279],[-80.797509281437783,26.697772788964528],[-80.797179598543465,26.697853764012667],[-80.796862159850278,26.697914388312363],[-80.79651859451964,26.697959311041661],[-80.7962046890311,26.697988614806235],[-80.795862926463911,26.697997526580227],[-80.795271823649756,26.698010767848189],[-80.790096686364706,26.698094050536007],[-80.784279869651343,26.698182443455153],[-80.783983455393596,26.698182594107504],[-80.783547457957397,26.698155145725142],[-80.783226601869345,26.698130120055328],[-80.782867745255828,26.698081633436082],[-80.782461617571585,26.698013676614835],[-80.782121755157178,26.697942675557105],[-80.781726157469009,26.697837141696699],[-80.781412043267423,26.69774864883366],[-80.781011724293194,26.697608960967166],[-80.780658036364571,26.697470600848547],[-80.780337479540478,26.697333852215603],[-80.774052353469983,26.694431449567332],[-80.773247578705224,26.694054306211491],[-80.772777285827615,26.693823338022526],[-80.772246069349052,26.693540597926297],[-80.756895086504386,26.685177674401288],[-80.754775392077235,26.684017921336615],[-80.754436312404181,26.683833832933775]]},"properties":{"OBJECTID_1":724,"Sys_Reli":"Reliable","SHS":1,"NHS":1,"LOCAL_NAME":"US-27","T_Max":1.1789632059999999,"Shape_Length":5333.4280300701112}},{"type":"Feature","id":725,"geometry":{"type":"LineString","coordinates":[[-80.053730545458649,26.70641251197512],[-80.05373683809276,26.706366672455822],[-80.053747494298406,26.705481977680254],[-80.053778406874372,26.704776858481225]]},"properties":{"OBJECTID_1":725,"Sys_Reli":"Reliable","SHS":1,"NHS":0,"LOCAL_NAME":"S DIXIE HWY","T_Max":1.864627662,"Shape_Length":181.28064894280823}},{"type":"Feature","id":726,"geometry":{"type":"LineString","coordinates":[[-80.071357128919658,26.676122788842338],[-80.070969998682543,26.676111090111487]]},"properties":{"OBJECTID_1":726,"Sys_Reli":"Reliable","SHS":1,"NHS":1,"LOCAL_NAME":"SOUTHERN BLVD","T_Max":1.5565348489999999,"Shape_Length":38.54447696349591}},{"type":"Feature","id":727,"geometry":{"type":"LineString","coordinates":[[-80.0935796193789,26.460549393117905],[-80.093580081649179,26.460573874380973]]},"properties":{"OBJECTID_1":727,"Sys_Reli":"Reliable","SHS":0,"NHS":1,"LOCAL_NAME":"CONGRESS AVE","T_Max":1.535601671,"Shape_Length":2.7119838649784951}},{"type":"Feature","id":728,"geometry":{"type":"LineString","coordinates":[[-80.089641197298334,26.57215400136872],[-80.089641129080633,26.57222118616134],[-80.089640948235214,26.574081306879293]]},"properties":{"OBJECTID_1":728,"Sys_Reli":"Reliable","SHS":0,"NHS":1,"LOCAL_NAME":"CONGRESS AVE","T_Max":1.4911511239999999,"Shape_Length":213.47562056728242}},{"type":"Feature","id":729,"geometry":{"type":"LineString","coordinates":[[-80.038997122419019,26.645583244211473],[-80.038972031824983,26.64632673875392],[-80.038952444214601,26.646491379704404],[-80.038897561705284,26.646671571587834],[-80.038761946831158,26.646819619479256],[-80.038600523625433,26.646899781486614],[-80.038421343648196,26.646925657121749],[-80.037687913111029,26.646925206411918],[-80.037549141975632,26.646924266937049],[-80.037410755708024,26.646952673645139],[-80.037315946206689,26.647026518529081],[-80.037251970139408,26.647168272523256],[-80.037223907189258,26.647368966167424],[-80.037216728844655,26.647626223471818],[-80.037222902130623,26.647918093523607]]},"properties":{"OBJECTID_1":729,"Sys_Reli":"Reliable","SHS":1,"NHS":0,"LOCAL_NAME":"OCEAN BLVD","T_Max":1.310448404,"Shape_Length":392.70614718823316}},{"type":"Feature","id":730,"geometry":{"type":"LineString","coordinates":[[-80.135731815024286,26.839133098669418],[-80.135568104602228,26.839128079886301],[-80.134808761277924,26.839105606846374]]},"properties":{"OBJECTID_1":730,"Sys_Reli":"Reliable","SHS":1,"NHS":0,"LOCAL_NAME":"PGA BLVD","T_Max":1.339171608,"Shape_Length":91.769825685761759}},{"type":"Feature","id":731,"geometry":{"type":"LineString","coordinates":[[-80.050450342763568,26.675581785645605],[-80.050147142566246,26.675572202785247],[-80.049192133926482,26.67553065759957]]},"properties":{"OBJECTID_1":731,"Sys_Reli":"Approaching Unreliability","SHS":1,"NHS":0,"LOCAL_NAME":"SOUTHERN BLVD","T_Max":2.2067708330000002,"Shape_Length":125.33352159642044}},{"type":"Feature","id":732,"geometry":{"type":"LineString","coordinates":[[-80.074953577739706,26.676249891045607],[-80.073360532274705,26.676183314814914],[-80.072389477771168,26.676153980917608]]},"properties":{"OBJECTID_1":732,"Sys_Reli":"Reliable","SHS":1,"NHS":1,"LOCAL_NAME":"SOUTHERN BLVD","T_Max":1.5565348489999999,"Shape_Length":255.37506257873628}},{"type":"Feature","id":733,"geometry":{"type":"LineString","coordinates":[[-80.089065649862476,26.617414334196468],[-80.089020165233634,26.617411904120619],[-80.088838792452222,26.617398483847708],[-80.088759498043657,26.617395647547887]]},"properties":{"OBJECTID_1":733,"Sys_Reli":"Reliable","SHS":1,"NHS":1,"LOCAL_NAME":"LAKE WORTH RD","T_Max":1.515836532,"Shape_Length":30.555449135253344}},{"type":"Feature","id":734,"geometry":{"type":"LineString","coordinates":[[-80.035635162837849,26.684317144688393],[-80.03579112103057,26.684332177529342],[-80.03595473393554,26.684371662760384],[-80.036077960087042,26.684433441558216],[-80.036190988775402,26.684513206603938],[-80.036291616972079,26.68464705318652],[-80.036350288811477,26.684767070858662],[-80.036387709677712,26.684873410094408],[-80.036392581570595,26.684965985221993],[-80.036386933459184,26.685040423478426],[-80.036363284208178,26.685313366065795],[-80.036164221687983,26.686873904150904],[-80.036034382813966,26.687897728398426],[-80.03599425756525,26.688335322256101],[-80.035946556901621,26.689003079859202],[-80.03585085917031,26.690521431452662],[-80.035818917974424,26.691182529134192],[-80.035817998044337,26.692636070062228],[-80.035797792446175,26.695260880110933],[-80.035777214354241,26.699720676233234],[-80.035785416218289,26.699939668768028],[-80.035823774439265,26.70008438067255],[-80.035915483596597,26.700236222445017],[-80.036039982160943,26.700372494672436],[-80.036069262355838,26.700397635733172]]},"properties":{"OBJECTID_1":734,"Sys_Reli":"Reliable","SHS":1,"NHS":0,"LOCAL_NAME":"S COUNTY RD","T_Max":1.507736634,"Shape_Length":1836.2481948957338}},{"type":"Feature","id":735,"geometry":{"type":"LineString","coordinates":[[-80.125617438719047,26.838802721075034],[-80.125284617995092,26.838785461784457],[-80.12480882570118,26.838768105379586],[-80.121703623593206,26.838669789815846],[-80.121562872625702,26.838665338871582],[-80.11527631966355,26.838460854513357],[-80.113537792997079,26.838407408136266],[-80.111020934177319,26.83833622850706],[-80.108516792369315,26.838266851094222],[-80.108202815630264,26.838269236238187],[-80.105266526116182,26.838202243081099],[-80.105206576544248,26.838200873495108]]},"properties":{"OBJECTID_1":735,"Sys_Reli":"Reliable","SHS":1,"NHS":1,"LOCAL_NAME":"PGA BLVD","T_Max":1.483372208,"Shape_Length":2029.2936166608915}},{"type":"Feature","id":736,"geometry":{"type":"LineString","coordinates":[[-80.038709158210111,26.618080994421405],[-80.038733750792048,26.619940546696611]]},"properties":{"OBJECTID_1":736,"Sys_Reli":"Reliable","SHS":1,"NHS":0,"LOCAL_NAME":"OCEAN BLVD","T_Max":1.2371425579999999,"Shape_Length":205.98927850885653}},{"type":"Feature","id":737,"geometry":{"type":"LineString","coordinates":[[-80.057355246256876,26.615913766965086],[-80.05242766459962,26.615783983418726],[-80.049484169985647,26.615692119686912],[-80.047706123127924,26.615639609068939],[-80.047090449799967,26.615619687116997],[-80.04696169102958,26.615608956681527]]},"properties":{"OBJECTID_1":737,"Sys_Reli":"Reliable","SHS":1,"NHS":0,"LOCAL_NAME":"LAKE AVE","T_Max":1.299087356,"Shape_Length":1035.3712852791966}},{"type":"Feature","id":738,"geometry":{"type":"LineString","coordinates":[[-80.149451880452844,26.934462431889362],[-80.149144484583275,26.934444981819624],[-80.1479556276648,26.934378272745306],[-80.146869689017194,26.934320940393452],[-80.146024813888232,26.934290610034225],[-80.145517086274012,26.934281742280728]]},"properties":{"OBJECTID_1":738,"Sys_Reli":"Reliable","SHS":1,"NHS":1,"LOCAL_NAME":"INDIANTOWN RD","T_Max":1.4977380119999999,"Shape_Length":391.2082345494922}},{"type":"Feature","id":739,"geometry":{"type":"LineString","coordinates":[[-80.057093039834285,26.705785748328847],[-80.056966386071764,26.705773590913001],[-80.056603767378959,26.705713539554619],[-80.056140673936099,26.705637268947957],[-80.055907833517153,26.705604768027342],[-80.055498069169786,26.705560172599512],[-80.055177854536012,26.705533227347949],[-80.055015456250374,26.705503571889199]]},"properties":{"OBJECTID_1":739,"Sys_Reli":"Approaching Unreliability","SHS":1,"NHS":1,"LOCAL_NAME":"OKEECHOBEE BLVD","T_Max":1.7135416670000001,"Shape_Length":209.17878010355059}},{"type":"Feature","id":740,"geometry":{"type":"LineString","coordinates":[[-80.117274865971751,26.371523650534712],[-80.117104933415774,26.372037559754727],[-80.116745075349897,26.373155766264745]]},"properties":{"OBJECTID_1":740,"Sys_Reli":"Unreliable","SHS":1,"NHS":1,"LOCAL_NAME":"I-95","T_Max":4.8367219869999998,"Shape_Length":188.34335158469455}},{"type":"Feature","id":741,"geometry":{"type":"LineString","coordinates":[[-80.064419253251899,26.705713133547313],[-80.064356574488045,26.705728620943365]]},"properties":{"OBJECTID_1":741,"Sys_Reli":"Approaching Unreliability","SHS":1,"NHS":1,"LOCAL_NAME":"OKEECHOBEE BLVD","T_Max":1.621696338,"Shape_Length":6.467133888965825}},{"type":"Feature","id":742,"geometry":{"type":"LineString","coordinates":[[-80.048763386193201,26.706148347930849],[-80.048982609661238,26.706154337386607],[-80.052070422927088,26.706244957218122]]},"properties":{"OBJECTID_1":742,"Sys_Reli":"Unreliable","SHS":1,"NHS":0,"LOCAL_NAME":"LAKEVIEW AVE","T_Max":7.6570247929999997,"Shape_Length":329.16695960262376}},{"type":"Feature","id":743,"geometry":{"type":"LineString","coordinates":[[-80.089819811225922,26.424521668135029],[-80.08982288878471,26.425165283998712],[-80.089839153810729,26.426163667282776]]},"properties":{"OBJECTID_1":743,"Sys_Reli":"Approaching Unreliability","SHS":1,"NHS":1,"LOCAL_NAME":"I-95","T_Max":2.6589390609999999,"Shape_Length":181.88283883759729}},{"type":"Feature","id":744,"geometry":{"type":"LineString","coordinates":[[-80.118343234909048,26.368292560228817],[-80.117274865971751,26.371523650534712]]},"properties":{"OBJECTID_1":744,"Sys_Reli":"Unreliable","SHS":1,"NHS":1,"LOCAL_NAME":"I-95","T_Max":4.8367219869999998,"Shape_Length":373.4125152645056}},{"type":"Feature","id":745,"geometry":{"type":"LineString","coordinates":[[-80.065437272871691,26.461684677450208],[-80.064885213654307,26.461674870943025],[-80.058322798008206,26.461708516288375]]},"properties":{"OBJECTID_1":745,"Sys_Reli":"Approaching Unreliability","SHS":1,"NHS":0,"LOCAL_NAME":"ATLANTIC AVE","T_Max":1.8963936159999999,"Shape_Length":709.29181281813351}},{"type":"Feature","id":746,"geometry":{"type":"LineString","coordinates":[[-80.089656533678763,26.394440302220989],[-80.088366659206059,26.394452675137991],[-80.08775470272532,26.394463402602675],[-80.087232629746708,26.39447582036119],[-80.085579322174922,26.394491626016197],[-80.08496733273951,26.394489471878977],[-80.084446736732431,26.394474892299534],[-80.083761326977751,26.394457008409589],[-80.083598760126023,26.394452889553573],[-80.083470535715279,26.394449636928936],[-80.08328690727248,26.394444975627568],[-80.08193228163428,26.394445336160551],[-80.080940938323266,26.394446222636027],[-80.080625939504401,26.394460887758171],[-80.080416496392317,26.394485586045203],[-80.080332101802611,26.394495537688496]]},"properties":{"OBJECTID_1":746,"Sys_Reli":"Reliable","SHS":1,"NHS":1,"LOCAL_NAME":"SR-794/YAMATO RD","T_Max":1.657142728,"Shape_Length":930.53605723316741}},{"type":"Feature","id":747,"geometry":{"type":"LineString","coordinates":[[-80.084197307290495,26.941934073601026],[-80.0843579290393,26.943036646731592],[-80.084500493923329,26.944234118301061],[-80.084525221673786,26.94443054169389]]},"properties":{"OBJECTID_1":747,"Sys_Reli":"Reliable","SHS":1,"NHS":1,"LOCAL_NAME":"US-1/SR5/FEDERAL HWY","T_Max":1.4797370249999999,"Shape_Length":278.46033380886348}},{"type":"Feature","id":748,"geometry":{"type":"LineString","coordinates":[[-80.060363512074574,26.830841283430889],[-80.060348991258124,26.830908297278938],[-80.060130892642448,26.831820648041091],[-80.060025983901255,26.832269525349233],[-80.059865448425839,26.832930374337437],[-80.059780560285148,26.833326670320361],[-80.059738843778675,26.833633920275037],[-80.059734583264316,26.833719420403547]]},"properties":{"OBJECTID_1":748,"Sys_Reli":"Reliable","SHS":1,"NHS":0,"LOCAL_NAME":"US-1/SR5/FEDERAL HWY","T_Max":1.289487837,"Shape_Length":325.10720230359721}},{"type":"Feature","id":749,"geometry":{"type":"LineString","coordinates":[[-80.201573059620571,26.691373888480101],[-80.201568602480776,26.691488177299945],[-80.20156682880932,26.691532978295651]]},"properties":{"OBJECTID_1":749,"Sys_Reli":"Reliable","SHS":1,"NHS":1,"LOCAL_NAME":"SR 7","T_Max":1.4118519979999999,"Shape_Length":17.632166199708628}},{"type":"Feature","id":750,"geometry":{"type":"LineString","coordinates":[[-80.087716718543021,26.672427104679485],[-80.087708284884101,26.672655364228426],[-80.087691523328829,26.672996775549652],[-80.087676472309397,26.673155277664154],[-80.087654764317932,26.67328399501115],[-80.087622034125829,26.673410173217608],[-80.087569675487657,26.673577106495287],[-80.08751199597063,26.673719229140676],[-80.087434895886688,26.67387609303897],[-80.087360768848086,26.674004473572719],[-80.087284012499211,26.67411798106388],[-80.087189291176017,26.674236318786935],[-80.087073767184762,26.674368149199534],[-80.086947301614359,26.674487531355204],[-80.086812629713222,26.67459941768934],[-80.086679455698899,26.674696448388854],[-80.086510341405116,26.674803156426666],[-80.086313687405621,26.674903494597636],[-80.086117084627148,26.674998877173039],[-80.085306291660913,26.675387236501503],[-80.084779642650133,26.675640764965408],[-80.083897800126067,26.676050170923258],[-80.08194257513874,26.676971385814358],[-80.081180144985083,26.677327425059914],[-80.080903426345714,26.677435910197541],[-80.080665565143022,26.677514904326667],[-80.080423665629027,26.677581492290507],[-80.080183174491097,26.677644364779457],[-80.079928982835838,26.677694757663247],[-80.079644473997959,26.677742477187632],[-80.078746131110293,26.677884481251148],[-80.077968582418436,26.678009734392241],[-80.077577165525241,26.678075837951141],[-80.07732602978443,26.678131257587694],[-80.077025023114842,26.678209549141009],[-80.076748052366611,26.678296196687516],[-80.076460639186024,26.678402577561261],[-80.076184947667201,26.678514321954253],[-80.075907591460407,26.678648493003195],[-80.075659676741424,26.678777567219054],[-80.075601201413946,26.678813445221078],[-80.075404180601168,26.678934327474501],[-80.075158889287181,26.679101699654893],[-80.074960742691644,26.679254865451547],[-80.074763854314668,26.679433120666619],[-80.074620114791855,26.679581360615312],[-80.074491598363394,26.67972677082432]]},"properties":{"OBJECTID_1":750,"Sys_Reli":"Reliable","SHS":1,"NHS":1,"LOCAL_NAME":"CONGRESS AVE","T_Max":1.2735804829999999,"Shape_Length":1637.3663457294228}},{"type":"Feature","id":751,"geometry":{"type":"LineString","coordinates":[[-80.079865937815896,26.364921337213293],[-80.079127075728493,26.365892916417113],[-80.078879528605256,26.366251311787899],[-80.078610202624986,26.366665179668118],[-80.078401424359853,26.367007531283676]]},"properties":{"OBJECTID_1":751,"Sys_Reli":"Reliable","SHS":1,"NHS":1,"LOCAL_NAME":"FEDERAL HWY","T_Max":2.009621756,"Shape_Length":273.59611639913487}},{"type":"Feature","id":752,"geometry":{"type":"LineString","coordinates":[[-80.109073596097815,26.350654523436834],[-80.108792909611068,26.350652557346113],[-80.108423119024536,26.350648695444111],[-80.108114098956477,26.350634188621182],[-80.107831105660324,26.350607271578845],[-80.107570097510489,26.350573304947503],[-80.106847715198541,26.350455286563164]]},"properties":{"OBJECTID_1":752,"Sys_Reli":"Approaching Unreliability","SHS":0,"NHS":1,"LOCAL_NAME":"PALMETTO PARK RD","T_Max":1.671302515,"Shape_Length":223.76532667336488}},{"type":"Feature","id":753,"geometry":{"type":"LineString","coordinates":[[-80.654009909679331,26.485140247160391],[-80.654157877119431,26.485330942891846]]},"properties":{"OBJECTID_1":753,"Sys_Reli":"Reliable","SHS":1,"NHS":1,"LOCAL_NAME":"US-27","T_Max":1.147441369,"Shape_Length":25.759163481623546}},{"type":"Feature","id":754,"geometry":{"type":"LineString","coordinates":[[-80.048684255127014,26.833282226433194],[-80.048870941228245,26.833974128688695],[-80.048920230013877,26.834624486164813],[-80.048907169273377,26.834972062805388]]},"properties":{"OBJECTID_1":754,"Sys_Reli":"Reliable","SHS":1,"NHS":0,"LOCAL_NAME":"N OCEAN BLVD","T_Max":1.1266678590000001,"Shape_Length":189.58260399234516}},{"type":"Feature","id":755,"geometry":{"type":"LineString","coordinates":[[-80.108104336264816,26.763930305756247],[-80.108093916607544,26.76405498340683],[-80.108012238019668,26.765150519531357],[-80.108008522188683,26.765220124644056]]},"properties":{"OBJECTID_1":755,"Sys_Reli":"Reliable","SHS":1,"NHS":1,"LOCAL_NAME":"SR809/MILITARY TRAIL","T_Max":1.9594314349999999,"Shape_Length":143.18753608871984}},{"type":"Feature","id":756,"geometry":{"type":"LineString","coordinates":[[-80.07881317624809,26.769729232820801],[-80.0786286543389,26.76972803318003],[-80.078252631920449,26.769741387117822],[-80.077572245804873,26.76976855937443],[-80.077299332702736,26.769780326683804],[-80.076386568929024,26.769781156942329],[-80.071638060206183,26.769607724107221]]},"properties":{"OBJECTID_1":756,"Sys_Reli":"Reliable","SHS":1,"NHS":1,"LOCAL_NAME":"MLK JR BLVD","T_Max":1.355758724,"Shape_Length":713.91795965860433}},{"type":"Feature","id":757,"geometry":{"type":"LineString","coordinates":[[-80.07042474712938,26.351631470318534],[-80.070427447583413,26.351766524606425],[-80.070437401139159,26.35349103981898]]},"properties":{"OBJECTID_1":757,"Sys_Reli":"Reliable","SHS":1,"NHS":0,"LOCAL_NAME":"OCEAN BLVD","T_Max":1.334190548,"Shape_Length":205.97254570174968}},{"type":"Feature","id":758,"geometry":{"type":"LineString","coordinates":[[-80.091488898810425,26.830506647080881],[-80.091511534400098,26.830589872935512],[-80.091549111158628,26.830730099054829],[-80.091803679892749,26.831680093756155],[-80.093441904101041,26.837721104902133]]},"properties":{"OBJECTID_1":758,"Sys_Reli":"Reliable","SHS":1,"NHS":0,"LOCAL_NAME":"SR-811/OLD DIXIE HWY","T_Max":1.5629099230000001,"Shape_Length":822.35717778439323}},{"type":"Feature","id":759,"geometry":{"type":"LineString","coordinates":[[-80.170745980163289,26.368189365031061],[-80.170790729565624,26.373166488945738],[-80.170801210729493,26.374423394142401],[-80.170801909541467,26.374506643859021],[-80.170816151532094,26.376214567926041],[-80.171080817743217,26.394142096372413],[-80.17108238236068,26.394246302192251],[-80.171127931903783,26.397284391348702],[-80.171313718679215,26.40877917737593],[-80.17158755509891,26.424837343601279],[-80.17164184187989,26.425698825976209],[-80.171857579844456,26.427528242557962],[-80.172057502055438,26.428671535466613],[-80.173529496496613,26.435654756460764],[-80.173791200007699,26.437103124338204],[-80.174021134138854,26.438594826507263],[-80.174121470516567,26.439750456494068],[-80.174202279641634,26.441604078064671],[-80.174339096858546,26.448593778878038]]},"properties":{"OBJECTID_1":759,"Sys_Reli":"Approaching Unreliability","SHS":1,"NHS":1,"LOCAL_NAME":"TURNPIKE MAINLINE","T_Max":2.3157738590000001,"Shape_Length":8927.1330312064019}},{"type":"Feature","id":760,"geometry":{"type":"LineString","coordinates":[[-80.087905217830169,26.764432330181517],[-80.087937066835323,26.764497181656374],[-80.088017106600375,26.764705189402989],[-80.088088694087716,26.764972170969624],[-80.088116783771341,26.765198630278352],[-80.088125856607846,26.765434803454216],[-80.08805297313782,26.766951181146062],[-80.087978360013864,26.768262200750449]]},"properties":{"OBJECTID_1":760,"Sys_Reli":"Reliable","SHS":0,"NHS":1,"LOCAL_NAME":"CONGRESS AVE","T_Max":2.1913006359999998,"Shape_Length":427.58601533637091}},{"type":"Feature","id":761,"geometry":{"type":"LineString","coordinates":[[-80.056123561761581,26.651624207717692],[-80.056057859919122,26.6535647559936],[-80.05604898183006,26.653827001648533]]},"properties":{"OBJECTID_1":761,"Sys_Reli":"Reliable","SHS":1,"NHS":0,"LOCAL_NAME":"SR-805/DIXIE HWY","T_Max":1.324694211,"Shape_Length":244.10718847039482}},{"type":"Feature","id":762,"geometry":{"type":"LineString","coordinates":[[-80.205302442950725,26.680588408935332],[-80.204724015012445,26.680595246289627],[-80.204020785569654,26.680593998450167],[-80.203204210023017,26.680576004512979],[-80.201689077384728,26.680528603892817],[-80.200372512807974,26.680482296131018],[-80.199490677531713,26.680436696212258],[-80.198259217519507,26.680356380511878],[-80.197533990831488,26.680298636938549],[-80.197354138950914,26.680284108699052]]},"properties":{"OBJECTID_1":762,"Sys_Reli":"Reliable","SHS":1,"NHS":1,"LOCAL_NAME":"SOUTHERN BLVD","T_Max":1.5430085600000001,"Shape_Length":791.91479578449389}},{"type":"Feature","id":763,"geometry":{"type":"LineString","coordinates":[[-80.074713995317595,26.417702740731098],[-80.074709863976722,26.417722611273742],[-80.074548153337815,26.418500019673854],[-80.074049620854879,26.420952882378959],[-80.07396263933191,26.4214119965891],[-80.073846035231654,26.422123199972781]]},"properties":{"OBJECTID_1":763,"Sys_Reli":"Reliable","SHS":1,"NHS":0,"LOCAL_NAME":"FEDERAL HWY","T_Max":1.9652595230000001,"Shape_Length":497.25365760926229}},{"type":"Feature","id":764,"geometry":{"type":"LineString","coordinates":[[-80.056219966969749,26.481450958392227],[-80.056211138260863,26.481585783299924],[-80.056137800642389,26.482273725226268],[-80.056052536345661,26.482810362426779],[-80.056016448266035,26.483006492111681],[-80.05586961838226,26.483786480043307],[-80.055668403445566,26.484699286578007],[-80.055188083666749,26.486616928548525],[-80.054849629554766,26.487977992963014],[-80.054693230093292,26.488622493401671],[-80.05443047163331,26.489818353837613]]},"properties":{"OBJECTID_1":764,"Sys_Reli":"Reliable","SHS":1,"NHS":0,"LOCAL_NAME":"OCEAN BLVD","T_Max":1.1916603370000001,"Shape_Length":944.58044290435009}},{"type":"Feature","id":765,"geometry":{"type":"LineString","coordinates":[[-80.146237483542293,26.408033522337835],[-80.146243595416053,26.408527776590681]]},"properties":{"OBJECTID_1":765,"Sys_Reli":"Reliable","SHS":0,"NHS":1,"LOCAL_NAME":"JOG RD","T_Max":1.3591537039999999,"Shape_Length":54.74693643103155}},{"type":"Feature","id":766,"geometry":{"type":"LineString","coordinates":[[-80.696957823981364,26.540373235833332],[-80.699235183743141,26.543288475640772],[-80.70171681810119,26.54646175339213]]},"properties":{"OBJECTID_1":766,"Sys_Reli":"Reliable","SHS":1,"NHS":1,"LOCAL_NAME":"US-27","T_Max":1.147441369,"Shape_Length":824.28544860783791}},{"type":"Feature","id":767,"geometry":{"type":"LineString","coordinates":[[-80.053478837701817,26.504050278551048],[-80.053574675681006,26.504540965743541],[-80.053625183950317,26.505026958040293],[-80.053659812102623,26.505546321667381],[-80.053656019112424,26.505754260298453]]},"properties":{"OBJECTID_1":767,"Sys_Reli":"Reliable","SHS":1,"NHS":0,"LOCAL_NAME":"OCEAN BLVD","T_Max":1.1916603370000001,"Shape_Length":189.91335371430435}},{"type":"Feature","id":768,"geometry":{"type":"LineString","coordinates":[[-80.146946716081288,26.469106793948139],[-80.14704133147049,26.477970628904391],[-80.147074715949444,26.481538772432554],[-80.147098481417245,26.48392865921808],[-80.147135117308139,26.486966637598815]]},"properties":{"OBJECTID_1":768,"Sys_Reli":"Reliable","SHS":0,"NHS":1,"LOCAL_NAME":"JOG RD","T_Max":1.280854806,"Shape_Length":1978.2626550641071}},{"type":"Feature","id":769,"geometry":{"type":"LineString","coordinates":[[-80.110711364510706,26.783523581549375],[-80.11064704584534,26.783521546356681]]},"properties":{"OBJECTID_1":769,"Sys_Reli":"Reliable","SHS":1,"NHS":1,"LOCAL_NAME":"BLUE HERON BLVD","T_Max":2.1224218910000001,"Shape_Length":6.3981522219470346}},{"type":"Feature","id":770,"geometry":{"type":"LineString","coordinates":[[-80.196832731513666,26.617181116959149],[-80.194263264070628,26.61718393004195],[-80.192108118983086,26.617200693305289],[-80.189586285086378,26.617211868618966]]},"properties":{"OBJECTID_1":770,"Sys_Reli":"Reliable","SHS":1,"NHS":1,"LOCAL_NAME":"LAKE WORTH RD","T_Max":1.4460748349999999,"Shape_Length":721.44473970743513}},{"type":"Feature","id":771,"geometry":{"type":"LineString","coordinates":[[-80.093642334272729,26.926148277436312],[-80.093635203263702,26.926289061514577],[-80.093589831907039,26.927400315066059],[-80.093564930623842,26.928328748949802],[-80.093523807678295,26.929644967160247],[-80.093512407463109,26.930610575427998],[-80.09350272202434,26.931188566040468],[-80.093473096554888,26.932262212592821],[-80.093424477359093,26.933899041392682],[-80.093428919832405,26.93410050376847],[-80.093438170897969,26.934251713732468],[-80.093445360900049,26.934369324455432]]},"properties":{"OBJECTID_1":771,"Sys_Reli":"Reliable","SHS":1,"NHS":0,"LOCAL_NAME":"SR-811/OLD DIXIE HWY","T_Max":1.567724525,"Shape_Length":910.98688232123027}},{"type":"Feature","id":772,"geometry":{"type":"LineString","coordinates":[[-80.056544026421946,26.745789995166533],[-80.056541872231961,26.745861167183058],[-80.056515198996465,26.746714873745177],[-80.05649507279125,26.747359289951348],[-80.056494277881427,26.747557772010673],[-80.056493026094003,26.747870424150786],[-80.056520420366979,26.748395308240639],[-80.056527389379298,26.748528904922274],[-80.056522508625093,26.749120211210872],[-80.056508363715139,26.749271981044625],[-80.056465971492074,26.749726982033064],[-80.056440885632682,26.749985402971465],[-80.056188081443423,26.752589632058346]]},"properties":{"OBJECTID_1":772,"Sys_Reli":"Reliable","SHS":1,"NHS":0,"LOCAL_NAME":"BROADWAY AVE","T_Max":1.5245526110000001,"Shape_Length":754.76446154277642}},{"type":"Feature","id":773,"geometry":{"type":"LineString","coordinates":[[-80.061683615638472,26.724663208263177],[-80.060469459127347,26.724631857356606],[-80.05926378634652,26.724600711220617],[-80.058362704326441,26.724577417193036],[-80.055509257014776,26.724503648013634]]},"properties":{"OBJECTID_1":773,"Sys_Reli":"Approaching Unreliability","SHS":0,"NHS":1,"LOCAL_NAME":"PALM BCH LAKES BLVD","T_Max":2.235519397,"Shape_Length":614.3962292985517}},{"type":"Feature","id":774,"geometry":{"type":"LineString","coordinates":[[-80.065484713093724,26.675957512940357],[-80.064480724622982,26.675933532986797],[-80.06386619382576,26.675913832980658],[-80.062994733271481,26.675881332766711],[-80.06280498106689,26.675911319728311],[-80.060821499413279,26.675864356186441],[-80.060647234731945,26.675859327157422]]},"properties":{"OBJECTID_1":774,"Sys_Reli":"Approaching Unreliability","SHS":1,"NHS":1,"LOCAL_NAME":"SOUTHERN BLVD","T_Max":1.932587944,"Shape_Length":481.88755569719598}},{"type":"Feature","id":775,"geometry":{"type":"LineString","coordinates":[[-80.055299744474894,26.804123392665591],[-80.055327063607805,26.804373905550776],[-80.055396843876395,26.80501894673489],[-80.055554815371167,26.806087996396762],[-80.055794057910475,26.807307510441387],[-80.055803369431231,26.807344570640257]]},"properties":{"OBJECTID_1":775,"Sys_Reli":"Reliable","SHS":1,"NHS":0,"LOCAL_NAME":"US-1/SR5/FEDERAL HWY","T_Max":1.3660490089999999,"Shape_Length":360.48907248808757}},{"type":"Feature","id":776,"geometry":{"type":"LineString","coordinates":[[-80.038733750792048,26.619940546696611],[-80.038760340880373,26.62195118726909],[-80.038792468042189,26.625316697864498],[-80.038819582924788,26.628228512527997],[-80.039162474354612,26.633923163514687],[-80.039248331791612,26.635219306059863],[-80.039278259600465,26.636445094882763],[-80.039272633043382,26.637417858284987],[-80.039122072874392,26.641880286999697]]},"properties":{"OBJECTID_1":776,"Sys_Reli":"Reliable","SHS":1,"NHS":0,"LOCAL_NAME":"OCEAN BLVD","T_Max":1.2371425579999999,"Shape_Length":2431.6550452947513}},{"type":"Feature","id":777,"geometry":{"type":"LineString","coordinates":[[-80.094863306543942,26.843757675359626],[-80.094171191743783,26.843909631388314]]},"properties":{"OBJECTID_1":777,"Sys_Reli":"Approaching Unreliability","SHS":1,"NHS":1,"LOCAL_NAME":"PGA BLVD","T_Max":1.626834517,"Shape_Length":70.799666575661519}},{"type":"Feature","id":778,"geometry":{"type":"LineString","coordinates":[[-80.156872472949871,26.941826061611586],[-80.15714557886642,26.942362101256595],[-80.157679763793482,26.943338063651257],[-80.158307269129352,26.944382298731504],[-80.158864493582755,26.945225241599545],[-80.159593391564187,26.946267810423823],[-80.162778283199572,26.950651831017648],[-80.165658049201312,26.954611305062954]]},"properties":{"OBJECTID_1":778,"Sys_Reli":"Reliable","SHS":1,"NHS":1,"LOCAL_NAME":"TURNPIKE MAINLINE","T_Max":1.250125631,"Shape_Length":1664.8444960446075}},{"type":"Feature","id":779,"geometry":{"type":"LineString","coordinates":[[-80.122680345341408,26.618797968284518],[-80.121806596285111,26.618758824375746]]},"properties":{"OBJECTID_1":779,"Sys_Reli":"Approaching Unreliability","SHS":1,"NHS":1,"LOCAL_NAME":"LAKE WORTH RD","T_Max":2.9012471299999998,"Shape_Length":87.095772701370436}},{"type":"Feature","id":780,"geometry":{"type":"LineString","coordinates":[[-80.564615384210583,26.813635929341487],[-80.56732768943462,26.815697667806887]]},"properties":{"OBJECTID_1":780,"Sys_Reli":"Reliable","SHS":1,"NHS":0,"LOCAL_NAME":"CONNERS HWY","T_Max":1.245174437,"Shape_Length":353.27379837357785}},{"type":"Feature","id":781,"geometry":{"type":"LineString","coordinates":[[-80.114497605537863,26.590823113011552],[-80.114503698497089,26.590872141173911],[-80.114523540218016,26.591198895534351],[-80.114532514748078,26.591485383947216],[-80.114533986989386,26.591657509965923],[-80.114351796165224,26.595902588081223],[-80.114253757581238,26.598291420950716],[-80.114213133841446,26.599210764261191],[-80.114066239258122,26.602679685932497],[-80.114028602270992,26.603575175950937],[-80.114008947750136,26.604063349165273]]},"properties":{"OBJECTID_1":781,"Sys_Reli":"Reliable","SHS":0,"NHS":1,"LOCAL_NAME":"MILITARY TR","T_Max":1.245866964,"Shape_Length":1467.6309373547317}},{"type":"Feature","id":782,"geometry":{"type":"LineString","coordinates":[[-80.554531144704129,26.806002038903372],[-80.563198861380513,26.812559118334313],[-80.564615384210583,26.813635929341487]]},"properties":{"OBJECTID_1":782,"Sys_Reli":"Reliable","SHS":1,"NHS":0,"LOCAL_NAME":"OLD CONNERS HWY","T_Max":1.2383493350000001,"Shape_Length":1311.2336476124644}},{"type":"Feature","id":783,"geometry":{"type":"LineString","coordinates":[[-80.194711641986657,26.838101470545919],[-80.170987277694735,26.822247226555611],[-80.159565720807535,26.814598042008242]]},"properties":{"OBJECTID_1":783,"Sys_Reli":"Reliable","SHS":1,"NHS":1,"LOCAL_NAME":"BEELINE HWY","T_Max":1.1883810340000001,"Shape_Length":4356.1526797719289}},{"type":"Feature","id":784,"geometry":{"type":"LineString","coordinates":[[-80.203678736308419,26.395847363252408],[-80.203684413418685,26.396070822338974],[-80.203714101371503,26.397786172102229],[-80.20382302319716,26.40633141923804],[-80.20382554801634,26.406461850982708],[-80.203829004126717,26.406659945368478],[-80.203822788309708,26.407352012202072],[-80.203836488111605,26.408359747895869],[-80.203838648767203,26.408574495897582],[-80.203839831630333,26.408690669049101]]},"properties":{"OBJECTID_1":784,"Sys_Reli":"Reliable","SHS":1,"NHS":1,"LOCAL_NAME":"SR-7/US-441","T_Max":1.3862192769999999,"Shape_Length":1422.6144537035025}},{"type":"Feature","id":785,"geometry":{"type":"LineString","coordinates":[[-80.12268768401826,26.488301595176544],[-80.122774428548553,26.490782578274974],[-80.122890091563548,26.494074992184096]]},"properties":{"OBJECTID_1":785,"Sys_Reli":"Reliable","SHS":0,"NHS":1,"LOCAL_NAME":"MILITARY TR","T_Max":1.3449251550000001,"Shape_Length":639.7894191418651}},{"type":"Feature","id":786,"geometry":{"type":"LineString","coordinates":[[-80.065997833338841,26.705667536625725],[-80.0657162432436,26.70566287832726],[-80.065092057207792,26.705648738012453],[-80.064865787515387,26.705651008639474],[-80.06465333119985,26.705670928071754],[-80.064463130492271,26.70570229182557],[-80.064419253251899,26.705713133547313]]},"properties":{"OBJECTID_1":786,"Sys_Reli":"Approaching Unreliability","SHS":1,"NHS":1,"LOCAL_NAME":"OKEECHOBEE BLVD","T_Max":2.1945235510000001,"Shape_Length":157.66081339277679}},{"type":"Feature","id":787,"geometry":{"type":"LineString","coordinates":[[-80.682990341308582,26.75258689952333],[-80.688646986819379,26.76616481067137],[-80.688838598376734,26.766673104987962],[-80.688958194104657,26.767079661419025],[-80.689017420220992,26.767490606003932],[-80.689036831776363,26.767980457172488],[-80.689257921971503,26.785837675304457],[-80.689311916714516,26.786562353183427],[-80.689441718356889,26.787151760853853],[-80.689618678068129,26.787743534318164],[-80.689870514412334,26.788315161223785],[-80.690099472117083,26.788746788700148],[-80.690991220492009,26.790247049484385]]},"properties":{"OBJECTID_1":787,"Sys_Reli":"Reliable","SHS":1,"NHS":0,"LOCAL_NAME":"BACOM POINT RD","T_Max":1.126167736,"Shape_Length":4313.9023740884122}},{"type":"Feature","id":788,"geometry":{"type":"LineString","coordinates":[[-80.205459609352161,26.533419456754064],[-80.20547896288042,26.535079618935061],[-80.205513346154461,26.537838790547294],[-80.20555533470305,26.541671344487337]]},"properties":{"OBJECTID_1":788,"Sys_Reli":"Reliable","SHS":1,"NHS":1,"LOCAL_NAME":"SR-7/US-441","T_Max":1.1666767899999999,"Shape_Length":914.03344352986937}},{"type":"Feature","id":789,"geometry":{"type":"LineString","coordinates":[[-80.067980438696296,26.686294611602388],[-80.067845381382725,26.686509824207466],[-80.067146174102007,26.687830126946025],[-80.066947157813047,26.68824107031131],[-80.066895015291834,26.68835663086924],[-80.066714759407233,26.688892633973431],[-80.066603453568931,26.689447134826889],[-80.066547859721226,26.689871103577058],[-80.066530913493125,26.690254693707352],[-80.066565211061032,26.690835390938847],[-80.066661708453552,26.691395372641168],[-80.066715872097319,26.69158984909912]]},"properties":{"OBJECTID_1":789,"Sys_Reli":"Reliable","SHS":1,"NHS":1,"LOCAL_NAME":"I-95","T_Max":2.0211043439999998,"Shape_Length":616.38752361185311}},{"type":"Feature","id":790,"geometry":{"type":"LineString","coordinates":[[-80.053331757474169,26.594020508657046],[-80.053899013975212,26.59507685150675],[-80.055414199222071,26.597898314061954]]},"properties":{"OBJECTID_1":790,"Sys_Reli":"Reliable","SHS":1,"NHS":0,"LOCAL_NAME":"SR-805/DIXIE HWY","T_Max":1.602275543,"Shape_Length":476.96166430893868}},{"type":"Feature","id":791,"geometry":{"type":"LineString","coordinates":[[-80.069740681669572,26.363563826106812],[-80.069585662087107,26.364473194231508],[-80.069164179334678,26.367026782062261]]},"properties":{"OBJECTID_1":791,"Sys_Reli":"Reliable","SHS":1,"NHS":0,"LOCAL_NAME":"OCEAN BLVD","T_Max":1.334190548,"Shape_Length":387.85081868417865}},{"type":"Feature","id":792,"geometry":{"type":"LineString","coordinates":[[-80.086115035095688,26.338671836015166],[-80.086144677990745,26.340792497129556],[-80.086148101414679,26.340966573954589]]},"properties":{"OBJECTID_1":792,"Sys_Reli":"Reliable","SHS":1,"NHS":1,"LOCAL_NAME":"FEDERAL HWY","T_Max":1.230363036,"Shape_Length":254.18747607114548}},{"type":"Feature","id":793,"geometry":{"type":"LineString","coordinates":[[-80.686659192562274,26.674516822695594],[-80.686594209105422,26.676796982148524],[-80.686584957014247,26.677422215797048],[-80.686562750232369,26.677733661131168],[-80.686524985546541,26.67799090217558],[-80.68643776706682,26.678266447634165]]},"properties":{"OBJECTID_1":793,"Sys_Reli":"Reliable","SHS":1,"NHS":0,"LOCAL_NAME":"SW 16 ST","T_Max":1.3250375299999999,"Shape_Length":416.90755524734874}},{"type":"Feature","id":794,"geometry":{"type":"LineString","coordinates":[[-80.057114245392114,26.622687820381785],[-80.057069877523162,26.623915491454465],[-80.057031434776235,26.625128126955655],[-80.056993124033426,26.626336523398095],[-80.056953837066644,26.627575708787859]]},"properties":{"OBJECTID_1":794,"Sys_Reli":"Reliable","SHS":1,"NHS":0,"LOCAL_NAME":"SR-805/DIXIE HWY","T_Max":1.585321524,"Shape_Length":541.64510514454696}},{"type":"Feature","id":795,"geometry":{"type":"LineString","coordinates":[[-80.200863721349876,26.707607079457052],[-80.200817775420163,26.708482114584577],[-80.200785021135502,26.70921931083846],[-80.200781443578336,26.709299771105922]]},"properties":{"OBJECTID_1":795,"Sys_Reli":"Reliable","SHS":1,"NHS":1,"LOCAL_NAME":"SR 7","T_Max":1.3963370479999999,"Shape_Length":187.66786720557394}},{"type":"Feature","id":796,"geometry":{"type":"LineString","coordinates":[[-80.068412627409842,26.371509373056725],[-80.067979802106422,26.374048954313565],[-80.067977408214475,26.374066233134428]]},"properties":{"OBJECTID_1":796,"Sys_Reli":"Reliable","SHS":1,"NHS":0,"LOCAL_NAME":"OCEAN BLVD","T_Max":1.334190548,"Shape_Length":286.51125461556359}},{"type":"Feature","id":797,"geometry":{"type":"LineString","coordinates":[[-80.058023428531101,26.520133490589501],[-80.057970858875791,26.520341546598846],[-80.057910212241779,26.520697001250205],[-80.057875745678317,26.521027953090062],[-80.057866653290347,26.521434391598795],[-80.05789524041316,26.522880155995459],[-80.057919792131514,26.524121816794828],[-80.057937311926679,26.524628446432899],[-80.057965731765535,26.524861102624293],[-80.057986901434433,26.525274241323611],[-80.05801286004494,26.526599737567611]]},"properties":{"OBJECTID_1":797,"Sys_Reli":"Reliable","SHS":1,"NHS":0,"LOCAL_NAME":"DIXIE HWY","T_Max":1.3738164639999999,"Shape_Length":717.74535449226414}},{"type":"Feature","id":798,"geometry":{"type":"LineString","coordinates":[[-80.054547911556909,26.683325556237829],[-80.054468224075208,26.686674450176373]]},"properties":{"OBJECTID_1":798,"Sys_Reli":"Reliable","SHS":1,"NHS":0,"LOCAL_NAME":"SR-805/DIXIE HWY","T_Max":1.9078759519999999,"Shape_Length":371.02955556092945}},{"type":"Feature","id":799,"geometry":{"type":"LineString","coordinates":[[-80.657487289675714,26.489621539555149],[-80.658883866579458,26.491421183725066]]},"properties":{"OBJECTID_1":799,"Sys_Reli":"Reliable","SHS":1,"NHS":1,"LOCAL_NAME":"US-27","T_Max":1.147441369,"Shape_Length":243.10190563868872}},{"type":"Feature","id":800,"geometry":{"type":"LineString","coordinates":[[-80.071225196025679,26.439650593339021],[-80.071198800388856,26.439697388524309],[-80.071137892908553,26.439808564380417],[-80.071047676352862,26.439973256264551],[-80.069549409034721,26.442133998070382],[-80.06910292778781,26.442800309792045],[-80.068926753816982,26.443050403159219]]},"properties":{"OBJECTID_1":800,"Sys_Reli":"Reliable","SHS":1,"NHS":0,"LOCAL_NAME":"FEDERAL HWY","T_Max":1.582125918,"Shape_Length":441.00278679324009}},{"type":"Feature","id":801,"geometry":{"type":"LineString","coordinates":[[-80.048885945445008,26.835536875594077],[-80.048873428074572,26.835869969406893]]},"properties":{"OBJECTID_1":801,"Sys_Reli":"Reliable","SHS":1,"NHS":0,"LOCAL_NAME":"N OCEAN BLVD","T_Max":1.1266678590000001,"Shape_Length":36.917374654320717}},{"type":"Feature","id":802,"geometry":{"type":"LineString","coordinates":[[-80.090158277892229,26.513195779543647],[-80.090158047777592,26.513279997972091],[-80.09026101725037,26.518142660626697],[-80.09030295095782,26.520672164638878],[-80.090309240161119,26.521349027501842],[-80.090370022009367,26.524174738030272],[-80.09040417926569,26.527625871186967],[-80.090405761280692,26.527691031898854]]},"properties":{"OBJECTID_1":802,"Sys_Reli":"Reliable","SHS":0,"NHS":1,"LOCAL_NAME":"CONGRESS AVE","T_Max":1.592326165,"Shape_Length":1605.7437797102818}},{"type":"Feature","id":803,"geometry":{"type":"LineString","coordinates":[[-80.736214866341371,26.680303656290608],[-80.734369198886171,26.680206984795053],[-80.733835812258675,26.680173099303694],[-80.7334140182423,26.680136298176556],[-80.732898124619851,26.68007737764529],[-80.732765702069202,26.680058363719944]]},"properties":{"OBJECTID_1":803,"Sys_Reli":"Reliable","SHS":1,"NHS":1,"LOCAL_NAME":"US-27","T_Max":1.1789632059999999,"Shape_Length":344.39742284305055}},{"type":"Feature","id":804,"geometry":{"type":"LineString","coordinates":[[-80.255722535583132,26.681882390821855],[-80.255685416191724,26.681881154408984],[-80.253410107692417,26.681801896555456],[-80.251884029651478,26.681752799314239]]},"properties":{"OBJECTID_1":804,"Sys_Reli":"Reliable","SHS":1,"NHS":1,"LOCAL_NAME":"SOUTHERN BLVD","T_Max":2.071072676,"Shape_Length":382.20011744028142}},{"type":"Feature","id":805,"geometry":{"type":"LineString","coordinates":[[-80.146135890159684,26.366537862100433],[-80.146069853931451,26.366678970238109],[-80.145966775516911,26.366939329076764],[-80.145911734789038,26.367112919661974]]},"properties":{"OBJECTID_1":805,"Sys_Reli":"Reliable","SHS":0,"NHS":1,"LOCAL_NAME":"POWERLINE RD","T_Max":1.407885652,"Shape_Length":67.572929527768508}},{"type":"Feature","id":806,"geometry":{"type":"LineString","coordinates":[[-80.196180777033049,26.680195593992153],[-80.195270113130235,26.680140967710571]]},"properties":{"OBJECTID_1":806,"Sys_Reli":"Reliable","SHS":1,"NHS":1,"LOCAL_NAME":"SOUTHERN BLVD","T_Max":1.5430085600000001,"Shape_Length":90.814847073325012}},{"type":"Feature","id":807,"geometry":{"type":"LineString","coordinates":[[-80.048489352941701,26.527240175946822],[-80.048420422470272,26.52927706806037],[-80.048393763675421,26.529488816560576],[-80.048327367856629,26.529695824442015],[-80.047723444870968,26.531043798500662],[-80.047607625435347,26.53153790791475],[-80.047505974712465,26.532462063130783],[-80.047460010439224,26.53347068372436],[-80.047436279457088,26.533761691290735],[-80.047403769577684,26.533975905716751],[-80.047365952488278,26.534149451296098],[-80.047288573040944,26.534403988398136],[-80.047241201079913,26.534595526944848],[-80.047211900710224,26.534800720763393],[-80.047151533190785,26.535653502355494],[-80.047127429898708,26.535989650329622],[-80.047063961687428,26.536458710834307],[-80.046988644742157,26.536918650993993],[-80.046902380033387,26.53741238261631],[-80.046592046520729,26.538222868767086],[-80.046430024972125,26.538698028303902],[-80.046238809046585,26.539290368131688],[-80.046022460172026,26.539810317443202],[-80.045805513748078,26.540402484322719],[-80.045587373473907,26.540958512843972]]},"properties":{"OBJECTID_1":807,"Sys_Reli":"Reliable","SHS":1,"NHS":0,"LOCAL_NAME":"OCEAN BLVD","T_Max":1.1871002209999999,"Shape_Length":1559.8394202363784}},{"type":"Feature","id":808,"geometry":{"type":"LineString","coordinates":[[-80.135764233123993,26.839134092117995],[-80.135731815024286,26.839133098669418]]},"properties":{"OBJECTID_1":808,"Sys_Reli":"Reliable","SHS":1,"NHS":0,"LOCAL_NAME":"PGA BLVD","T_Max":1.339171608,"Shape_Length":3.2231042834107875}},{"type":"Feature","id":809,"geometry":{"type":"LineString","coordinates":[[-80.048493774594903,26.527109513303525],[-80.048489352941701,26.527240175946822]]},"properties":{"OBJECTID_1":809,"Sys_Reli":"Reliable","SHS":1,"NHS":0,"LOCAL_NAME":"OCEAN BLVD","T_Max":1.1871002209999999,"Shape_Length":14.479434296934288}},{"type":"Feature","id":810,"geometry":{"type":"LineString","coordinates":[[-80.653342022568751,26.803440081044315],[-80.653338509020159,26.805125447873522]]},"properties":{"OBJECTID_1":810,"Sys_Reli":"Reliable","SHS":1,"NHS":0,"LOCAL_NAME":"BELLE GLADE RD","T_Max":1.2108874460000001,"Shape_Length":186.66776865688422}},{"type":"Feature","id":811,"geometry":{"type":"LineString","coordinates":[[-80.70171681810119,26.54646175339213],[-80.703269652810548,26.548447258201922],[-80.704051789004879,26.549444685454457],[-80.704654329171959,26.550169955097015],[-80.705912592049856,26.551689098350625],[-80.709434386554932,26.555942194758376],[-80.709616677171965,26.556166396601142],[-80.709783662970608,26.556417972136099],[-80.709935403902364,26.556669517343444],[-80.710069321395594,26.556943862497295],[-80.710167787163115,26.557174736192795],[-80.710261077479799,26.557444431601649],[-80.71033157058919,26.557691243325561],[-80.710384289590877,26.557933451970889],[-80.710416750187974,26.558152782146994],[-80.710436531063749,26.558369793155318],[-80.710448493161678,26.558662169417218],[-80.71045250831402,26.563127301439174],[-80.71044765131893,26.565059522225795],[-80.710452778909158,26.56706027361809],[-80.710453354921114,26.567841384774049],[-80.710475926998939,26.568965135277985],[-80.710519057407737,26.571007070375408],[-80.710615046939097,26.575259977300519],[-80.710749266154366,26.58148401143448],[-80.71094694273269,26.589761434625313],[-80.71117114517412,26.597595809968624],[-80.711406710138263,26.605978351951908],[-80.71143656726008,26.607027685802663]]},"properties":{"OBJECTID_1":811,"Sys_Reli":"Reliable","SHS":1,"NHS":1,"LOCAL_NAME":"US-27","T_Max":1.147441369,"Shape_Length":6982.5401717424083}},{"type":"Feature","id":812,"geometry":{"type":"LineString","coordinates":[[-80.036396021169097,26.705415876058876],[-80.036389620055104,26.705546527607098],[-80.036385908968683,26.705647549693133]]},"properties":{"OBJECTID_1":812,"Sys_Reli":"Reliable","SHS":1,"NHS":0,"LOCAL_NAME":"S COUNTY RD","T_Max":1.5030129720000001,"Shape_Length":25.681921736118852}},{"type":"Feature","id":813,"geometry":{"type":"LineString","coordinates":[[-80.673970917578885,26.510859858114294],[-80.674312608272544,26.511301167969773]]},"properties":{"OBJECTID_1":813,"Sys_Reli":"Reliable","SHS":1,"NHS":1,"LOCAL_NAME":"US-27","T_Max":1.147441369,"Shape_Length":59.565773080141888}},{"type":"Feature","id":814,"geometry":{"type":"LineString","coordinates":[[-80.07032725116126,26.655179850730299],[-80.069843844825584,26.655255812934225],[-80.069802261509651,26.655260933395528]]},"properties":{"OBJECTID_1":814,"Sys_Reli":"Approaching Unreliability","SHS":1,"NHS":1,"LOCAL_NAME":"FOREST HILL BLVD","T_Max":2.4873518840000002,"Shape_Length":53.019263040331488}},{"type":"Feature","id":815,"geometry":{"type":"LineString","coordinates":[[-80.161507471652286,26.686214230591297],[-80.160371400712023,26.687588039367061],[-80.158942720842816,26.689157297717149],[-80.155987372369239,26.692203244155753],[-80.151097088073357,26.697242943895514],[-80.147326283113529,26.701128688916125],[-80.147145692343884,26.701314773158536]]},"properties":{"OBJECTID_1":815,"Sys_Reli":"Approaching Unreliability","SHS":1,"NHS":1,"LOCAL_NAME":"TURNPIKE MAINLINE","T_Max":2.5155509999999999,"Shape_Length":2200.4084278696764}},{"type":"Feature","id":816,"geometry":{"type":"LineString","coordinates":[[-80.203473829656701,26.650636946954499],[-80.203365722181061,26.650640242343474],[-80.202661162077931,26.650654079964333],[-80.201962742108364,26.650656485959974],[-80.201116427159405,26.650677027209575],[-80.199895453679503,26.650689131463423],[-80.198980691253198,26.650687143103429],[-80.197883113557765,26.650663369842881],[-80.196806580733835,26.650649581507256],[-80.195955110776595,26.650652673070326],[-80.193824587291587,26.650672216372367],[-80.189887255866694,26.650708328697828],[-80.181821577807384,26.650784239434021]]},"properties":{"OBJECTID_1":816,"Sys_Reli":"Reliable","SHS":1,"NHS":1,"LOCAL_NAME":"FOREST HILL BLVD","T_Max":1.427906549,"Shape_Length":2155.1823002657479}},{"type":"Feature","id":817,"geometry":{"type":"LineString","coordinates":[[-80.092998754284565,26.934093431368883],[-80.092286141167804,26.934081712608403],[-80.091522030525326,26.934050911163954],[-80.090087025025213,26.933976186149202],[-80.089317465960463,26.933939716820742],[-80.086551993716171,26.933875157874802],[-80.08501054628978,26.933847100984803]]},"properties":{"OBJECTID_1":817,"Sys_Reli":"Reliable","SHS":1,"NHS":1,"LOCAL_NAME":"INDIANTOWN RD","T_Max":1.570593586,"Shape_Length":793.65437652709306}},{"type":"Feature","id":818,"geometry":{"type":"LineString","coordinates":[[-80.07703692896871,26.706057865921199],[-80.076214743441696,26.706021352557695],[-80.0758901511891,26.706006809511365]]},"properties":{"OBJECTID_1":818,"Sys_Reli":"Reliable","SHS":1,"NHS":1,"LOCAL_NAME":"OKEECHOBEE BLVD","T_Max":1.4435226139999999,"Shape_Length":114.22411183300011}},{"type":"Feature","id":819,"geometry":{"type":"LineString","coordinates":[[-80.143146352782139,26.453804021868187],[-80.142471642480402,26.453807896584141],[-80.142450616837181,26.453808017774588]]},"properties":{"OBJECTID_1":819,"Sys_Reli":"Reliable","SHS":1,"NHS":1,"LOCAL_NAME":"ATLANTIC AVE","T_Max":1.6851299909999999,"Shape_Length":69.365602629717841}},{"type":"Feature","id":820,"geometry":{"type":"LineString","coordinates":[[-80.093707130957824,26.460470160038778],[-80.0935796193789,26.460549393117905]]},"properties":{"OBJECTID_1":820,"Sys_Reli":"Reliable","SHS":1,"NHS":1,"LOCAL_NAME":"ATLANTIC AVE","T_Max":1.4714388300000001,"Shape_Length":15.4472592111927}},{"type":"Feature","id":821,"geometry":{"type":"LineString","coordinates":[[-80.10380599279641,26.838396648093394],[-80.103773240887037,26.838405412760718],[-80.103533464467617,26.838485044680919],[-80.10321446428631,26.838618505318692],[-80.102929057519859,26.838763031895436],[-80.102633907394875,26.838936618144341],[-80.102461212077003,26.83904561976394],[-80.102344959000888,26.839127289143512],[-80.102198302963188,26.839248538931404],[-80.101944940577425,26.839470229918593],[-80.101704153298655,26.839725593989186]]},"properties":{"OBJECTID_1":821,"Sys_Reli":"Approaching Unreliability","SHS":1,"NHS":1,"LOCAL_NAME":"PGA BLVD","T_Max":1.917923896,"Shape_Length":259.10114147960468}},{"type":"Feature","id":822,"geometry":{"type":"LineString","coordinates":[[-80.073149187520201,26.844620025589485],[-80.072257049230913,26.844596842452081],[-80.072161758443485,26.844594367500758]]},"properties":{"OBJECTID_1":822,"Sys_Reli":"Reliable","SHS":1,"NHS":1,"LOCAL_NAME":"PGA BLVD","T_Max":2.033144686,"Shape_Length":98.15370335712413}},{"type":"Feature","id":823,"geometry":{"type":"LineString","coordinates":[[-80.067850316386853,26.632535998892529],[-80.068315227684849,26.636861742823839],[-80.068763333726054,26.640604665550057],[-80.068855771185241,26.641982092990038],[-80.068818237082652,26.64266211316243]]},"properties":{"OBJECTID_1":823,"Sys_Reli":"Reliable","SHS":1,"NHS":1,"LOCAL_NAME":"I-95","T_Max":1.535296362,"Shape_Length":1126.6141569768515}},{"type":"Feature","id":824,"geometry":{"type":"LineString","coordinates":[[-80.062680394255793,26.89961743725091],[-80.06275418739996,26.899762985343731],[-80.06359318961043,26.9012366631381],[-80.064439130744447,26.902670536035487],[-80.065332421080115,26.904176520707569]]},"properties":{"OBJECTID_1":824,"Sys_Reli":"Reliable","SHS":1,"NHS":1,"LOCAL_NAME":"US-1/SR5/FEDERAL HWY","T_Max":1.209082293,"Shape_Length":569.6032588620742}},{"type":"Feature","id":825,"geometry":{"type":"LineString","coordinates":[[-80.081935235464513,26.362217965567122],[-80.081696058833003,26.362544133344876],[-80.081321676782721,26.363045310685372],[-80.080885890068799,26.363611060672842],[-80.079992572931843,26.364754814803337],[-80.079865937815896,26.364921337213293]]},"properties":{"OBJECTID_1":825,"Sys_Reli":"Reliable","SHS":1,"NHS":1,"LOCAL_NAME":"FEDERAL HWY","T_Max":1.913796611,"Shape_Length":363.73279478998734}},{"type":"Feature","id":826,"geometry":{"type":"LineString","coordinates":[[-80.516034086761621,26.776804469443707],[-80.519730166421141,26.779590014569209],[-80.523766334861705,26.782688839483541],[-80.527973622235166,26.785873264644362]]},"properties":{"OBJECTID_1":826,"Sys_Reli":"Reliable","SHS":1,"NHS":0,"LOCAL_NAME":"OLD CONNERS HWY","T_Max":1.228453456,"Shape_Length":1554.8905128724816}},{"type":"Feature","id":827,"geometry":{"type":"LineString","coordinates":[[-80.625469876777231,26.859058144120745],[-80.625552577942372,26.859116483359827],[-80.625754055594527,26.859249419390462],[-80.625984400035392,26.859377863898612],[-80.626328336925468,26.859532477203203],[-80.626709611093347,26.859687197284398],[-80.627842472374425,26.860059672597721],[-80.628137721395973,26.860163034885051],[-80.62850729882264,26.860324219108925],[-80.628869139823777,26.860496910761107],[-80.629264666625815,26.860731106388361],[-80.630618492142929,26.861687607871488]]},"properties":{"OBJECTID_1":827,"Sys_Reli":"Reliable","SHS":1,"NHS":0,"LOCAL_NAME":"W MAIN ST","T_Max":1.409525618,"Shape_Length":593.20470727954057}},{"type":"Feature","id":828,"geometry":{"type":"LineString","coordinates":[[-80.113452079380863,26.618406128683088],[-80.11344358197762,26.618510380285205],[-80.113429019472122,26.618686000846299],[-80.113396840328718,26.619473483855359],[-80.113387270442715,26.620196660048681],[-80.113377278746199,26.620952081275586],[-80.113333623123395,26.622137622595652],[-80.113048126604951,26.629505491771308]]},"properties":{"OBJECTID_1":828,"Sys_Reli":"Reliable","SHS":1,"NHS":1,"LOCAL_NAME":"MILITARY TR","T_Max":1.9730459119999999,"Shape_Length":1230.1314920157934}},{"type":"Feature","id":829,"geometry":{"type":"LineString","coordinates":[[-80.122572526115761,26.463664261000112],[-80.122573095514383,26.463694737045373],[-80.122594827457036,26.464735691562563],[-80.12259336865516,26.465269498772926],[-80.122591352067062,26.46536226733139]]},"properties":{"OBJECTID_1":829,"Sys_Reli":"Reliable","SHS":0,"NHS":1,"LOCAL_NAME":"MILITARY TR","T_Max":1.4818428669999999,"Shape_Length":188.0963636136625}},{"type":"Feature","id":830,"geometry":{"type":"LineString","coordinates":[[-80.1334568441779,26.707337315962569],[-80.130443667888002,26.707257141273296],[-80.125292382297502,26.707108570068876],[-80.124983592812654,26.707099007115694]]},"properties":{"OBJECTID_1":830,"Sys_Reli":"Reliable","SHS":1,"NHS":1,"LOCAL_NAME":"OKEECHOBEE BLVD","T_Max":1.6637865629999999,"Shape_Length":843.33348446192713}},{"type":"Feature","id":831,"geometry":{"type":"LineString","coordinates":[[-80.280269194432123,26.895265962512664],[-80.270500980071887,26.888744033620007],[-80.257030125572072,26.879756968071202],[-80.246807999145588,26.872936391220836],[-80.243843010061198,26.870941997723811],[-80.229848673747384,26.861600701004061]]},"properties":{"OBJECTID_1":831,"Sys_Reli":"Reliable","SHS":1,"NHS":1,"LOCAL_NAME":"BEELINE HWY","T_Max":1.1181006929999999,"Shape_Length":6243.9460557785578}},{"type":"Feature","id":832,"geometry":{"type":"LineString","coordinates":[[-80.692081165364996,26.792080694471398],[-80.692606333169692,26.792964174851647],[-80.693072163670493,26.793763576841851]]},"properties":{"OBJECTID_1":832,"Sys_Reli":"Reliable","SHS":1,"NHS":0,"LOCAL_NAME":"BACOM POINT RD","T_Max":1.126167736,"Shape_Length":210.82048106653008}},{"type":"Feature","id":833,"geometry":{"type":"LineString","coordinates":[[-80.203276635296177,26.354570585403945],[-80.203302822442183,26.357052237961248],[-80.203359537790689,26.362461926983723],[-80.20336278387164,26.362822417395613]]},"properties":{"OBJECTID_1":833,"Sys_Reli":"Reliable","SHS":1,"NHS":1,"LOCAL_NAME":"SR-7/US-441","T_Max":1.5557615549999999,"Shape_Length":913.99554469433122}},{"type":"Feature","id":834,"geometry":{"type":"LineString","coordinates":[[-80.203224012883297,26.349644647899353],[-80.203225687148134,26.349742404868973],[-80.203276635296177,26.354570585403945]]},"properties":{"OBJECTID_1":834,"Sys_Reli":"Reliable","SHS":1,"NHS":1,"LOCAL_NAME":"SR-7/US-441","T_Max":1.55885019,"Shape_Length":545.61116267812758}},{"type":"Feature","id":835,"geometry":{"type":"LineString","coordinates":[[-80.141908446640016,26.910504717843306],[-80.14267889680481,26.912152693256964],[-80.144267508805314,26.915830006060297],[-80.145241729794847,26.91827123444126],[-80.145800583787661,26.919872596687334],[-80.146624763639622,26.922437045473753],[-80.147240960121636,26.924621059899906],[-80.148878072877608,26.930874393347121],[-80.149394671816751,26.932779963472633]]},"properties":{"OBJECTID_1":835,"Sys_Reli":"Reliable","SHS":1,"NHS":1,"LOCAL_NAME":"I-95","T_Max":2.2577659539999999,"Shape_Length":2581.6321232466134}},{"type":"Feature","id":836,"geometry":{"type":"LineString","coordinates":[[-80.726375948300458,26.678036972644698],[-80.725251048860272,26.677527306998108],[-80.724782655601899,26.677297755821638],[-80.72440660769324,26.677087169715616],[-80.724056748779375,26.676865677768081],[-80.72373476349415,26.676647364087405],[-80.723475496184733,26.676451101277447],[-80.723231924711371,26.676250164493883],[-80.722981422541039,26.676030424541413],[-80.722758779678955,26.675823267083235],[-80.722567509797472,26.675624002254345],[-80.722344029667255,26.67538513826679],[-80.722131150183245,26.67512982947326],[-80.721947407004393,26.674890859285991],[-80.721767982658719,26.674637611716289],[-80.721595439694013,26.674376833715829],[-80.721422955415647,26.67408932632026],[-80.721176901497529,26.673630323873205],[-80.719960092783793,26.671320596260806]]},"properties":{"OBJECTID_1":836,"Sys_Reli":"Reliable","SHS":1,"NHS":1,"LOCAL_NAME":"US-27","T_Max":1.286006164,"Shape_Length":1012.2849407911306}},{"type":"Feature","id":837,"geometry":{"type":"LineString","coordinates":[[-80.687028346133374,26.663678293902915],[-80.686963564789608,26.663675941831485]]},"properties":{"OBJECTID_1":837,"Sys_Reli":"Reliable","SHS":1,"NHS":1,"LOCAL_NAME":"SR 80","T_Max":1.217523906,"Shape_Length":6.4516422007043701}},{"type":"Feature","id":838,"geometry":{"type":"LineString","coordinates":[[-80.171520931304741,26.650886433905999],[-80.170655716003694,26.650903147915088],[-80.167621954873383,26.65093482408346],[-80.164391043638247,26.650961864760731],[-80.162257945001983,26.650981676960431],[-80.160687072587464,26.650995763108302]]},"properties":{"OBJECTID_1":838,"Sys_Reli":"Reliable","SHS":1,"NHS":1,"LOCAL_NAME":"FOREST HILL BLVD","T_Max":2.15397236,"Shape_Length":1078.3472470821532}},{"type":"Feature","id":839,"geometry":{"type":"LineString","coordinates":[[-80.064743303622251,26.414514600048459],[-80.064712650470668,26.415603974681389]]},"properties":{"OBJECTID_1":839,"Sys_Reli":"Reliable","SHS":1,"NHS":0,"LOCAL_NAME":"OCEAN BLVD","T_Max":1.473617307,"Shape_Length":120.70000288726398}},{"type":"Feature","id":840,"geometry":{"type":"LineString","coordinates":[[-80.06262061644675,26.438901759368196],[-80.06256995528085,26.439243144219049],[-80.062514298334406,26.43959208568138]]},"properties":{"OBJECTID_1":840,"Sys_Reli":"Reliable","SHS":1,"NHS":0,"LOCAL_NAME":"OCEAN BLVD","T_Max":1.473617307,"Shape_Length":77.194551449321253}},{"type":"Feature","id":841,"geometry":{"type":"LineString","coordinates":[[-80.071978340119642,26.340308045494133],[-80.071780807888459,26.342843970609341],[-80.071714451444123,26.343685971464023],[-80.071623428426378,26.344332245184241],[-80.071518262603576,26.344956951449394],[-80.071315673539431,26.345834608112888],[-80.070746290625493,26.347838137582105],[-80.0706180743461,26.34836167743445],[-80.070550894303722,26.348709395472131],[-80.070496230149956,26.349280692841894],[-80.070408879345294,26.350600481781733]]},"properties":{"OBJECTID_1":841,"Sys_Reli":"Reliable","SHS":1,"NHS":0,"LOCAL_NAME":"OCEAN BLVD","T_Max":1.3446199679999999,"Shape_Length":1153.9962488914427}},{"type":"Feature","id":842,"geometry":{"type":"LineString","coordinates":[[-80.05357107969526,26.570299083551458],[-80.053534855701656,26.571119532411036],[-80.05352707119026,26.57154764341929]]},"properties":{"OBJECTID_1":842,"Sys_Reli":"Reliable","SHS":1,"NHS":0,"LOCAL_NAME":"DIXIE HWY","T_Max":1.253812865,"Shape_Length":138.37421555356067}},{"type":"Feature","id":843,"geometry":{"type":"LineString","coordinates":[[-80.065727086927623,26.782844951936418],[-80.065370866887349,26.783036771537759],[-80.064926736330477,26.783223433574122],[-80.064463985124647,26.783380628811159],[-80.063994026068912,26.783497142782103],[-80.063487161321888,26.783590846225938],[-80.062953000407745,26.783639222013246],[-80.062357015627327,26.783637544384884],[-80.060473946630623,26.783584278277573]]},"properties":{"OBJECTID_1":843,"Sys_Reli":"Reliable","SHS":1,"NHS":1,"LOCAL_NAME":"BLUE HERON BLVD","T_Max":1.5645497850000001,"Shape_Length":539.08348331383752}},{"type":"Feature","id":844,"geometry":{"type":"LineString","coordinates":[[-80.046419522982617,26.675399369654414],[-80.045362260514054,26.675348279958303],[-80.044693537295117,26.675323464388256],[-80.044160236179096,26.675328909639216],[-80.043610293468561,26.675372606407656],[-80.043073915834782,26.675445736047124],[-80.041650482242289,26.67562919366987]]},"properties":{"OBJECTID_1":844,"Sys_Reli":"Approaching Unreliability","SHS":1,"NHS":0,"LOCAL_NAME":"SOUTHERN BLVD","T_Max":2.204490448,"Shape_Length":477.05251825097412}},{"type":"Feature","id":845,"geometry":{"type":"LineString","coordinates":[[-80.03871416428693,26.585912586826549],[-80.038585267050905,26.586421275109696],[-80.03853749455358,26.586730170974256],[-80.038511010859409,26.587045988158678],[-80.038509761577515,26.587420651914137],[-80.038550489143674,26.587879120426795],[-80.03862785126843,26.588310746713983],[-80.038740591137355,26.588753511745463]]},"properties":{"OBJECTID_1":845,"Sys_Reli":"Reliable","SHS":1,"NHS":0,"LOCAL_NAME":"OCEAN BLVD","T_Max":1.1883184419999999,"Shape_Length":318.5953533850107}},{"type":"Feature","id":846,"geometry":{"type":"LineString","coordinates":[[-80.145251491774417,26.658071769483751],[-80.145196925888015,26.66227305887416],[-80.145181992711798,26.663419235473789]]},"properties":{"OBJECTID_1":846,"Sys_Reli":"Approaching Unreliability","SHS":0,"NHS":1,"LOCAL_NAME":"JOG RD","T_Max":2.6476904870000002,"Shape_Length":592.34595187796276}},{"type":"Feature","id":847,"geometry":{"type":"LineString","coordinates":[[-80.14385564500283,26.619224726385298],[-80.143698506639026,26.619222208754977],[-80.140202633129519,26.619124262000085],[-80.139213089389642,26.619092825760152],[-80.138844984508495,26.619089388142381],[-80.138297521951543,26.619086073991873],[-80.137275069853786,26.619088327732417],[-80.13418601222449,26.61904819861487],[-80.133364902442239,26.619037692407119]]},"properties":{"OBJECTID_1":847,"Sys_Reli":"Reliable","SHS":1,"NHS":1,"LOCAL_NAME":"LAKE WORTH RD","T_Max":1.4619920129999999,"Shape_Length":1044.6965963063178}},{"type":"Feature","id":848,"geometry":{"type":"LineString","coordinates":[[-80.666949979749589,26.725736182021198],[-80.666873788964779,26.72573933208507],[-80.666599158189072,26.725705560123185],[-80.66526497860535,26.725703447919589],[-80.664768033613043,26.7257074309715]]},"properties":{"OBJECTID_1":848,"Sys_Reli":"Reliable","SHS":1,"NHS":1,"LOCAL_NAME":"SR-80","T_Max":1.2586315509999999,"Shape_Length":217.27305114116896}},{"type":"Feature","id":849,"geometry":{"type":"LineString","coordinates":[[-80.189061925087771,26.453672058680411],[-80.188108080726749,26.45367616613936],[-80.187445161606377,26.453673497316881]]},"properties":{"OBJECTID_1":849,"Sys_Reli":"Reliable","SHS":1,"NHS":0,"LOCAL_NAME":"ATLANTIC AVE","T_Max":1.6842267040000001,"Shape_Length":161.19016331264368}},{"type":"Feature","id":850,"geometry":{"type":"LineString","coordinates":[[-80.670828541676173,26.666612333083034],[-80.670796599163666,26.666697788342944],[-80.670697727907566,26.66701870567902],[-80.670633224893905,26.667338160456158],[-80.670601412471711,26.667643784617486],[-80.670591998728796,26.667929397502011],[-80.670587950447896,26.668055459059609],[-80.670486051857324,26.671228241577882],[-80.670427092972105,26.673115765741503],[-80.670359619653411,26.67527579944522]]},"properties":{"OBJECTID_1":850,"Sys_Reli":"Reliable","SHS":1,"NHS":1,"LOCAL_NAME":"S MAIN ST","T_Max":1.4300491790000001,"Shape_Length":962.45024363739117}},{"type":"Feature","id":851,"geometry":{"type":"LineString","coordinates":[[-80.069802261509651,26.655260933395528],[-80.069192909234914,26.655335967888167],[-80.068954743075849,26.655367293531157],[-80.068776504716098,26.655381471226665],[-80.068580157523073,26.655381729335627],[-80.068386082396827,26.655382205203598],[-80.067776216150875,26.655374636474829]]},"properties":{"OBJECTID_1":851,"Sys_Reli":"Approaching Unreliability","SHS":1,"NHS":0,"LOCAL_NAME":"FOREST HILL BLVD","T_Max":2.5741711430000001,"Shape_Length":202.53975709519798}},{"type":"Feature","id":852,"geometry":{"type":"LineString","coordinates":[[-80.153638652510082,26.356516104295228],[-80.153621214212265,26.356664778029966],[-80.153604712351537,26.356879056125958],[-80.153601176872641,26.357048884342007],[-80.153601561013062,26.357356918965984]]},"properties":{"OBJECTID_1":852,"Sys_Reli":"Reliable","SHS":0,"NHS":1,"LOCAL_NAME":"POWERLINE RD","T_Max":1.407885652,"Shape_Length":93.279787961916156}},{"type":"Feature","id":853,"geometry":{"type":"LineString","coordinates":[[-80.665593215433802,26.729398055029638],[-80.665366250779869,26.729933267328477],[-80.665124506032157,26.730508287720035]]},"properties":{"OBJECTID_1":853,"Sys_Reli":"Reliable","SHS":1,"NHS":0,"LOCAL_NAME":"BELLE GLADE RD","T_Max":1.2108874460000001,"Shape_Length":131.5045026483179}},{"type":"Feature","id":854,"geometry":{"type":"LineString","coordinates":[[-80.665585580217339,26.823724910171158],[-80.665813700538806,26.824069267553099],[-80.665746531212335,26.824104334507393]]},"properties":{"OBJECTID_1":854,"Sys_Reli":"Reliable","SHS":1,"NHS":0,"LOCAL_NAME":"S LAKE AVE","T_Max":1.140428113,"Shape_Length":52.090692975889475}},{"type":"Feature","id":855,"geometry":{"type":"LineString","coordinates":[[-80.121315081226413,26.394301609293645],[-80.121411248173189,26.399627762641803],[-80.12145470912526,26.401927583619869],[-80.121456368058375,26.402021905002162]]},"properties":{"OBJECTID_1":855,"Sys_Reli":"Reliable","SHS":0,"NHS":1,"LOCAL_NAME":"MILITARY TR","T_Max":2.269130477,"Shape_Length":855.21854588811141}},{"type":"Feature","id":856,"geometry":{"type":"LineString","coordinates":[[-80.08980292689121,26.420991224562815],[-80.089819811225922,26.424521668135029]]},"properties":{"OBJECTID_1":856,"Sys_Reli":"Approaching Unreliability","SHS":1,"NHS":1,"LOCAL_NAME":"I-95","T_Max":2.6589390609999999,"Shape_Length":391.04070059309521}},{"type":"Feature","id":857,"geometry":{"type":"LineString","coordinates":[[-80.128729022266498,26.350863892615958],[-80.128742007232546,26.351854334274716],[-80.12877458161681,26.352928088836151],[-80.128813297238992,26.354686305409444],[-80.128856581740649,26.357329054335722],[-80.128855591976759,26.357867984049527],[-80.128845367444939,26.358146562500753],[-80.128820108519022,26.358394797687833],[-80.128778662458799,26.358631026353297],[-80.128734282276866,26.358850733452833],[-80.128681915385769,26.359050228887572],[-80.128601760651634,26.359291713291629],[-80.128489511370802,26.359607253176421],[-80.128368287313137,26.359898895151382],[-80.128238285635675,26.360140084974173],[-80.128076512927237,26.360412239542146],[-80.127916001070389,26.360650488615914],[-80.127743077929807,26.360888995969301],[-80.127529985028971,26.361138501024623],[-80.127332072631035,26.361345355139299],[-80.127071904701168,26.361576580098816],[-80.126831243224913,26.361785013888234],[-80.126528375019205,26.362011390862733],[-80.12614256595613,26.362257730247357]]},"properties":{"OBJECTID_1":857,"Sys_Reli":"Reliable","SHS":0,"NHS":1,"LOCAL_NAME":"MILITARY TR","T_Max":1.534629877,"Shape_Length":1355.065843114329}},{"type":"Feature","id":858,"geometry":{"type":"LineString","coordinates":[[-80.131137914087304,26.808405938649901],[-80.13109093978963,26.809618687318348],[-80.131073287049631,26.810074381208526]]},"properties":{"OBJECTID_1":858,"Sys_Reli":"Reliable","SHS":1,"NHS":1,"LOCAL_NAME":"TURNPIKE MAINLINE","T_Max":2.6377570299999999,"Shape_Length":184.9189815069289}},{"type":"Feature","id":859,"geometry":{"type":"LineString","coordinates":[[-80.167563799609056,26.677525646676898],[-80.167282106127033,26.67793258275826]]},"properties":{"OBJECTID_1":859,"Sys_Reli":"Approaching Unreliability","SHS":1,"NHS":1,"LOCAL_NAME":"TURNPIKE MAINLINE","T_Max":2.6704571650000002,"Shape_Length":53.078344459395765}},{"type":"Feature","id":860,"geometry":{"type":"LineString","coordinates":[[-80.073700519792666,26.528852843988346],[-80.073422662285054,26.528857010168956],[-80.073195732971357,26.528859252419302],[-80.072972686585203,26.528861533997475]]},"properties":{"OBJECTID_1":860,"Sys_Reli":"Reliable","SHS":1,"NHS":0,"LOCAL_NAME":"BOYNTON BCH BLVD","T_Max":2.0076912149999999,"Shape_Length":72.524892212820106}},{"type":"Feature","id":861,"geometry":{"type":"LineString","coordinates":[[-80.147246616407529,26.528229786100116],[-80.147196781397895,26.528228548195091],[-80.145882695198807,26.528202185497221],[-80.145263221863033,26.528184477577593],[-80.144331440375979,26.528151081352188],[-80.141309286324031,26.52805841172534],[-80.140174238045475,26.528035680123047],[-80.139070443440701,26.52802676676],[-80.135044297231019,26.528051018440699],[-80.133190440674881,26.528066252203452],[-80.132071451982057,26.528060779342646],[-80.131219023627722,26.52804896058192],[-80.130441810475844,26.528021712351208],[-80.129507037899288,26.527994819934705],[-80.126048600024049,26.528006491040284],[-80.124673193945341,26.527991724928292],[-80.122969211412439,26.527994348198387],[-80.122925710050467,26.527994713543983]]},"properties":{"OBJECTID_1":861,"Sys_Reli":"Reliable","SHS":1,"NHS":1,"LOCAL_NAME":"BOYNTON BCH BLVD","T_Max":1.5494732019999999,"Shape_Length":2423.7110765728762}},{"type":"Feature","id":862,"geometry":{"type":"LineString","coordinates":[[-80.121388244006212,26.393995993055942],[-80.121309545548542,26.393994751429275],[-80.119436657399504,26.393954627888448],[-80.114924758863353,26.393918750328044],[-80.113838470240367,26.39389102406901],[-80.112605876430678,26.393874900686512],[-80.111561308702619,26.39388335372449],[-80.111025227857965,26.393885007425116],[-80.109155539747192,26.393871720843027],[-80.107497876013227,26.393836515958835],[-80.106762878568063,26.393833586765734],[-80.103829994391475,26.393856731105995],[-80.10291805665598,26.393865949751024],[-80.102420100833001,26.393869078731349],[-80.102378219858039,26.393869450750163]]},"properties":{"OBJECTID_1":862,"Sys_Reli":"Reliable","SHS":1,"NHS":1,"LOCAL_NAME":"SR-794/YAMATO RD","T_Max":1.6218980199999999,"Shape_Length":1896.4767325610285}},{"type":"Feature","id":863,"geometry":{"type":"LineString","coordinates":[[-80.112090339810351,26.67773727942739],[-80.112086661478315,26.677938530067163],[-80.11208160641759,26.678041155376409],[-80.112075306991926,26.678168973751404],[-80.112062047129712,26.678437931308938],[-80.112013150569851,26.679707180048776],[-80.111965236968288,26.680929138756493],[-80.11183290803443,26.684224764603346],[-80.111689755673012,26.688088278640372],[-80.111526322261369,26.691926812902413],[-80.111525200128696,26.691967563404159]]},"properties":{"OBJECTID_1":863,"Sys_Reli":"Reliable","SHS":1,"NHS":1,"LOCAL_NAME":"SR809/MILITARY TRAIL","T_Max":1.29018769,"Shape_Length":1577.2285010634473}},{"type":"Feature","id":864,"geometry":{"type":"LineString","coordinates":[[-80.052070422927088,26.706244957218122],[-80.052869752707792,26.706263050195922],[-80.05312436424353,26.706279079472505],[-80.05373683809276,26.706366672455822],[-80.053944018774558,26.706383852941599],[-80.055096130645254,26.706405726186446],[-80.055216833476251,26.706404413463197],[-80.055239717597132,26.706404164030261]]},"properties":{"OBJECTID_1":864,"Sys_Reli":"Approaching Unreliability","SHS":1,"NHS":1,"LOCAL_NAME":"LAKEVIEW AVE","T_Max":2.413250745,"Shape_Length":316.25872716289524}},{"type":"Feature","id":865,"geometry":{"type":"LineString","coordinates":[[-80.098446575285408,26.799520096666985],[-80.098423437889878,26.800266884355118],[-80.09837830855237,26.801451820340542]]},"properties":{"OBJECTID_1":865,"Sys_Reli":"Reliable","SHS":1,"NHS":1,"LOCAL_NAME":"I-95","T_Max":2.8807484720000001,"Shape_Length":214.07993849681316}},{"type":"Feature","id":866,"geometry":{"type":"LineString","coordinates":[[-80.122773956278223,26.533936880814277],[-80.12277193894559,26.535011128413398],[-80.122749033228061,26.538869473498],[-80.122732115159366,26.542179391325014]]},"properties":{"OBJECTID_1":866,"Sys_Reli":"Reliable","SHS":0,"NHS":1,"LOCAL_NAME":"MILITARY TR","T_Max":2.120487405,"Shape_Length":912.97058352913257}},{"type":"Feature","id":867,"geometry":{"type":"LineString","coordinates":[[-80.108333439232084,26.780322130389354],[-80.107491387138168,26.779757032200404]]},"properties":{"OBJECTID_1":867,"Sys_Reli":"Reliable","SHS":1,"NHS":1,"LOCAL_NAME":"BEELINE HWY","T_Max":1.6572069110000001,"Shape_Length":104.52802197634806}},{"type":"Feature","id":868,"geometry":{"type":"LineString","coordinates":[[-80.096302518885693,26.77258765635602],[-80.098674049227199,26.77865494918376],[-80.098829250607324,26.779222462978037],[-80.0989226463021,26.779656411990246],[-80.098998582081165,26.78023017989722],[-80.099033899572291,26.780614105171651],[-80.099027681970952,26.781401776745732],[-80.098966561519021,26.783140482300656],[-80.09896263170387,26.783252295094538]]},"properties":{"OBJECTID_1":868,"Sys_Reli":"Approaching Unreliability","SHS":1,"NHS":1,"LOCAL_NAME":"I-95","T_Max":2.7942916420000001,"Shape_Length":1224.897411767847}},{"type":"Feature","id":869,"geometry":{"type":"LineString","coordinates":[[-80.205337564280285,26.527870004683347],[-80.205338168951428,26.52789923386208],[-80.205358129349847,26.529105263092394],[-80.205368893287925,26.529864681120646],[-80.205455274582576,26.533047626762478],[-80.205459609352161,26.533419456754064]]},"properties":{"OBJECTID_1":869,"Sys_Reli":"Reliable","SHS":1,"NHS":1,"LOCAL_NAME":"SR-7/US-441","T_Max":1.157151882,"Shape_Length":614.78921867673796}},{"type":"Feature","id":870,"geometry":{"type":"LineString","coordinates":[[-80.057791476214803,26.602658504464713],[-80.057800307349297,26.602753988242004],[-80.057801438762823,26.602979981139264],[-80.05776912799314,26.603786915684619],[-80.057688079651157,26.606215570202647],[-80.057647776012985,26.607423220299093]]},"properties":{"OBJECTID_1":870,"Sys_Reli":"Reliable","SHS":1,"NHS":0,"LOCAL_NAME":"SR-805/DIXIE HWY","T_Max":1.602275543,"Shape_Length":528.03985588116575}},{"type":"Feature","id":871,"geometry":{"type":"LineString","coordinates":[[-80.079589225362795,26.931731129479459],[-80.080766523875923,26.933890518312261],[-80.080837065639614,26.934018675124118],[-80.080899444224514,26.934131998107556]]},"properties":{"OBJECTID_1":871,"Sys_Reli":"Reliable","SHS":1,"NHS":1,"LOCAL_NAME":"US-1/SR5/FEDERAL HWY","T_Max":1.208413151,"Shape_Length":296.05357811611231}},{"type":"Feature","id":872,"geometry":{"type":"LineString","coordinates":[[-80.057285194860171,26.540733046634447],[-80.057283108897749,26.54075037286389],[-80.057136128009972,26.541707620754309],[-80.056552595952454,26.545328103863824],[-80.056026226212779,26.548608500417004],[-80.055947865950188,26.549071826864626],[-80.055216768361731,26.55361836197147]]},"properties":{"OBJECTID_1":872,"Sys_Reli":"Reliable","SHS":1,"NHS":0,"LOCAL_NAME":"DIXIE HWY","T_Max":1.1785455819999999,"Shape_Length":1442.0346638645317}},{"type":"Feature","id":873,"geometry":{"type":"LineString","coordinates":[[-80.076501305311211,26.394473299739218],[-80.076498239053322,26.394585126882593],[-80.076496602647495,26.39464513698892],[-80.076496235220191,26.394700385447965]]},"properties":{"OBJECTID_1":873,"Sys_Reli":"Reliable","SHS":1,"NHS":1,"LOCAL_NAME":"FEDERAL HWY","T_Max":1.214055637,"Shape_Length":25.158211450250334}},{"type":"Feature","id":874,"geometry":{"type":"LineString","coordinates":[[-80.186567056476861,26.349379068565199],[-80.186530220018426,26.349379011104467],[-80.183687008183995,26.349384536935972],[-80.181319832603876,26.349382297135598],[-80.179726783582296,26.349386706019651],[-80.17935903029317,26.349393291226171],[-80.177807463802822,26.349445253744541],[-80.176808372491934,26.349440481045704],[-80.176240182985978,26.349443974280291],[-80.175957132034299,26.349449106458064],[-80.175647171381982,26.349470512144926],[-80.175347862569893,26.349500659710955],[-80.175091388659197,26.349537820408887],[-80.174730741403792,26.349601415709564],[-80.174293720111692,26.349700313361538],[-80.173882344772863,26.349819141560967]]},"properties":{"OBJECTID_1":874,"Sys_Reli":"Reliable","SHS":0,"NHS":1,"LOCAL_NAME":"PALMETTO PARK RD","T_Max":1.677447956,"Shape_Length":1270.6073066842066}},{"type":"Feature","id":875,"geometry":{"type":"LineString","coordinates":[[-80.234248893748386,26.681267861332504],[-80.232078975200807,26.681204477581456],[-80.230215816226348,26.681151073164152]]},"properties":{"OBJECTID_1":875,"Sys_Reli":"Reliable","SHS":1,"NHS":1,"LOCAL_NAME":"SOUTHERN BLVD","T_Max":1.380288746,"Shape_Length":401.5020845155492}},{"type":"Feature","id":876,"geometry":{"type":"LineString","coordinates":[[-80.155814179936897,26.708070767265308],[-80.154406938369533,26.708034154083862]]},"properties":{"OBJECTID_1":876,"Sys_Reli":"Reliable","SHS":1,"NHS":1,"LOCAL_NAME":"OKEECHOBEE BLVD","T_Max":1.3401728610000001,"Shape_Length":140.04942508500596}},{"type":"Feature","id":877,"geometry":{"type":"LineString","coordinates":[[-80.052754366345752,26.514546208793906],[-80.052728970206232,26.51459797369278]]},"properties":{"OBJECTID_1":877,"Sys_Reli":"Reliable","SHS":1,"NHS":0,"LOCAL_NAME":"OCEAN BLVD","T_Max":1.5871489459999999,"Shape_Length":6.267331308574839}},{"type":"Feature","id":878,"geometry":{"type":"LineString","coordinates":[[-80.147135117308139,26.486966637598815],[-80.147164645050466,26.489751137483523],[-80.147235045044781,26.493954364784635],[-80.147246389933301,26.496717128941544],[-80.147252231167784,26.496891789288302],[-80.147261562497789,26.497108298321066]]},"properties":{"OBJECTID_1":878,"Sys_Reli":"Reliable","SHS":0,"NHS":1,"LOCAL_NAME":"JOG RD","T_Max":1.280854806,"Shape_Length":1123.3977214779536}},{"type":"Feature","id":879,"geometry":{"type":"LineString","coordinates":[[-80.667760667347423,26.686466791866088],[-80.667760626214488,26.686481326500409],[-80.667891958129758,26.686549328788086],[-80.668009787801068,26.686609525505471],[-80.668882236612987,26.68698659047876],[-80.669840641864042,26.687410918549588],[-80.671762532848291,26.688316004074053],[-80.67196329049338,26.68841352776267],[-80.672090641986259,26.688474768784019],[-80.672231758187749,26.688556354690309],[-80.67260802765712,26.688787464201422],[-80.672814407383029,26.688891768621396],[-80.673069764664945,26.689009727957227],[-80.673381072011267,26.689109770360719],[-80.67355427595119,26.689175627268451],[-80.673738108746505,26.689257308064857],[-80.674811520576384,26.689776672184514],[-80.675381187522646,26.69005153778777]]},"properties":{"OBJECTID_1":879,"Sys_Reli":"Reliable","SHS":1,"NHS":0,"LOCAL_NAME":"W LAKE RD","T_Max":1.5483316380000001,"Shape_Length":857.58687369832751}},{"type":"Feature","id":880,"geometry":{"type":"LineString","coordinates":[[-80.094629691039472,26.897628696069173],[-80.094563942823825,26.900024836639098]]},"properties":{"OBJECTID_1":880,"Sys_Reli":"Reliable","SHS":1,"NHS":0,"LOCAL_NAME":"SR-811/OLD DIXIE HWY","T_Max":1.2575724230000001,"Shape_Length":265.49760738938272}},{"type":"Feature","id":881,"geometry":{"type":"LineString","coordinates":[[-80.056830062696648,26.736342982135827],[-80.056841895634733,26.735699683349047],[-80.056798199710087,26.73569851522576]]},"properties":{"OBJECTID_1":881,"Sys_Reli":"Reliable","SHS":1,"NHS":0,"LOCAL_NAME":"BROADWAY AVE","T_Max":1.3603457590000001,"Shape_Length":75.613842750505199}},{"type":"Feature","id":882,"geometry":{"type":"LineString","coordinates":[[-80.066619882817335,26.724798627266338],[-80.066563147248274,26.724798402046503],[-80.063907673385955,26.724724849144092]]},"properties":{"OBJECTID_1":882,"Sys_Reli":"Approaching Unreliability","SHS":0,"NHS":1,"LOCAL_NAME":"PALM BCH LAKES BLVD","T_Max":2.235519397,"Shape_Length":269.89887783791937}},{"type":"Feature","id":883,"geometry":{"type":"LineString","coordinates":[[-80.732765702069202,26.680058363719944],[-80.732685929862015,26.680046907574766]]},"properties":{"OBJECTID_1":883,"Sys_Reli":"Reliable","SHS":1,"NHS":1,"LOCAL_NAME":"US-27","T_Max":1.2097674249999999,"Shape_Length":8.037739296747457}},{"type":"Feature","id":884,"geometry":{"type":"LineString","coordinates":[[-80.052308376559338,26.644592692840785],[-80.052290783067306,26.6450864789192]]},"properties":{"OBJECTID_1":884,"Sys_Reli":"Reliable","SHS":1,"NHS":0,"LOCAL_NAME":"FEDERAL HWY","T_Max":1.2362637359999999,"Shape_Length":54.722641368792459}},{"type":"Feature","id":885,"geometry":{"type":"LineString","coordinates":[[-80.092228851269184,26.424504805568759],[-80.092235867146229,26.424918967563986],[-80.092249140120245,26.42680176548544]]},"properties":{"OBJECTID_1":885,"Sys_Reli":"Reliable","SHS":0,"NHS":1,"LOCAL_NAME":"CONGRESS AVE","T_Max":1.3105214329999999,"Shape_Length":254.42412764093609}},{"type":"Feature","id":886,"geometry":{"type":"LineString","coordinates":[[-80.070195938926148,26.676087517458662],[-80.07007661557688,26.676083874385512],[-80.069518491123645,26.676069013592475]]},"properties":{"OBJECTID_1":886,"Sys_Reli":"Reliable","SHS":1,"NHS":1,"LOCAL_NAME":"SOUTHERN BLVD","T_Max":1.8808909439999999,"Shape_Length":67.4429951020457}},{"type":"Feature","id":887,"geometry":{"type":"LineString","coordinates":[[-80.039001041713732,26.645467073089243],[-80.038997122419019,26.645583244211473]]},"properties":{"OBJECTID_1":887,"Sys_Reli":"Reliable","SHS":1,"NHS":0,"LOCAL_NAME":"OCEAN BLVD","T_Max":1.310448404,"Shape_Length":12.873741533034227}},{"type":"Feature","id":888,"geometry":{"type":"LineString","coordinates":[[-80.082855208032186,26.67675779584502],[-80.08282641732697,26.676756185282322],[-80.082580280979968,26.67673419271539],[-80.082287057061549,26.67670248259649],[-80.081773773903279,26.676639684298511],[-80.080997310769462,26.676551337931485],[-80.080471900817429,26.676500853267491],[-80.07975960149416,26.676446022318522],[-80.07898604103994,26.676408060863576],[-80.076116090460488,26.676295866839457],[-80.075856505788678,26.676286136743453]]},"properties":{"OBJECTID_1":888,"Sys_Reli":"Reliable","SHS":1,"NHS":1,"LOCAL_NAME":"SOUTHERN BLVD","T_Max":1.479357668,"Shape_Length":698.8170395835682}},{"type":"Feature","id":889,"geometry":{"type":"LineString","coordinates":[[-80.046397748753648,26.615565624720308],[-80.046206677215253,26.61555645583767],[-80.041301910555248,26.615249518567992],[-80.038883753102439,26.615083177856686],[-80.038683635408887,26.61513429120162]]},"properties":{"OBJECTID_1":889,"Sys_Reli":"Reliable","SHS":1,"NHS":0,"LOCAL_NAME":"LAKE AVE","T_Max":1.484347656,"Shape_Length":770.73232132319617}},{"type":"Feature","id":890,"geometry":{"type":"LineString","coordinates":[[-80.102407061456972,26.409643149712462],[-80.102413964353417,26.410182435871757],[-80.102411794011232,26.41065657195054],[-80.102385388397053,26.410984154216894],[-80.102347593117884,26.411241806550866],[-80.102299355285993,26.411499404158704],[-80.102237834330438,26.411739452404209],[-80.10213693290514,26.412055814717807],[-80.102036517308207,26.412310393197416],[-80.101939381090176,26.412524692720641],[-80.101840934032623,26.412717496607396],[-80.101682262595261,26.412981112315254],[-80.10147988831055,26.413302207855857],[-80.101265988371125,26.413570857167809],[-80.10104108268466,26.413824662449436],[-80.100720059335373,26.414142312347103],[-80.100424299311697,26.414386257785978],[-80.099993400209598,26.414744875787612],[-80.098993108812806,26.415574122401988]]},"properties":{"OBJECTID_1":890,"Sys_Reli":"Reliable","SHS":0,"NHS":1,"LOCAL_NAME":"CONGRESS AVE","T_Max":1.533829909,"Shape_Length":777.53781917617232}},{"type":"Feature","id":891,"geometry":{"type":"LineString","coordinates":[[-80.035112408455831,26.683657920604308],[-80.035088055915679,26.683905336294792],[-80.035035449841246,26.684259335060325],[-80.035635162837849,26.684317144688393]]},"properties":{"OBJECTID_1":891,"Sys_Reli":"Reliable","SHS":1,"NHS":0,"LOCAL_NAME":"S COUNTY RD","T_Max":1.5157105550000001,"Shape_Length":127.08681379133716}},{"type":"Feature","id":892,"geometry":{"type":"LineString","coordinates":[[-80.145992162782449,26.572653554807072],[-80.145988881695999,26.57270023613103],[-80.145952424978276,26.573169738754519],[-80.145923152617016,26.573616430488467],[-80.14590652060572,26.573948568124251],[-80.145899785116569,26.574220822857161]]},"properties":{"OBJECTID_1":892,"Sys_Reli":"Reliable","SHS":0,"NHS":1,"LOCAL_NAME":"JOG RD","T_Max":1.461833256,"Shape_Length":173.86188343958625}},{"type":"Feature","id":893,"geometry":{"type":"LineString","coordinates":[[-80.647586773961365,26.837747010204048],[-80.647188390420922,26.838374505979129],[-80.646917615290789,26.838872666076195],[-80.646729054370823,26.839231084301542],[-80.645300940368898,26.842315333786125],[-80.645154770807963,26.84259034053775],[-80.645020082498192,26.842815719929209],[-80.644357192672217,26.843775613243597],[-80.643835620919717,26.844523278645767]]},"properties":{"OBJECTID_1":893,"Sys_Reli":"Reliable","SHS":1,"NHS":0,"LOCAL_NAME":"E MAIN ST","T_Max":1.189205064,"Shape_Length":839.98478733660852}},{"type":"Feature","id":894,"geometry":{"type":"LineString","coordinates":[[-80.173729745797843,26.624182222634946],[-80.173802949989778,26.630374132304762]]},"properties":{"OBJECTID_1":894,"Sys_Reli":"Approaching Unreliability","SHS":1,"NHS":1,"LOCAL_NAME":"TURNPIKE MAINLINE","T_Max":2.6704571650000002,"Shape_Length":685.87084161582095}},{"type":"Feature","id":895,"geometry":{"type":"LineString","coordinates":[[-80.089227858617505,26.61742205736374],[-80.089161491683484,26.617419455724921],[-80.089065649862476,26.617414334196468]]},"properties":{"OBJECTID_1":895,"Sys_Reli":"Reliable","SHS":1,"NHS":1,"LOCAL_NAME":"LAKE WORTH RD","T_Max":1.446688609,"Shape_Length":16.172445411588143}},{"type":"Feature","id":896,"geometry":{"type":"LineString","coordinates":[[-80.036585680152655,26.707654001256966],[-80.036663954784984,26.708122921116349],[-80.036726121259093,26.708351312379268],[-80.037439266591676,26.710960782343527],[-80.037462399158954,26.711123445028832],[-80.037472034549921,26.711845765421931],[-80.03748175507998,26.712109901648603],[-80.037495581741396,26.712258968825751],[-80.037552377235713,26.71252793479206],[-80.037705199163682,26.713109040986247],[-80.037747218588251,26.713341797485924],[-80.037757490025328,26.713540482960813],[-80.037771021697026,26.715145335697187],[-80.037812814481654,26.717348503828674],[-80.037824810462723,26.718028538954588]]},"properties":{"OBJECTID_1":896,"Sys_Reli":"Reliable","SHS":1,"NHS":0,"LOCAL_NAME":"S COUNTY RD","T_Max":1.494600234,"Shape_Length":1162.0007254454479}},{"type":"Feature","id":897,"geometry":{"type":"LineString","coordinates":[[-80.053333563767396,26.70546959619308],[-80.052096623965667,26.705432587945346],[-80.051797390646342,26.705427612684304]]},"properties":{"OBJECTID_1":897,"Sys_Reli":"Approaching Unreliability","SHS":1,"NHS":1,"LOCAL_NAME":"OKEECHOBEE BLVD","T_Max":1.551177808,"Shape_Length":152.89692269815427}},{"type":"Feature","id":898,"geometry":{"type":"LineString","coordinates":[[-80.684116112494607,26.740159618639584],[-80.684117255306063,26.740466280488413],[-80.684076154619461,26.742959628589922],[-80.683951376482611,26.743760662012814],[-80.683808165284049,26.74433698138332]]},"properties":{"OBJECTID_1":898,"Sys_Reli":"Reliable","SHS":1,"NHS":0,"LOCAL_NAME":"BACOM POINT RD","T_Max":1.126167736,"Shape_Length":465.13332379689848}},{"type":"Feature","id":899,"geometry":{"type":"LineString","coordinates":[[-80.052079261175066,26.625626103434957],[-80.052059331459247,26.626206976929506],[-80.052036414885208,26.626874907774084]]},"properties":{"OBJECTID_1":899,"Sys_Reli":"Reliable","SHS":1,"NHS":0,"LOCAL_NAME":"FEDERAL HWY","T_Max":1.4247782360000001,"Shape_Length":138.39022336602437}},{"type":"Feature","id":900,"geometry":{"type":"LineString","coordinates":[[-80.204990170793579,26.61321500248836],[-80.204919579221837,26.614768441913291]]},"properties":{"OBJECTID_1":900,"Sys_Reli":"Reliable","SHS":1,"NHS":1,"LOCAL_NAME":"SR-7/US-441","T_Max":1.5601751660000001,"Shape_Length":172.20510951442552}},{"type":"Feature","id":901,"geometry":{"type":"LineString","coordinates":[[-80.204306451840509,26.629650465847515],[-80.204261312132687,26.630704623393608],[-80.204229334056123,26.631421998641564]]},"properties":{"OBJECTID_1":901,"Sys_Reli":"Reliable","SHS":1,"NHS":1,"LOCAL_NAME":"SR-7/US-441","T_Max":1.884665958,"Shape_Length":196.36868124925473}},{"type":"Feature","id":902,"geometry":{"type":"LineString","coordinates":[[-80.085130430886011,26.952292278549606],[-80.085130146339097,26.952364804735517],[-80.085129688140952,26.95248090872494]]},"properties":{"OBJECTID_1":902,"Sys_Reli":"Reliable","SHS":1,"NHS":1,"LOCAL_NAME":"US-1/SR5/FEDERAL HWY","T_Max":1.8281652939999999,"Shape_Length":20.894643728979275}},{"type":"Feature","id":903,"geometry":{"type":"LineString","coordinates":[[-80.093864935021074,26.590685575449559],[-80.093864539307958,26.590747942268752],[-80.093846477988734,26.591188578377615],[-80.093811473911799,26.591554129068868],[-80.093757732413792,26.591896365499771],[-80.093692352126439,26.59223175917495],[-80.093601942653109,26.592595848309386],[-80.093498637399009,26.592929687634708],[-80.093370394481411,26.593280425453656],[-80.093191865361064,26.593716101891768],[-80.092997654615502,26.594105765861258],[-80.092855645027697,26.594351474337685],[-80.092663604882276,26.594650643410933],[-80.092486342464895,26.594924980721242],[-80.091681602775068,26.596131919683035],[-80.090732081697382,26.597562231815733],[-80.090541407701124,26.597871899243554],[-80.090365212474211,26.598194777210097],[-80.090196119942277,26.598542625086683],[-80.090014700287412,26.598973036459824],[-80.089883281575666,26.5993539078369],[-80.089770688181787,26.599751965868133],[-80.089681221579539,26.600179025612334],[-80.089616754718861,26.600581320421735],[-80.089565960263826,26.600914189239894],[-80.089535858556616,26.601215700180454],[-80.08951731343231,26.601530395192867],[-80.089462168952821,26.603888586566601],[-80.089452008910058,26.604172875935937]]},"properties":{"OBJECTID_1":903,"Sys_Reli":"Reliable","SHS":0,"NHS":1,"LOCAL_NAME":"CONGRESS AVE","T_Max":1.4959358229999999,"Shape_Length":1589.4415143748829}},{"type":"Feature","id":904,"geometry":{"type":"LineString","coordinates":[[-80.066940342772753,26.461666932901753],[-80.065970728998039,26.461680291894453]]},"properties":{"OBJECTID_1":904,"Sys_Reli":"Approaching Unreliability","SHS":1,"NHS":0,"LOCAL_NAME":"ATLANTIC AVE","T_Max":1.903188181,"Shape_Length":96.67591599746558}},{"type":"Feature","id":905,"geometry":{"type":"LineString","coordinates":[[-80.119361664363836,26.357901331974929],[-80.119504372322595,26.358378276895099],[-80.119778329612913,26.360002879431953],[-80.119824838608395,26.36089249526843],[-80.119813988148636,26.362325751023199],[-80.119755019798035,26.363081546008054],[-80.119556526536627,26.364312753563311],[-80.119477682923716,26.364714049247905],[-80.119216068126406,26.365676259769568],[-80.118523833882648,26.367746355693892],[-80.11837270620083,26.368203426604076],[-80.118343234909048,26.368292560228817]]},"properties":{"OBJECTID_1":905,"Sys_Reli":"Unreliable","SHS":1,"NHS":1,"LOCAL_NAME":"I-95","T_Max":4.1142523569999998,"Shape_Length":1173.2747872690538}},{"type":"Feature","id":906,"geometry":{"type":"LineString","coordinates":[[-80.203502850168775,26.367837766900113],[-80.203400984341826,26.367839280532202],[-80.203159507985575,26.367842865911953],[-80.190653559549645,26.36787062283377],[-80.186726597330392,26.367855826114582],[-80.186655627031854,26.367855554862338]]},"properties":{"OBJECTID_1":906,"Sys_Reli":"Reliable","SHS":1,"NHS":1,"LOCAL_NAME":"GLADES RD","T_Max":1.4541450659999999,"Shape_Length":1680.8908866977945}},{"type":"Feature","id":907,"geometry":{"type":"LineString","coordinates":[[-80.088879504210311,26.461543297174192],[-80.088507978050146,26.461543706868792]]},"properties":{"OBJECTID_1":907,"Sys_Reli":"Reliable","SHS":1,"NHS":0,"LOCAL_NAME":"ATLANTIC AVE","T_Max":2.0271140010000002,"Shape_Length":37.038779794988073}},{"type":"Feature","id":908,"geometry":{"type":"LineString","coordinates":[[-80.102378219858039,26.393869450750163],[-80.102263855015011,26.393870465940658],[-80.101838741780298,26.393871422502801],[-80.101246701270824,26.393877091613568],[-80.100971003932472,26.393887637931417],[-80.100716441833228,26.393907858056426],[-80.100363233508887,26.393953372642446],[-80.099183341274596,26.394173713166722],[-80.098769376819718,26.394243395727479],[-80.098408610834241,26.394287490909992],[-80.098053968063525,26.394323448297733],[-80.097652443089203,26.394350919262831],[-80.097288883311251,26.394364991674703],[-80.09709440313884,26.394365048582994],[-80.096095140703824,26.394377197427183],[-80.093755570769559,26.394399950351247],[-80.093158362533458,26.394405421381439]]},"properties":{"OBJECTID_1":908,"Sys_Reli":"Reliable","SHS":1,"NHS":1,"LOCAL_NAME":"SR-794/YAMATO RD","T_Max":1.425709044,"Shape_Length":924.12542348004399}},{"type":"Feature","id":909,"geometry":{"type":"LineString","coordinates":[[-80.10672732699372,26.794575269396638],[-80.106673347884467,26.796374960769857],[-80.106612439066765,26.798177282979463],[-80.106611606885906,26.798206327760113]]},"properties":{"OBJECTID_1":909,"Sys_Reli":"Reliable","SHS":1,"NHS":1,"LOCAL_NAME":"SR809/MILITARY TRAIL","T_Max":1.9188940290000001,"Shape_Length":402.36572873761435}},{"type":"Feature","id":910,"geometry":{"type":"LineString","coordinates":[[-80.108008522188683,26.765220124644056],[-80.107963547347723,26.76606262325285],[-80.107899008473566,26.767552924519247],[-80.107839908357818,26.76882958208714],[-80.107770831215049,26.770416518491707],[-80.107720518110526,26.771535512981796],[-80.107633824467626,26.77344117599117],[-80.107565216920065,26.774967069778441],[-80.107516689658482,26.776073093884968],[-80.107430834070158,26.778012802551757],[-80.107405771014939,26.778512331538042],[-80.107377360052482,26.779123887752728],[-80.107358009049889,26.779577984704957]]},"properties":{"OBJECTID_1":910,"Sys_Reli":"Reliable","SHS":1,"NHS":1,"LOCAL_NAME":"SR809/MILITARY TRAIL","T_Max":1.966931564,"Shape_Length":1591.6868831489378}},{"type":"Feature","id":911,"geometry":{"type":"LineString","coordinates":[[-80.034323349509933,26.797609268952652],[-80.034280348159257,26.798246558176032],[-80.03413441811756,26.801303632460105],[-80.034161039960551,26.801944438668983],[-80.034248886330275,26.802749656642241],[-80.034379506897267,26.803468689861486],[-80.034545817124368,26.804102517329223],[-80.035255388680923,26.806356179381982],[-80.03581722741221,26.808789993510175],[-80.036143447483994,26.810964280581853],[-80.036265675568913,26.811573338639406]]},"properties":{"OBJECTID_1":911,"Sys_Reli":"Reliable","SHS":1,"NHS":0,"LOCAL_NAME":"N OCEAN BLVD","T_Max":1.1266678590000001,"Shape_Length":1569.421772404354}},{"type":"Feature","id":912,"geometry":{"type":"LineString","coordinates":[[-80.174339096858546,26.448593778878038],[-80.17443709255744,26.453600107541366],[-80.174440446725143,26.453690127025052]]},"properties":{"OBJECTID_1":912,"Sys_Reli":"Approaching Unreliability","SHS":1,"NHS":1,"LOCAL_NAME":"TURNPIKE MAINLINE","T_Max":2.5056220439999999,"Shape_Length":564.5626640281597}},{"type":"Feature","id":913,"geometry":{"type":"LineString","coordinates":[[-80.034897965373077,26.786669419453869],[-80.034352796409323,26.797172846148982],[-80.034323349509933,26.797609268952652]]},"properties":{"OBJECTID_1":913,"Sys_Reli":"Reliable","SHS":1,"NHS":0,"LOCAL_NAME":"N OCEAN BLVD","T_Max":1.1266678590000001,"Shape_Length":1213.1411576656924}},{"type":"Feature","id":914,"geometry":{"type":"LineString","coordinates":[[-80.172538661579978,26.531248942092478],[-80.172640564853012,26.538987388777173],[-80.172822255838071,26.552623114081499]]},"properties":{"OBJECTID_1":914,"Sys_Reli":"Approaching Unreliability","SHS":1,"NHS":1,"LOCAL_NAME":"TURNPIKE MAINLINE","T_Max":2.2102075239999999,"Shape_Length":2367.6002654868576}},{"type":"Feature","id":915,"geometry":{"type":"LineString","coordinates":[[-80.105108964083669,26.838254343632837],[-80.105107049258564,26.838283615211544]]},"properties":{"OBJECTID_1":915,"Sys_Reli":"Reliable","SHS":1,"NHS":1,"LOCAL_NAME":"SR809/MILITARY TRAIL","T_Max":2.2767534,"Shape_Length":3.2479168274330443}},{"type":"Feature","id":916,"geometry":{"type":"LineString","coordinates":[[-80.096036993455314,26.857068843006715],[-80.095925305558282,26.860089176194016]]},"properties":{"OBJECTID_1":916,"Sys_Reli":"Reliable","SHS":1,"NHS":0,"LOCAL_NAME":"SR-811/OLD DIXIE HWY","T_Max":1.2927380900000001,"Shape_Length":334.74025787067859}},{"type":"Feature","id":917,"geometry":{"type":"LineString","coordinates":[[-80.174465847842882,26.454720840896901],[-80.174504946872617,26.456367061036921],[-80.174589703217634,26.459189767777723],[-80.174608612211188,26.46045594924793]]},"properties":{"OBJECTID_1":917,"Sys_Reli":"Reliable","SHS":1,"NHS":1,"LOCAL_NAME":"TURNPIKE MAINLINE","T_Max":1.9375018020000001,"Shape_Length":635.38904663283483}},{"type":"Feature","id":918,"geometry":{"type":"LineString","coordinates":[[-80.086611751939429,26.757352069880536],[-80.086524853601688,26.757571938377666],[-80.086425888605788,26.757862865977479],[-80.086374211620452,26.758095958372511],[-80.086329961434046,26.758397076567171],[-80.086301286916097,26.758651458551999]]},"properties":{"OBJECTID_1":918,"Sys_Reli":"Reliable","SHS":0,"NHS":1,"LOCAL_NAME":"CONGRESS AVE","T_Max":1.288923423,"Shape_Length":147.82482956776565}},{"type":"Feature","id":919,"geometry":{"type":"LineString","coordinates":[[-80.043387666203358,26.545314501118618],[-80.043314337148686,26.545687722062492],[-80.043220835181756,26.546202652911781]]},"properties":{"OBJECTID_1":919,"Sys_Reli":"Reliable","SHS":1,"NHS":0,"LOCAL_NAME":"OCEAN BLVD","T_Max":1.2674021040000001,"Shape_Length":99.771821106538596}},{"type":"Feature","id":920,"geometry":{"type":"LineString","coordinates":[[-80.202778568742929,26.666835539664003],[-80.202659329682703,26.670239696688554],[-80.202511020702559,26.674436699432484],[-80.20241668292374,26.676974107225224],[-80.202370146246338,26.677849908357178],[-80.202280541339732,26.680146699007185],[-80.202339440039793,26.68027085987492]]},"properties":{"OBJECTID_1":920,"Sys_Reli":"Reliable","SHS":1,"NHS":1,"LOCAL_NAME":"SR-7/US-441","T_Max":1.466958964,"Shape_Length":1490.1732244681371}},{"type":"Feature","id":921,"geometry":{"type":"LineString","coordinates":[[-80.146996128477184,26.458891116066177],[-80.146985447011815,26.461218400983409],[-80.146978383067207,26.462903526256842]]},"properties":{"OBJECTID_1":921,"Sys_Reli":"Reliable","SHS":0,"NHS":1,"LOCAL_NAME":"JOG RD","T_Max":1.280854806,"Shape_Length":444.42077163770966}},{"type":"Feature","id":922,"geometry":{"type":"LineString","coordinates":[[-80.107336856349917,26.677684770641427],[-80.106829672066283,26.677612072216014],[-80.106120928240912,26.677509893751733],[-80.105386728222442,26.677430286628312],[-80.104999980017681,26.677396038937186],[-80.10453858024573,26.67736585725218],[-80.104423877269554,26.677361242891376]]},"properties":{"OBJECTID_1":922,"Sys_Reli":"Reliable","SHS":1,"NHS":1,"LOCAL_NAME":"SOUTHERN BLVD","T_Max":1.4475403360000001,"Shape_Length":292.250429040857}},{"type":"Feature","id":923,"geometry":{"type":"LineString","coordinates":[[-80.173077785310809,26.56319135246428],[-80.173065016887918,26.565384099868595],[-80.173019075364209,26.56659677511534],[-80.173021817771513,26.567025091494628]]},"properties":{"OBJECTID_1":923,"Sys_Reli":"Approaching Unreliability","SHS":1,"NHS":1,"LOCAL_NAME":"TURNPIKE MAINLINE","T_Max":2.2731320629999998,"Shape_Length":424.71339960915083}},{"type":"Feature","id":924,"geometry":{"type":"LineString","coordinates":[[-80.058285719644246,26.461844591973023],[-80.058220288607473,26.462239625985614],[-80.058152580140387,26.462855373734353],[-80.057822025725812,26.465001293939498],[-80.057394954561161,26.467662589549576],[-80.057316182563085,26.46814873726446],[-80.057077955402164,26.469271287926574]]},"properties":{"OBJECTID_1":924,"Sys_Reli":"Reliable","SHS":1,"NHS":0,"LOCAL_NAME":"OCEAN BLVD","T_Max":1.4254738229999999,"Shape_Length":831.56878727118522}},{"type":"Feature","id":925,"geometry":{"type":"LineString","coordinates":[[-80.150024039461698,26.935101418931083],[-80.15043367934507,26.936671392121909],[-80.150938388133,26.938598543667005],[-80.151129833906182,26.93926325713371],[-80.151349705485643,26.939914598267972],[-80.151671691322477,26.940634269104546],[-80.151923461619418,26.941148128258437],[-80.152079077388777,26.941386053476521],[-80.152113623416142,26.941440328476691]]},"properties":{"OBJECTID_1":925,"Sys_Reli":"Reliable","SHS":1,"NHS":1,"LOCAL_NAME":"I-95","T_Max":2.2729706539999999,"Shape_Length":734.80530665816582}},{"type":"Feature","id":926,"geometry":{"type":"LineString","coordinates":[[-80.677731378966129,26.69118547397645],[-80.678487312471077,26.691550189179861],[-80.679688796128659,26.692143186180491],[-80.680533694725526,26.692560178021076],[-80.68063293045887,26.692609155519371],[-80.682805188587736,26.693692471117881]]},"properties":{"OBJECTID_1":926,"Sys_Reli":"Reliable","SHS":1,"NHS":0,"LOCAL_NAME":"W LAKE RD","T_Max":1.5483316380000001,"Shape_Length":576.10326771776738}},{"type":"Feature","id":927,"geometry":{"type":"LineString","coordinates":[[-80.146978383067207,26.462903526256842],[-80.146969670975878,26.464981216866423],[-80.146946436857434,26.468891209450309],[-80.146946716081288,26.469106793948139]]},"properties":{"OBJECTID_1":927,"Sys_Reli":"Reliable","SHS":0,"NHS":1,"LOCAL_NAME":"JOG RD","T_Max":1.280854806,"Shape_Length":687.08642771049574}},{"type":"Feature","id":928,"geometry":{"type":"LineString","coordinates":[[-80.113562778139425,26.678079045441027],[-80.11294002732653,26.678063936352455],[-80.110756229797872,26.678005970488027],[-80.110207506188161,26.677980948303198],[-80.109455352617289,26.677933050205965],[-80.108824692653855,26.677873422424582],[-80.108775062087361,26.677867887230626]]},"properties":{"OBJECTID_1":928,"Sys_Reli":"Reliable","SHS":1,"NHS":1,"LOCAL_NAME":"SOUTHERN BLVD","T_Max":1.305713023,"Shape_Length":477.16566523285621}},{"type":"Feature","id":929,"geometry":{"type":"LineString","coordinates":[[-80.7122467069305,26.643187231304594],[-80.712249409794495,26.643382037966436],[-80.712345055205333,26.647264622290855],[-80.712511650334008,26.654609735889181]]},"properties":{"OBJECTID_1":929,"Sys_Reli":"Reliable","SHS":1,"NHS":1,"LOCAL_NAME":"US-27","T_Max":1.28865096,"Shape_Length":1265.373434714536}},{"type":"Feature","id":930,"geometry":{"type":"LineString","coordinates":[[-80.109617954568847,26.783488992895069],[-80.107344307055897,26.783417042998465],[-80.10722127565171,26.783413147506522]]},"properties":{"OBJECTID_1":930,"Sys_Reli":"Reliable","SHS":1,"NHS":1,"LOCAL_NAME":"BLUE HERON BLVD","T_Max":2.1224218910000001,"Shape_Length":238.41191050760872}},{"type":"Feature","id":931,"geometry":{"type":"LineString","coordinates":[[-80.048665264656265,26.526001032668393],[-80.048589646790234,26.526415732856481],[-80.048514195858246,26.526893737023524],[-80.048495199713926,26.527067409634117],[-80.048493774594903,26.527109513303525]]},"properties":{"OBJECTID_1":931,"Sys_Reli":"Reliable","SHS":1,"NHS":0,"LOCAL_NAME":"OCEAN BLVD","T_Max":1.3838259159999999,"Shape_Length":124.01979800876097}},{"type":"Feature","id":932,"geometry":{"type":"LineString","coordinates":[[-80.146182739896588,26.400954104251174],[-80.146178874825708,26.401317491857537],[-80.146176459835161,26.402061763940118],[-80.146236015410366,26.407681144478978],[-80.146236572462101,26.407844126469463],[-80.146237105649774,26.408002993917826],[-80.146237483542293,26.408033522337835]]},"properties":{"OBJECTID_1":932,"Sys_Reli":"Approaching Unreliability","SHS":0,"NHS":1,"LOCAL_NAME":"JOG RD","T_Max":2.0926691270000002,"Shape_Length":784.14602473876118}},{"type":"Feature","id":933,"geometry":{"type":"LineString","coordinates":[[-80.087931352769345,26.720669435023773],[-80.087548099563207,26.72110820566386]]},"properties":{"OBJECTID_1":933,"Sys_Reli":"Reliable","SHS":0,"NHS":1,"LOCAL_NAME":"PALM BCH LAKES BLVD","T_Max":1.836700285,"Shape_Length":61.768300973478517}},{"type":"Feature","id":934,"geometry":{"type":"LineString","coordinates":[[-80.682805188587736,26.693692471117881],[-80.683319974459877,26.693949189574539],[-80.68367631855692,26.69413055922066],[-80.683776147538893,26.69418518794452]]},"properties":{"OBJECTID_1":934,"Sys_Reli":"Reliable","SHS":1,"NHS":0,"LOCAL_NAME":"W LAKE RD","T_Max":1.513956034,"Shape_Length":110.95169841878612}},{"type":"Feature","id":935,"geometry":{"type":"LineString","coordinates":[[-80.056125032147264,26.808828085649516],[-80.056426905044091,26.810308763057936],[-80.056766424773841,26.81202854260394],[-80.056957627993526,26.813091440421321]]},"properties":{"OBJECTID_1":935,"Sys_Reli":"Reliable","SHS":1,"NHS":0,"LOCAL_NAME":"US-1/SR5/FEDERAL HWY","T_Max":1.289487837,"Shape_Length":479.45583535053572}},{"type":"Feature","id":936,"geometry":{"type":"LineString","coordinates":[[-80.085157167159025,26.723410824205313],[-80.08494585213684,26.723549366938464],[-80.084595238300082,26.723761900920476],[-80.084293470175851,26.723937614258809],[-80.083925848358163,26.72411943728385]]},"properties":{"OBJECTID_1":936,"Sys_Reli":"Reliable","SHS":0,"NHS":1,"LOCAL_NAME":"PALM BCH LAKES BLVD","T_Max":1.836700285,"Shape_Length":145.62051862988204}},{"type":"Feature","id":937,"geometry":{"type":"LineString","coordinates":[[-80.094171191743783,26.843909631388314],[-80.094013892640461,26.843944165795296]]},"properties":{"OBJECTID_1":937,"Sys_Reli":"Approaching Unreliability","SHS":1,"NHS":1,"LOCAL_NAME":"PGA BLVD","T_Max":1.626834517,"Shape_Length":16.090822151107414}},{"type":"Feature","id":938,"geometry":{"type":"LineString","coordinates":[[-80.054939478074914,26.714716524917755],[-80.054917815234461,26.715748090664171],[-80.054923918156973,26.716088629773967],[-80.054939520895957,26.716255260128534]]},"properties":{"OBJECTID_1":938,"Sys_Reli":"Approaching Unreliability","SHS":1,"NHS":0,"LOCAL_NAME":"QUADRILLE BLVD","T_Max":2.8125328569999999,"Shape_Length":170.53116353585256}},{"type":"Feature","id":939,"geometry":{"type":"LineString","coordinates":[[-80.630618492142929,26.861687607871488],[-80.630658716942449,26.861716027741004],[-80.631108221808248,26.862017739221876],[-80.631200544935425,26.862081615885444]]},"properties":{"OBJECTID_1":939,"Sys_Reli":"Reliable","SHS":1,"NHS":0,"LOCAL_NAME":"W MAIN ST","T_Max":1.3301317509999999,"Shape_Length":72.442315826780856}},{"type":"Feature","id":940,"geometry":{"type":"LineString","coordinates":[[-80.109531406510243,26.741944419390578],[-80.109365639906201,26.745541387422069],[-80.109335933717446,26.746340833485061],[-80.109290117713513,26.747969356615545],[-80.10925383736398,26.748721555897252],[-80.109238596363639,26.748927715321255],[-80.109236477764867,26.749112304699104],[-80.109202515747484,26.749811442155593],[-80.109163744419064,26.750532877101342],[-80.109094916937764,26.751521968969708],[-80.109039869343505,26.752204242451647],[-80.108957339243872,26.753223007712783],[-80.108914768888198,26.753766794609191],[-80.108836093294599,26.75474527531868],[-80.108759643220026,26.755984476883501],[-80.108674948819157,26.75742625639797],[-80.10856479757571,26.75848900043832],[-80.108505575396691,26.759190493103773],[-80.108466186631873,26.759703386626736],[-80.108463960230509,26.759729384811369]]},"properties":{"OBJECTID_1":940,"Sys_Reli":"Reliable","SHS":1,"NHS":1,"LOCAL_NAME":"SR809/MILITARY TRAIL","T_Max":1.350211367,"Shape_Length":1973.1607484355291}},{"type":"Feature","id":941,"geometry":{"type":"LineString","coordinates":[[-80.112326143481013,26.648010229129653],[-80.11232370952348,26.648421875206537],[-80.112326384886615,26.649076423209188],[-80.112335663180517,26.649627580439034],[-80.112376869710772,26.651401051343544],[-80.112376012859357,26.651571597661857],[-80.112376491337173,26.651593395178523]]},"properties":{"OBJECTID_1":941,"Sys_Reli":"Reliable","SHS":1,"NHS":1,"LOCAL_NAME":"MILITARY TR","T_Max":1.7904734250000001,"Shape_Length":396.93879591547267}},{"type":"Feature","id":942,"geometry":{"type":"LineString","coordinates":[[-80.122890091563548,26.494074992184096],[-80.122902014471848,26.494414386358716],[-80.122978161178594,26.496618671557151],[-80.123027991988138,26.498235820271766],[-80.123026480520579,26.498518893497096],[-80.12304806785535,26.500349573182717],[-80.123071400473037,26.506231778877051],[-80.12307150810436,26.506250644764055]]},"properties":{"OBJECTID_1":942,"Sys_Reli":"Reliable","SHS":0,"NHS":1,"LOCAL_NAME":"MILITARY TR","T_Max":1.3449251550000001,"Shape_Length":1348.8191179733133}},{"type":"Feature","id":943,"geometry":{"type":"LineString","coordinates":[[-80.683450328758198,26.813609297314237],[-80.683329443153454,26.813682842399039],[-80.676047993576503,26.817657089499956],[-80.67202161807603,26.819960457101754]]},"properties":{"OBJECTID_1":943,"Sys_Reli":"Reliable","SHS":1,"NHS":0,"LOCAL_NAME":"BACOM POINT RD","T_Max":1.1597924589999999,"Shape_Length":1336.0263007285803}},{"type":"Feature","id":944,"geometry":{"type":"LineString","coordinates":[[-80.328407802125696,26.927382734315724],[-80.326584082523766,26.92616517636964],[-80.310624478611288,26.915521447415241],[-80.306104617528916,26.91250415753175],[-80.305799801758511,26.91232660708539],[-80.304957535691898,26.911828160649019],[-80.304206127371955,26.91135339047295],[-80.304099368823046,26.911165727283468],[-80.30109982363723,26.909169007422662],[-80.299363843024466,26.908006803973912],[-80.298240800888919,26.907259261831779],[-80.297167637158836,26.90654842629986]]},"properties":{"OBJECTID_1":944,"Sys_Reli":"Reliable","SHS":1,"NHS":1,"LOCAL_NAME":"BEELINE HWY","T_Max":1.1608643519999999,"Shape_Length":3868.8905548960397}},{"type":"Feature","id":945,"geometry":{"type":"LineString","coordinates":[[-80.110518718923643,26.721201085590884],[-80.1105165843897,26.721253220566403],[-80.110449343368515,26.722710797785979]]},"properties":{"OBJECTID_1":945,"Sys_Reli":"Reliable","SHS":1,"NHS":1,"LOCAL_NAME":"SR809/MILITARY TRAIL","T_Max":1.4620021729999999,"Shape_Length":167.36647881785777}},{"type":"Feature","id":946,"geometry":{"type":"LineString","coordinates":[[-80.2034025916128,26.367922243994919],[-80.203403805345019,26.367984830726456],[-80.203448576930811,26.370991562748472],[-80.203476259913231,26.37382088974595]]},"properties":{"OBJECTID_1":946,"Sys_Reli":"Reliable","SHS":1,"NHS":1,"LOCAL_NAME":"SR-7/US-441","T_Max":1.6561166620000001,"Shape_Length":653.36553119839118}},{"type":"Feature","id":947,"geometry":{"type":"LineString","coordinates":[[-80.113296656775077,26.572530494073732],[-80.113270527395642,26.575459098953583],[-80.113254558643419,26.579192538374908],[-80.113233471071922,26.585145187784622],[-80.11323872056245,26.585499494083745],[-80.113255644695641,26.58583346873116],[-80.113284937868798,26.586143539874588],[-80.113337023169947,26.586484908384538],[-80.113393002385322,26.586793508808011],[-80.113465430540998,26.587097293817113],[-80.113557954297349,26.587397920246801],[-80.113623622441338,26.587632796623655],[-80.113714583566349,26.587898984053648],[-80.113975680374466,26.588626925987153],[-80.114032040817449,26.588784731406065],[-80.114134675190726,26.589072116914508],[-80.114190583061841,26.589252112330158]]},"properties":{"OBJECTID_1":947,"Sys_Reli":"Reliable","SHS":0,"NHS":1,"LOCAL_NAME":"MILITARY TR","T_Max":1.3406338879999999,"Shape_Length":1864.6459313593298}},{"type":"Feature","id":948,"geometry":{"type":"LineString","coordinates":[[-80.20336278387164,26.362822417395613],[-80.203373793677542,26.364044885947408],[-80.203404444498773,26.367636896954725],[-80.203400984341826,26.367839280532202],[-80.2034025916128,26.367922243994919]]},"properties":{"OBJECTID_1":948,"Sys_Reli":"Reliable","SHS":1,"NHS":1,"LOCAL_NAME":"SR-7/US-441","T_Max":1.5557615549999999,"Shape_Length":564.8665599335153}},{"type":"Feature","id":949,"geometry":{"type":"LineString","coordinates":[[-80.694148182045851,26.798320322470911],[-80.694144395547355,26.798341890359907],[-80.69319152592162,26.803795473031567],[-80.693067019135981,26.804260185679002],[-80.692902393461367,26.804677409237549],[-80.692694383759246,26.805090027645686],[-80.692395638484314,26.80557241794412],[-80.691971523966842,26.806141410552552]]},"properties":{"OBJECTID_1":949,"Sys_Reli":"Reliable","SHS":1,"NHS":0,"LOCAL_NAME":"BACOM POINT RD","T_Max":1.1612046060000001,"Shape_Length":902.88119167691173}},{"type":"Feature","id":950,"geometry":{"type":"LineString","coordinates":[[-80.20555533470305,26.541671344487337],[-80.205557929355578,26.541908155271091],[-80.205658499873564,26.551304065498101]]},"properties":{"OBJECTID_1":950,"Sys_Reli":"Reliable","SHS":1,"NHS":1,"LOCAL_NAME":"SR-7/US-441","T_Max":1.1666767899999999,"Shape_Length":1066.9761662163855}},{"type":"Feature","id":951,"geometry":{"type":"LineString","coordinates":[[-80.68400389129647,26.696850996065237],[-80.684012117418746,26.70173408565331]]},"properties":{"OBJECTID_1":951,"Sys_Reli":"Reliable","SHS":1,"NHS":0,"LOCAL_NAME":"NW 16 ST","T_Max":1.274200081,"Shape_Length":540.83130738780119}},{"type":"Feature","id":952,"geometry":{"type":"LineString","coordinates":[[-80.070437401139159,26.35349103981898],[-80.070448051664371,26.35533613911695]]},"properties":{"OBJECTID_1":952,"Sys_Reli":"Reliable","SHS":1,"NHS":0,"LOCAL_NAME":"OCEAN BLVD","T_Max":1.334190548,"Shape_Length":204.36761910095549}},{"type":"Feature","id":953,"geometry":{"type":"LineString","coordinates":[[-80.684505435609552,26.681454712810432],[-80.684440979719639,26.681557237475037],[-80.684256535051276,26.681927013282035],[-80.684160422199483,26.682152522569293],[-80.684114752548439,26.682314939739648],[-80.684072190937215,26.682484131881136],[-80.684010874378203,26.682851925700316],[-80.683982294423316,26.683194967304338],[-80.68398381138087,26.684367567823379]]},"properties":{"OBJECTID_1":953,"Sys_Reli":"Reliable","SHS":1,"NHS":0,"LOCAL_NAME":"SW 16 ST","T_Max":1.3250375299999999,"Shape_Length":331.59041479547625}},{"type":"Feature","id":954,"geometry":{"type":"LineString","coordinates":[[-80.105107049258564,26.838283615211544],[-80.105103508745259,26.838337767102153],[-80.105097588886593,26.838428302712632]]},"properties":{"OBJECTID_1":954,"Sys_Reli":"Reliable","SHS":0,"NHS":1,"LOCAL_NAME":"SR809/MILITARY TRAIL","T_Max":2.2767534,"Shape_Length":16.054214755342382}},{"type":"Feature","id":955,"geometry":{"type":"LineString","coordinates":[[-80.056496519739014,26.640677287579361],[-80.056447310320877,26.642064648376419]]},"properties":{"OBJECTID_1":955,"Sys_Reli":"Reliable","SHS":1,"NHS":0,"LOCAL_NAME":"SR-805/DIXIE HWY","T_Max":1.324694211,"Shape_Length":153.74996358413526}},{"type":"Feature","id":956,"geometry":{"type":"LineString","coordinates":[[-80.063396473169249,26.431963524010914],[-80.063190157316285,26.434324373606742],[-80.06290946810563,26.436712852113132],[-80.062746307868807,26.438054776891253],[-80.06262061644675,26.438901759368196]]},"properties":{"OBJECTID_1":956,"Sys_Reli":"Reliable","SHS":1,"NHS":0,"LOCAL_NAME":"OCEAN BLVD","T_Max":1.473617307,"Shape_Length":772.50091824074241}},{"type":"Feature","id":957,"geometry":{"type":"LineString","coordinates":[[-80.048907169273377,26.834972062805388],[-80.048885945445008,26.835536875594077]]},"properties":{"OBJECTID_1":957,"Sys_Reli":"Reliable","SHS":1,"NHS":0,"LOCAL_NAME":"N OCEAN BLVD","T_Max":1.1266678590000001,"Shape_Length":62.599189014982258}},{"type":"Feature","id":958,"geometry":{"type":"LineString","coordinates":[[-80.076496235220191,26.394700385447965],[-80.076494827214987,26.394908331472006],[-80.076475874820062,26.395170481525621],[-80.07643125136741,26.395523752754634],[-80.076360221432395,26.39597283165428],[-80.076278169101315,26.396450998249083],[-80.076214095305602,26.39687340161862],[-80.076177801145491,26.397196346839156],[-80.07614747777609,26.397616527579636],[-80.076135403483207,26.397946924272453],[-80.076133895553667,26.398305328318813],[-80.076151707504678,26.399796216199007],[-80.07617789237527,26.401760990920344],[-80.076171297232079,26.402588276148215],[-80.076173834231739,26.40294921153674],[-80.076160484072602,26.40987931050077],[-80.076151901354294,26.410278976063861],[-80.076130687697074,26.410570437651934],[-80.076100185239966,26.410842395166402],[-80.076051710498803,26.411168904021782],[-80.075821344276051,26.412309489488095],[-80.075258355621784,26.415060179248353],[-80.075161583139916,26.415521246620724],[-80.074733182522621,26.417610486739999],[-80.074713995317595,26.417702740731098]]},"properties":{"OBJECTID_1":958,"Sys_Reli":"Reliable","SHS":1,"NHS":0,"LOCAL_NAME":"FEDERAL HWY","T_Max":1.2486831709999999,"Shape_Length":2562.7352556563233}},{"type":"Feature","id":959,"geometry":{"type":"LineString","coordinates":[[-80.107491387138168,26.779757032200404],[-80.107354299493323,26.779665032209735],[-80.106196122362675,26.778889820235829],[-80.105054295737162,26.778124949315039]]},"properties":{"OBJECTID_1":959,"Sys_Reli":"Reliable","SHS":1,"NHS":1,"LOCAL_NAME":"BEELINE HWY","T_Max":1.331338339,"Shape_Length":302.30192744112833}},{"type":"Feature","id":960,"geometry":{"type":"LineString","coordinates":[[-80.073223571323751,26.338026855578789],[-80.073172004399794,26.338285797906494],[-80.073130513536341,26.338442369182832],[-80.073075062811697,26.338581634197077],[-80.072988503481838,26.338711628615037],[-80.072898020254556,26.338828007569468],[-80.072785527888513,26.338928822116497],[-80.072178671540044,26.339447113361913],[-80.072094280583414,26.339557179514159],[-80.072044083005579,26.339669278189923],[-80.072018998198487,26.339786070073202],[-80.071978340119642,26.340308045494133]]},"properties":{"OBJECTID_1":960,"Sys_Reli":"Reliable","SHS":1,"NHS":0,"LOCAL_NAME":"OCEAN BLVD","T_Max":1.3446199679999999,"Shape_Length":294.50525059393186}},{"type":"Feature","id":961,"geometry":{"type":"LineString","coordinates":[[-80.052049404745418,26.590279719073244],[-80.052058357642039,26.590441198755254],[-80.052093243394268,26.590777738790454],[-80.05214081354957,26.591098561805296],[-80.052227581980603,26.591537012781508],[-80.052357314211392,26.591941894210983],[-80.052469211567171,26.592224779228388]]},"properties":{"OBJECTID_1":961,"Sys_Reli":"Reliable","SHS":1,"NHS":0,"LOCAL_NAME":"DIXIE HWY","T_Max":1.4944031419999999,"Shape_Length":220.45138966167463}},{"type":"Feature","id":962,"geometry":{"type":"LineString","coordinates":[[-80.728132555389166,26.678811318867393],[-80.727993810684424,26.678755695896864],[-80.727365117764279,26.678485129246784],[-80.726375948300458,26.678036972644698]]},"properties":{"OBJECTID_1":962,"Sys_Reli":"Reliable","SHS":1,"NHS":1,"LOCAL_NAME":"US-27","T_Max":1.286006164,"Shape_Length":194.70445119400063}},{"type":"Feature","id":963,"geometry":{"type":"LineString","coordinates":[[-80.14957230662128,26.678740923728274],[-80.149275704975295,26.678732940570189],[-80.148917834237238,26.678725111534906],[-80.14862059542223,26.678732163614526]]},"properties":{"OBJECTID_1":963,"Sys_Reli":"Reliable","SHS":1,"NHS":1,"LOCAL_NAME":"SOUTHERN BLVD","T_Max":1.327932213,"Shape_Length":94.733553078735483}},{"type":"Feature","id":964,"geometry":{"type":"LineString","coordinates":[[-80.052847051148547,26.735635297555326],[-80.052825476463596,26.736246211387549],[-80.052856228318518,26.736246954836592]]},"properties":{"OBJECTID_1":964,"Sys_Reli":"Reliable","SHS":1,"NHS":0,"LOCAL_NAME":"N DIXIE HWY","T_Max":1.635076923,"Shape_Length":70.76280482369603}},{"type":"Feature","id":965,"geometry":{"type":"LineString","coordinates":[[-80.03927974202017,26.579193872808997],[-80.039241178243742,26.579645411893072],[-80.039194264536448,26.580304164167064],[-80.039136932823922,26.582037613921763]]},"properties":{"OBJECTID_1":965,"Sys_Reli":"Reliable","SHS":1,"NHS":0,"LOCAL_NAME":"OCEAN BLVD","T_Max":1.1871002209999999,"Shape_Length":315.36900457604668}},{"type":"Feature","id":966,"geometry":{"type":"LineString","coordinates":[[-80.095156457253964,26.882976813253673],[-80.095149069880236,26.883146022487761],[-80.094896556213541,26.890322890801965],[-80.094727608888462,26.895148388170757],[-80.094695132531498,26.895823288329254],[-80.094669627079981,26.896363368356454],[-80.094631724515722,26.897554633904281],[-80.094629691039472,26.897628696069173]]},"properties":{"OBJECTID_1":966,"Sys_Reli":"Reliable","SHS":1,"NHS":0,"LOCAL_NAME":"SR-811/OLD DIXIE HWY","T_Max":1.2573446189999999,"Shape_Length":1623.8200323173817}},{"type":"Feature","id":967,"geometry":{"type":"LineString","coordinates":[[-80.053128116022123,26.726907296263164],[-80.053122756777015,26.727178562558297],[-80.053105645310779,26.728143919055185],[-80.053064431768362,26.728781909002301],[-80.052992208586303,26.730901027283448],[-80.052995537507172,26.731631893978136],[-80.052978986623629,26.732121353792749],[-80.052962832255403,26.732373742064532],[-80.052899592194308,26.733408569637223],[-80.052848691633571,26.735588862968214],[-80.052847051148547,26.735635297555326]]},"properties":{"OBJECTID_1":967,"Sys_Reli":"Reliable","SHS":1,"NHS":0,"LOCAL_NAME":"N DIXIE HWY","T_Max":1.4933985599999999,"Shape_Length":967.32240921155619}},{"type":"Feature","id":968,"geometry":{"type":"LineString","coordinates":[[-80.149273975593786,26.555814455646164],[-80.149114136411683,26.556069502477186],[-80.148134362316767,26.55737765750191],[-80.147895933892983,26.557720376942768],[-80.147754578916164,26.557931672799132],[-80.147598801348749,26.558202597080125],[-80.147444546383099,26.558504955063103],[-80.147318383939663,26.558788631157768],[-80.147209707604517,26.559070838100773],[-80.147091942715548,26.559400133122331],[-80.146985923890711,26.559793927893754],[-80.146918923586639,26.56011095256714],[-80.14687488498312,26.560395118035093],[-80.146750170392096,26.561426796751341],[-80.146686281195755,26.562031412667899],[-80.146626365169524,26.562807339189458],[-80.146460024715509,26.565210619198904],[-80.146105367452037,26.571093477805988],[-80.146019539968748,26.572298243875874],[-80.145999546473575,26.572548521382704],[-80.145992162782449,26.572653554807072]]},"properties":{"OBJECTID_1":968,"Sys_Reli":"Approaching Unreliability","SHS":0,"NHS":1,"LOCAL_NAME":"JOG RD","T_Max":1.6056858839999999,"Shape_Length":1928.2712200039416}},{"type":"Feature","id":969,"geometry":{"type":"LineString","coordinates":[[-80.711524297519517,26.610137895311695],[-80.711855484323607,26.624595626967857],[-80.712047583181402,26.633143859894439],[-80.712078529255336,26.634466324362783]]},"properties":{"OBJECTID_1":969,"Sys_Reli":"Reliable","SHS":1,"NHS":1,"LOCAL_NAME":"US-27","T_Max":1.2102040510000001,"Shape_Length":2695.0457456586528}},{"type":"Feature","id":970,"geometry":{"type":"LineString","coordinates":[[-80.666141226322409,26.728093067988567],[-80.6657965589215,26.728918537106633],[-80.665766029706731,26.728990533460795]]},"properties":{"OBJECTID_1":970,"Sys_Reli":"Reliable","SHS":1,"NHS":0,"LOCAL_NAME":"BELLE GLADE RD","T_Max":1.2108874460000001,"Shape_Length":106.17337519639895}},{"type":"Feature","id":971,"geometry":{"type":"LineString","coordinates":[[-80.121305413868072,26.393765299971712],[-80.121309545548542,26.393994751429275],[-80.121311988643072,26.394130359739833],[-80.121315081226413,26.394301609293645]]},"properties":{"OBJECTID_1":971,"Sys_Reli":"Reliable","SHS":0,"NHS":1,"LOCAL_NAME":"MILITARY TR","T_Max":1.6793199539999999,"Shape_Length":59.409582244077654}},{"type":"Feature","id":972,"geometry":{"type":"LineString","coordinates":[[-80.180692803135528,26.650794878334871],[-80.175788522953169,26.650840999980897],[-80.174789363616952,26.650840316642267],[-80.17262020944473,26.650865188862468],[-80.171520931304741,26.650886433905999]]},"properties":{"OBJECTID_1":972,"Sys_Reli":"Reliable","SHS":1,"NHS":1,"LOCAL_NAME":"FOREST HILL BLVD","T_Max":1.5089740469999999,"Shape_Length":912.92808459264484}},{"type":"Feature","id":973,"geometry":{"type":"LineString","coordinates":[[-80.072389477771168,26.676153980917608],[-80.071357128919658,26.676122788842338]]},"properties":{"OBJECTID_1":973,"Sys_Reli":"Reliable","SHS":1,"NHS":1,"LOCAL_NAME":"SOUTHERN BLVD","T_Max":1.5565348489999999,"Shape_Length":102.78537362406985}},{"type":"Feature","id":974,"geometry":{"type":"LineString","coordinates":[[-80.136701224915939,26.71544408108149],[-80.136372776597184,26.716472567666859],[-80.135962295337151,26.718327641767157],[-80.135788973239201,26.719396447963945],[-80.135694644628472,26.720404791867971],[-80.134975666432268,26.736504124058499],[-80.134218865531807,26.753443840075651]]},"properties":{"OBJECTID_1":974,"Sys_Reli":"Approaching Unreliability","SHS":1,"NHS":1,"LOCAL_NAME":"TURNPIKE MAINLINE","T_Max":2.2532465429999999,"Shape_Length":4222.2434704283005}},{"type":"Feature","id":975,"geometry":{"type":"LineString","coordinates":[[-80.133797672523329,26.934462600258207],[-80.132221977711936,26.934495653574853],[-80.130633114972483,26.934525358950953],[-80.130166088614459,26.934525864626078],[-80.129778452622162,26.934515579612246],[-80.129291544529536,26.934483242995508],[-80.128740668367087,26.934420038257421],[-80.127689319002641,26.934286049738642],[-80.127266675544291,26.934245079863533],[-80.126818786779779,26.93421297605952],[-80.126636069159559,26.93420755247746]]},"properties":{"OBJECTID_1":975,"Sys_Reli":"Approaching Unreliability","SHS":1,"NHS":1,"LOCAL_NAME":"INDIANTOWN RD","T_Max":2.703367648,"Shape_Length":713.1362295542807}},{"type":"Feature","id":976,"geometry":{"type":"LineString","coordinates":[[-80.038602639868188,26.612533651347313],[-80.038638833675321,26.612834028966294],[-80.038635728667472,26.613655582625068],[-80.038671027409578,26.614314887709853],[-80.038682473318715,26.615058743393657]]},"properties":{"OBJECTID_1":976,"Sys_Reli":"Reliable","SHS":1,"NHS":0,"LOCAL_NAME":"OCEAN BLVD","T_Max":1.17757457,"Shape_Length":279.98105443918661}},{"type":"Feature","id":977,"geometry":{"type":"LineString","coordinates":[[-80.15567674939561,26.939191123845976],[-80.156317655538118,26.940673412267508],[-80.156753411066688,26.941592368462349],[-80.156872472949871,26.941826061611586]]},"properties":{"OBJECTID_1":977,"Sys_Reli":"Reliable","SHS":1,"NHS":1,"LOCAL_NAME":"TURNPIKE MAINLINE","T_Max":1.250125631,"Shape_Length":315.14571602444261}},{"type":"Feature","id":978,"geometry":{"type":"LineString","coordinates":[[-80.105397570396946,26.617981288136988],[-80.103825970201598,26.617923786224242],[-80.103334629548129,26.617910955789451],[-80.102706571154187,26.617912589854587],[-80.101957202282634,26.617907862318898],[-80.101624036080523,26.617898853876774],[-80.100753580549124,26.617865748223853],[-80.09968047651347,26.617825837669475],[-80.099310293801167,26.617812807549235]]},"properties":{"OBJECTID_1":978,"Sys_Reli":"Reliable","SHS":1,"NHS":1,"LOCAL_NAME":"LAKE WORTH RD","T_Max":1.489888579,"Shape_Length":606.40245001449898}},{"type":"Feature","id":979,"geometry":{"type":"LineString","coordinates":[[-80.051797390646342,26.705427612684304],[-80.050281816631028,26.705402402057921],[-80.049367707318083,26.705400795136544],[-80.04912387784178,26.705408194638384],[-80.049043064936086,26.705493422279478]]},"properties":{"OBJECTID_1":979,"Sys_Reli":"Approaching Unreliability","SHS":1,"NHS":0,"LOCAL_NAME":"OKEECHOBEE BLVD","T_Max":2.2209319129999998,"Shape_Length":278.40976124750608}},{"type":"Feature","id":980,"geometry":{"type":"LineString","coordinates":[[-80.187445161606377,26.453673497316881],[-80.187427375075657,26.45367342595754],[-80.186653026702075,26.453667456219449]]},"properties":{"OBJECTID_1":980,"Sys_Reli":"Reliable","SHS":1,"NHS":0,"LOCAL_NAME":"ATLANTIC AVE","T_Max":1.6842267040000001,"Shape_Length":78.9772973505724}},{"type":"Feature","id":981,"geometry":{"type":"LineString","coordinates":[[-80.063441673714493,26.844245891995921],[-80.063006228732974,26.844206000905164],[-80.062505889341111,26.844167833347317]]},"properties":{"OBJECTID_1":981,"Sys_Reli":"Reliable","SHS":1,"NHS":1,"LOCAL_NAME":"PGA BLVD","T_Max":1.6920452500000001,"Shape_Length":93.386067750335371}},{"type":"Feature","id":982,"geometry":{"type":"LineString","coordinates":[[-80.069573129873305,26.656159262592897],[-80.07027504217875,26.659481497126599],[-80.070559216315829,26.661149081801746],[-80.070570647687788,26.661253217810824]]},"properties":{"OBJECTID_1":982,"Sys_Reli":"Reliable","SHS":1,"NHS":1,"LOCAL_NAME":"I-95","T_Max":1.6920047469999999,"Shape_Length":573.01541115561622}},{"type":"Feature","id":983,"geometry":{"type":"LineString","coordinates":[[-80.686948968781834,26.663765947206617],[-80.686949351047517,26.663848289304905],[-80.686953602942197,26.66475377704419]]},"properties":{"OBJECTID_1":983,"Sys_Reli":"Reliable","SHS":1,"NHS":0,"LOCAL_NAME":"SW 16 ST","T_Max":1.345148888,"Shape_Length":109.40833140668005}},{"type":"Feature","id":984,"geometry":{"type":"LineString","coordinates":[[-80.056370668289546,26.881584946473883],[-80.056375667043795,26.881601783706362],[-80.056886539144926,26.883308254178118],[-80.057837431270045,26.886519364097669],[-80.058377046255501,26.88833936906591],[-80.059370484280834,26.89167150761924],[-80.059883728922998,26.893248776277627],[-80.060142187407394,26.893943788561433]]},"properties":{"OBJECTID_1":984,"Sys_Reli":"Reliable","SHS":1,"NHS":1,"LOCAL_NAME":"US-1/SR5/FEDERAL HWY","T_Max":1.2091486680000001,"Shape_Length":1419.4810305699375}},{"type":"Feature","id":985,"geometry":{"type":"LineString","coordinates":[[-80.070570647687788,26.661253217810824],[-80.070834685712967,26.66365849246375],[-80.070850306448037,26.665529705430568],[-80.07082959808497,26.665983923223418],[-80.070753595285979,26.667621387610943],[-80.070658591760377,26.668573247873425],[-80.070396804173143,26.670341080776112],[-80.069928660660324,26.672615405362901],[-80.069691850142121,26.673701765475506],[-80.069568925868467,26.674685041927898],[-80.069541713965307,26.675045471840555]]},"properties":{"OBJECTID_1":985,"Sys_Reli":"Reliable","SHS":1,"NHS":1,"LOCAL_NAME":"I-95","T_Max":1.8119577149999999,"Shape_Length":1538.6890398896592}},{"type":"Feature","id":986,"geometry":{"type":"LineString","coordinates":[[-80.610445492018144,26.848445858009029],[-80.614768083398758,26.851511709230675],[-80.618496993793912,26.854139588727186]]},"properties":{"OBJECTID_1":986,"Sys_Reli":"Reliable","SHS":1,"NHS":0,"LOCAL_NAME":"CONNERS HWY","T_Max":1.245174437,"Shape_Length":1018.5913315682337}},{"type":"Feature","id":987,"geometry":{"type":"LineString","coordinates":[[-80.089020165233634,26.617411904120619],[-80.089027035553727,26.617470981180851]]},"properties":{"OBJECTID_1":987,"Sys_Reli":"Reliable","SHS":1,"NHS":1,"LOCAL_NAME":"CONGRESS AVE","T_Max":1.5058462640000001,"Shape_Length":6.5792907152348237}},{"type":"Feature","id":988,"geometry":{"type":"LineString","coordinates":[[-80.058958290212075,26.850850172925853],[-80.057341296736269,26.855642335508577],[-80.056597264600924,26.857856746633651],[-80.056396617087145,26.85847886293277],[-80.056256036681972,26.858949481144126],[-80.056132399006017,26.859386600862425]]},"properties":{"OBJECTID_1":988,"Sys_Reli":"Reliable","SHS":1,"NHS":1,"LOCAL_NAME":"US-1/SR5/FEDERAL HWY","T_Max":1.4049922909999999,"Shape_Length":986.44382503824659}},{"type":"Feature","id":989,"geometry":{"type":"LineString","coordinates":[[-80.112637204243626,26.350664536284878],[-80.111683986191338,26.350664283730083],[-80.11019729805821,26.350658361412961],[-80.109946303669133,26.350660631390419],[-80.109073596097815,26.350654523436834]]},"properties":{"OBJECTID_1":989,"Sys_Reli":"Approaching Unreliability","SHS":0,"NHS":1,"LOCAL_NAME":"PALMETTO PARK RD","T_Max":1.671302515,"Shape_Length":355.61203666122145}},{"type":"Feature","id":990,"geometry":{"type":"LineString","coordinates":[[-80.122733136136034,26.546621224218757],[-80.12273979870551,26.548499301914191],[-80.122727753927208,26.548759636782904],[-80.122703455755627,26.549047032363859],[-80.122673430975382,26.549292798238248],[-80.122635820685247,26.549478829789699],[-80.122587909146816,26.549697359295166],[-80.122517790871143,26.549928400113988],[-80.122423096614583,26.550217174158327],[-80.122292057325026,26.550525610519497],[-80.12217770969437,26.550754575721452],[-80.121912903365455,26.551201430117125],[-80.121693373314613,26.551511131692774],[-80.121518855177428,26.551719840115833],[-80.121299833154254,26.551962627441934],[-80.121040556831787,26.55221058595405],[-80.120200283396045,26.552968564656648],[-80.119300144932026,26.553778054146893],[-80.119220568935745,26.553847991093011],[-80.116048190164875,26.556705743845804],[-80.115825617185507,26.556935575855501],[-80.115639506769753,26.557140089440779],[-80.115472352743055,26.557341892712742],[-80.115276195173422,26.557621524712207],[-80.115108550765896,26.557887143386584],[-80.114986966795144,26.558110501097786],[-80.114887561956877,26.558319813585534],[-80.114759152436363,26.558609796068325],[-80.114659071269216,26.558908460193315],[-80.11457313123131,26.55921431121833],[-80.114519186251044,26.559460786423386],[-80.114459479005376,26.559840549712145],[-80.114059456965336,26.563864995851095],[-80.113550872487266,26.56907882084921],[-80.11342257062725,26.57037872635027],[-80.113350795470481,26.571095999368762],[-80.113306218216906,26.571900922213619],[-80.113300980223784,26.572045779683766],[-80.113296656775077,26.572530494073732]]},"properties":{"OBJECTID_1":990,"Sys_Reli":"Approaching Unreliability","SHS":0,"NHS":1,"LOCAL_NAME":"MILITARY TR","T_Max":1.4033143859999999,"Shape_Length":3166.8459107793215}},{"type":"Feature","id":991,"geometry":{"type":"LineString","coordinates":[[-80.693162178978127,26.793918050290433],[-80.693592760659882,26.794656949022979],[-80.693842360057573,26.795138271378271],[-80.694036694557937,26.795594651065912],[-80.694175545515293,26.796107335117505],[-80.694246012998079,26.79656118070826],[-80.694289268761636,26.797078170751725],[-80.694266173258924,26.797484413186609],[-80.69422167060462,26.797901907983636],[-80.694148182045851,26.798320322470911]]},"properties":{"OBJECTID_1":991,"Sys_Reli":"Reliable","SHS":1,"NHS":0,"LOCAL_NAME":"BACOM POINT RD","T_Max":1.1612046060000001,"Shape_Length":510.29555146711772}},{"type":"Feature","id":992,"geometry":{"type":"LineString","coordinates":[[-80.086148101414679,26.340966573954589],[-80.086149584120605,26.341042008533332],[-80.086212622836243,26.344246466629695],[-80.086230970327179,26.344646077753449],[-80.086248563472779,26.345011355921766],[-80.0862571510403,26.345163073436606],[-80.086263549709088,26.34525781384918]]},"properties":{"OBJECTID_1":992,"Sys_Reli":"Reliable","SHS":1,"NHS":1,"LOCAL_NAME":"FEDERAL HWY","T_Max":1.6336273619999999,"Shape_Length":475.47338745200324}},{"type":"Feature","id":993,"geometry":{"type":"LineString","coordinates":[[-80.203993788815623,26.416172317925302],[-80.204037131519542,26.418299419197886],[-80.204045568980419,26.419223371128449]]},"properties":{"OBJECTID_1":993,"Sys_Reli":"Reliable","SHS":1,"NHS":1,"LOCAL_NAME":"SR-7/US-441","T_Max":1.590847466,"Shape_Length":337.97388464135594}},{"type":"Feature","id":994,"geometry":{"type":"LineString","coordinates":[[-80.107046160652132,26.786924478650953],[-80.106994091389751,26.788200707857008],[-80.106912849879592,26.790128348442288],[-80.106733034509332,26.79438498638017],[-80.10672732699372,26.794575269396638]]},"properties":{"OBJECTID_1":994,"Sys_Reli":"Reliable","SHS":1,"NHS":1,"LOCAL_NAME":"SR809/MILITARY TRAIL","T_Max":1.9188940290000001,"Shape_Length":848.04658087407734}},{"type":"Feature","id":995,"geometry":{"type":"LineString","coordinates":[[-80.081704349356386,26.817543876240801],[-80.083341361779262,26.819298987027075],[-80.089507390989908,26.826145318854408],[-80.08977911868422,26.826457360506325],[-80.090053741408994,26.826827661684987],[-80.090274948077237,26.827160464533527],[-80.0904890833786,26.827536404977483],[-80.09067756230705,26.827903137643204],[-80.090827032989921,26.828247534790542],[-80.090971614968268,26.82864411369723],[-80.091139382765505,26.829221597311776],[-80.091488898810425,26.830506647080881]]},"properties":{"OBJECTID_1":995,"Sys_Reli":"Reliable","SHS":1,"NHS":0,"LOCAL_NAME":"SR-811/OLD DIXIE HWY","T_Max":1.357121899,"Shape_Length":1755.8152732244948}},{"type":"Feature","id":996,"geometry":{"type":"LineString","coordinates":[[-80.153776702538551,26.651059830165632],[-80.151645629721415,26.651080270604226]]},"properties":{"OBJECTID_1":996,"Sys_Reli":"Reliable","SHS":1,"NHS":1,"LOCAL_NAME":"FOREST HILL BLVD","T_Max":2.15397236,"Shape_Length":212.11416885876127}},{"type":"Feature","id":997,"geometry":{"type":"LineString","coordinates":[[-80.653718851106504,26.812381125875977],[-80.653517037333486,26.812758233690154],[-80.653233130350486,26.813301253498032],[-80.652997366184437,26.813731042157048],[-80.650758656765319,26.817754595168378],[-80.650060587363726,26.818939587070442],[-80.649128635763347,26.820494403533345],[-80.648549275419128,26.821498757672927],[-80.646279807550513,26.825490518369612],[-80.645860294215055,26.82629754638937],[-80.645669812414866,26.826747068815141]]},"properties":{"OBJECTID_1":997,"Sys_Reli":"Reliable","SHS":1,"NHS":0,"LOCAL_NAME":"STATE MARKET RD","T_Max":1.328829614,"Shape_Length":1781.3597524715951}},{"type":"Feature","id":998,"geometry":{"type":"LineString","coordinates":[[-80.395421882722815,26.691751523634316],[-80.39448344598469,26.691038185330203],[-80.392806812248352,26.689793668898744],[-80.3919286163556,26.689234234321361],[-80.391089701010856,26.688729881603354],[-80.390340144889166,26.688329288806944],[-80.389411079702398,26.687869766635824],[-80.388578673290354,26.687497887087819],[-80.387623603755301,26.687117179179445]]},"properties":{"OBJECTID_1":998,"Sys_Reli":"Reliable","SHS":1,"NHS":1,"LOCAL_NAME":"SR-80","T_Max":1.2312609299999999,"Shape_Length":934.99628257839436}},{"type":"Feature","id":999,"geometry":{"type":"LineString","coordinates":[[-80.658883866579458,26.491421183725066],[-80.661394113361808,26.494655741755356],[-80.663676307352929,26.497594148130158]]},"properties":{"OBJECTID_1":999,"Sys_Reli":"Reliable","SHS":1,"NHS":1,"LOCAL_NAME":"US-27","T_Max":1.147441369,"Shape_Length":833.97151783109064}},{"type":"Feature","id":1000,"geometry":{"type":"LineString","coordinates":[[-80.067301296200043,26.386410377936201],[-80.066915125792548,26.391046821288736]]},"properties":{"OBJECTID_1":1000,"Sys_Reli":"Reliable","SHS":1,"NHS":0,"LOCAL_NAME":"OCEAN BLVD","T_Max":1.473617307,"Shape_Length":514.98232526309346}},{"type":"Feature","id":1001,"geometry":{"type":"LineString","coordinates":[[-80.089829100885268,26.486702904005238],[-80.089862914126897,26.491848393828178],[-80.08989047138752,26.497173427891397],[-80.089900741498468,26.49831974568513],[-80.08991522195619,26.499177785308447],[-80.089973275736426,26.502402783838249]]},"properties":{"OBJECTID_1":1001,"Sys_Reli":"Reliable","SHS":0,"NHS":1,"LOCAL_NAME":"CONGRESS AVE","T_Max":1.4204383279999999,"Shape_Length":1739.0370922660284}},{"type":"Feature","id":1002,"geometry":{"type":"LineString","coordinates":[[-80.146045709110879,26.392697734222761],[-80.14605348381258,26.392959339189414]]},"properties":{"OBJECTID_1":1002,"Sys_Reli":"Reliable","SHS":0,"NHS":1,"LOCAL_NAME":"JOG RD","T_Max":1.9020154840000001,"Shape_Length":28.985651389621164}},{"type":"Feature","id":1003,"geometry":{"type":"LineString","coordinates":[[-80.0434709323888,26.821784578059578],[-80.044114783069361,26.823393263865817]]},"properties":{"OBJECTID_1":1003,"Sys_Reli":"Reliable","SHS":1,"NHS":0,"LOCAL_NAME":"N OCEAN BLVD","T_Max":1.1266678590000001,"Shape_Length":189.33239299150904}},{"type":"Feature","id":1004,"geometry":{"type":"LineString","coordinates":[[-80.667837087982846,26.682257370816387],[-80.667800606552646,26.682419203645644],[-80.667774502207379,26.682597471679738],[-80.667765155585755,26.682775788834956],[-80.667762654238913,26.68575752004616],[-80.667760626214488,26.686481326500409],[-80.667760551420329,26.686568490466474]]},"properties":{"OBJECTID_1":1004,"Sys_Reli":"Reliable","SHS":1,"NHS":1,"LOCAL_NAME":"N/S MAIN ST","T_Max":1.4506411889999999,"Shape_Length":478.03743556432153}},{"type":"Feature","id":1005,"geometry":{"type":"LineString","coordinates":[[-80.037766184398251,26.666176038789079],[-80.037730744467382,26.666756075443516],[-80.037742602339776,26.666988628801406],[-80.037800056354527,26.667253099769237],[-80.037826318761418,26.667415783493912],[-80.037848506319762,26.667616807891488],[-80.037832699631778,26.669350124528869],[-80.037876208951687,26.669779262948953],[-80.037933293683508,26.670086610072001],[-80.038161677891381,26.670939068221216],[-80.038207972904218,26.671334370308692],[-80.038204338148304,26.671767701693398],[-80.038141625840524,26.673180195302837],[-80.03812619962126,26.673446418738369],[-80.038076384062961,26.673768840357543],[-80.037949756953267,26.674694784681257]]},"properties":{"OBJECTID_1":1005,"Sys_Reli":"Reliable","SHS":1,"NHS":0,"LOCAL_NAME":"OCEAN BLVD","T_Max":1.2371425579999999,"Shape_Length":949.45813182084237}},{"type":"Feature","id":1006,"geometry":{"type":"LineString","coordinates":[[-80.089467734993619,26.718899568278044],[-80.089281516591214,26.719109653654979],[-80.088877679615578,26.719586005334314],[-80.087931352769345,26.720669435023773]]},"properties":{"OBJECTID_1":1006,"Sys_Reli":"Reliable","SHS":0,"NHS":1,"LOCAL_NAME":"PALM BCH LAKES BLVD","T_Max":1.706980242,"Shape_Length":248.57705462481425}},{"type":"Feature","id":1007,"geometry":{"type":"LineString","coordinates":[[-80.198729107445502,26.8409218107691],[-80.198566687286871,26.840925958188233],[-80.197933243362812,26.840942132482095],[-80.166698257982418,26.84004525328379],[-80.165462996286792,26.840012312717317]]},"properties":{"OBJECTID_1":1007,"Sys_Reli":"Reliable","SHS":1,"NHS":0,"LOCAL_NAME":"PGA BLVD","T_Max":1.167914452,"Shape_Length":3307.0930402473705}},{"type":"Feature","id":1008,"geometry":{"type":"LineString","coordinates":[[-80.039136932823922,26.582037613921763],[-80.039126273657359,26.582359913186444],[-80.039094805372386,26.583606879462202]]},"properties":{"OBJECTID_1":1008,"Sys_Reli":"Reliable","SHS":1,"NHS":0,"LOCAL_NAME":"OCEAN BLVD","T_Max":1.1871002209999999,"Shape_Length":173.87133664859311}},{"type":"Feature","id":1009,"geometry":{"type":"LineString","coordinates":[[-80.065503587427287,26.616641324473093],[-80.065365696579391,26.616633361187557],[-80.065194302465244,26.616680974701147],[-80.065193968401204,26.616644860871649],[-80.065190588411895,26.616597439772082],[-80.065185390543618,26.616540982881258],[-80.065174594811779,26.616479968707161],[-80.065152180637966,26.616457245106979],[-80.065123465581621,26.616436746217328],[-80.06508659591492,26.616416191025817]]},"properties":{"OBJECTID_1":1009,"Sys_Reli":"Reliable","SHS":1,"NHS":0,"LOCAL_NAME":"LAKE WORTH RD","T_Max":1.8425407069999999,"Shape_Length":65.332940836620722}},{"type":"Feature","id":1010,"geometry":{"type":"LineString","coordinates":[[-80.145179815219919,26.663586296004844],[-80.145178499069033,26.663666225721091]]},"properties":{"OBJECTID_1":1010,"Sys_Reli":"Reliable","SHS":0,"NHS":1,"LOCAL_NAME":"JOG RD","T_Max":1.9299947740000001,"Shape_Length":8.8542903100724466}},{"type":"Feature","id":1011,"geometry":{"type":"LineString","coordinates":[[-80.714038593961121,26.66038280048895],[-80.715008811882157,26.662225204595568],[-80.715989918950541,26.664086718894033],[-80.716018700130206,26.664140760550247]]},"properties":{"OBJECTID_1":1011,"Sys_Reli":"Reliable","SHS":1,"NHS":1,"LOCAL_NAME":"US-27","T_Max":1.3615460100000001,"Shape_Length":460.49844310283015}},{"type":"Feature","id":1012,"geometry":{"type":"LineString","coordinates":[[-80.120727810510189,26.651785901781196],[-80.120601991422632,26.651782061878102],[-80.118603795034105,26.651732937838052],[-80.117707200189798,26.651714488148851],[-80.1141698848907,26.651623836173588],[-80.112802388270836,26.651584234187172]]},"properties":{"OBJECTID_1":1012,"Sys_Reli":"Reliable","SHS":1,"NHS":1,"LOCAL_NAME":"FOREST HILL BLVD","T_Max":2.1220087300000001,"Shape_Length":789.12453276963367}},{"type":"Feature","id":1013,"geometry":{"type":"LineString","coordinates":[[-80.301561398759659,26.683231538091931],[-80.299180312428987,26.683154905882326],[-80.298269816525803,26.683130938259229],[-80.296507024528609,26.683080512859675],[-80.29226744120183,26.682959285135368],[-80.291225020085008,26.682927153713496],[-80.291128656220366,26.682927265064226],[-80.289875010959989,26.682882725841608],[-80.284136563058937,26.682716965714913]]},"properties":{"OBJECTID_1":1013,"Sys_Reli":"Reliable","SHS":1,"NHS":1,"LOCAL_NAME":"SOUTHERN BLVD","T_Max":1.369303121,"Shape_Length":1734.6830710595536}},{"type":"Feature","id":1014,"geometry":{"type":"LineString","coordinates":[[-80.136186239827637,26.652276017252905],[-80.13409104804937,26.652210234854561],[-80.128529731496997,26.652047679925236],[-80.128194978321176,26.652035022339845],[-80.127805736525389,26.652011426657975],[-80.127020883380013,26.651987865472087]]},"properties":{"OBJECTID_1":1014,"Sys_Reli":"Reliable","SHS":1,"NHS":1,"LOCAL_NAME":"FOREST HILL BLVD","T_Max":1.4402998490000001,"Shape_Length":912.78920192491375}},{"type":"Feature","id":1015,"geometry":{"type":"LineString","coordinates":[[-80.055120843815544,26.771660061716226],[-80.055113480903387,26.771755753467065],[-80.055103477066169,26.772053619392945],[-80.055048339806447,26.773549667737164],[-80.055040363196824,26.773906225557557],[-80.054869574584771,26.781803813660286],[-80.054846214584359,26.783415529928334],[-80.054775620229378,26.7853025009242],[-80.054730000861511,26.786180186188915],[-80.054619619268493,26.787741315588821],[-80.054527144775008,26.788900359050057],[-80.054298799586746,26.791023164063674],[-80.054239457146892,26.791810471854035],[-80.054236779247844,26.792298932459627]]},"properties":{"OBJECTID_1":1015,"Sys_Reli":"Reliable","SHS":1,"NHS":0,"LOCAL_NAME":"BROADWAY AVE","T_Max":1.5572145690000001,"Shape_Length":2288.6353364838383}},{"type":"Feature","id":1016,"geometry":{"type":"LineString","coordinates":[[-80.089255029390287,26.434869300399502],[-80.089112097159258,26.435940945527125],[-80.089020649642222,26.436809367334217],[-80.088949952135721,26.43766889620634],[-80.088896337652855,26.439146989483557],[-80.088894041494314,26.439411631547973],[-80.088890964290371,26.439765367507754]]},"properties":{"OBJECTID_1":1016,"Sys_Reli":"Approaching Unreliability","SHS":1,"NHS":1,"LOCAL_NAME":"I-95","T_Max":2.4358402890000002,"Shape_Length":543.93061953522499}},{"type":"Feature","id":1017,"geometry":{"type":"LineString","coordinates":[[-80.636016180582416,26.855610513831412],[-80.633129888369183,26.859375931901987],[-80.631415105332479,26.861609108792134],[-80.631108221808248,26.862017739221876]]},"properties":{"OBJECTID_1":1017,"Sys_Reli":"Reliable","SHS":1,"NHS":0,"LOCAL_NAME":"E MAIN ST","T_Max":1.248430237,"Shape_Length":861.00538948811254}},{"type":"Feature","id":1018,"geometry":{"type":"LineString","coordinates":[[-80.665591717747688,26.817338386161403],[-80.665612012349214,26.820238553302271],[-80.665620048300795,26.821386971125616],[-80.665616899371926,26.821523488045461]]},"properties":{"OBJECTID_1":1018,"Sys_Reli":"Reliable","SHS":1,"NHS":0,"LOCAL_NAME":"S LAKE AVE","T_Max":1.1806058269999999,"Shape_Length":463.54507194876595}},{"type":"Feature","id":1019,"geometry":{"type":"LineString","coordinates":[[-80.084207055396874,26.461574929054198],[-80.083893442244531,26.461575094904202],[-80.080741759167935,26.461551293900769],[-80.078707304858057,26.461558373107806],[-80.075240000717045,26.461573972327479],[-80.074237301178954,26.461575790074846],[-80.074021937586551,26.461575743937779]]},"properties":{"OBJECTID_1":1019,"Sys_Reli":"Approaching Unreliability","SHS":1,"NHS":0,"LOCAL_NAME":"ATLANTIC AVE","T_Max":1.7924297840000001,"Shape_Length":1015.4093896496519}},{"type":"Feature","id":1020,"geometry":{"type":"LineString","coordinates":[[-80.12614256595613,26.362257730247357],[-80.126000839279399,26.362348222100351],[-80.125632731816424,26.362591619066567],[-80.125396233302894,26.36273981325645]]},"properties":{"OBJECTID_1":1020,"Sys_Reli":"Reliable","SHS":0,"NHS":1,"LOCAL_NAME":"MILITARY TR","T_Max":1.5352908160000001,"Shape_Length":91.638281011502897}},{"type":"Feature","id":1021,"geometry":{"type":"LineString","coordinates":[[-80.101303284515964,26.840162215136573],[-80.101031226744581,26.840451746711555]]},"properties":{"OBJECTID_1":1021,"Sys_Reli":"Approaching Unreliability","SHS":1,"NHS":1,"LOCAL_NAME":"PGA BLVD","T_Max":2.1337481249999999,"Shape_Length":41.944145192115045}},{"type":"Feature","id":1022,"geometry":{"type":"LineString","coordinates":[[-80.121733999446249,26.414383541469256],[-80.121809334446937,26.419768374589371],[-80.121877372963255,26.424357615635028],[-80.122029512850858,26.432247436124804]]},"properties":{"OBJECTID_1":1022,"Sys_Reli":"Reliable","SHS":0,"NHS":1,"LOCAL_NAME":"MILITARY TR","T_Max":1.4490272420000001,"Shape_Length":1978.841522316254}},{"type":"Feature","id":1023,"geometry":{"type":"LineString","coordinates":[[-80.146922608573874,26.701544642221187],[-80.145491664647892,26.703019078815654],[-80.141981387684339,26.706649883416432],[-80.141344395219008,26.70736678527355]]},"properties":{"OBJECTID_1":1023,"Sys_Reli":"Approaching Unreliability","SHS":1,"NHS":1,"LOCAL_NAME":"TURNPIKE MAINLINE","T_Max":2.797201619,"Shape_Length":850.86092580188472}},{"type":"Feature","id":1024,"geometry":{"type":"LineString","coordinates":[[-80.126636069159559,26.93420755247746],[-80.126393523234754,26.934200350811082],[-80.125669160739378,26.934205590473397],[-80.125080419464112,26.934201776213573],[-80.124880312187187,26.934200470377846],[-80.123001763452891,26.934161240800737],[-80.120807380173858,26.93412395864771],[-80.117563210586852,26.934055044992846],[-80.115734987005453,26.934001900031941],[-80.113486287077933,26.933969718671641],[-80.112824107390963,26.933957218829939],[-80.111695194504847,26.933929262118092],[-80.110553799393557,26.933910951733033],[-80.10997200695526,26.933898620167994],[-80.108736127893593,26.933898096451884],[-80.107385233525335,26.933895114586438],[-80.10635683448055,26.933905293105656],[-80.101838421856641,26.9339749912629],[-80.101700333490513,26.933977986210362],[-80.101233513400416,26.933985158537567]]},"properties":{"OBJECTID_1":1024,"Sys_Reli":"Reliable","SHS":1,"NHS":1,"LOCAL_NAME":"INDIANTOWN RD","T_Max":2.0941463279999999,"Shape_Length":2522.5269168997438}},{"type":"Feature","id":1025,"geometry":{"type":"LineString","coordinates":[[-80.151422471164082,26.929518025375046],[-80.153359325890477,26.933925248002325],[-80.153550570734467,26.934355315542419],[-80.153676055844727,26.934637492855394]]},"properties":{"OBJECTID_1":1025,"Sys_Reli":"Reliable","SHS":1,"NHS":1,"LOCAL_NAME":"TURNPIKE MAINLINE","T_Max":1.331910417,"Shape_Length":609.61693452669874}},{"type":"Feature","id":1026,"geometry":{"type":"LineString","coordinates":[[-80.181418676173976,26.527815705714637],[-80.179139333375886,26.527838651799978],[-80.178658274921276,26.527848243837553],[-80.178216398101924,26.52787042928399],[-80.177010421229184,26.527950002916899],[-80.176433087408512,26.527971392864952],[-80.175714485155837,26.527981377878532],[-80.174807980905697,26.52798898636545],[-80.174222760798742,26.527992127221481],[-80.17270125976637,26.528006272567271]]},"properties":{"OBJECTID_1":1026,"Sys_Reli":"Reliable","SHS":1,"NHS":1,"LOCAL_NAME":"BOYNTON BCH BLVD","T_Max":1.4855363720000001,"Shape_Length":869.04222320846361}},{"type":"Feature","id":1027,"geometry":{"type":"LineString","coordinates":[[-80.527973622235166,26.785873264644362],[-80.534069535385854,26.790486626808175],[-80.547775264427344,26.800890365252521],[-80.549919924248925,26.802513152769389]]},"properties":{"OBJECTID_1":1027,"Sys_Reli":"Reliable","SHS":1,"NHS":0,"LOCAL_NAME":"OLD CONNERS HWY","T_Max":1.2273047260000001,"Shape_Length":2855.7434345800762}},{"type":"Feature","id":1028,"geometry":{"type":"LineString","coordinates":[[-80.122794320353023,26.528537678120731],[-80.122787145557268,26.529537903983115],[-80.122777736206999,26.531924845614355],[-80.122773956278223,26.533936880814277]]},"properties":{"OBJECTID_1":1028,"Sys_Reli":"Reliable","SHS":0,"NHS":1,"LOCAL_NAME":"MILITARY TR","T_Max":2.120487405,"Shape_Length":598.03249731050073}},{"type":"Feature","id":1029,"geometry":{"type":"LineString","coordinates":[[-80.146526924826091,26.80588242568124],[-80.145372448007464,26.805115126127919],[-80.137230634470669,26.799658170589456],[-80.137081403206338,26.799558144705788],[-80.135874364295177,26.798752467166278],[-80.134859703484636,26.798064513194749],[-80.13420574848999,26.797587861874923],[-80.13377256106908,26.797254354831605],[-80.1332173075116,26.796812674187375],[-80.132744449201397,26.796450281865031],[-80.132372933301752,26.796193058638167],[-80.131177269925743,26.795387946079412],[-80.130624521826334,26.795037934550788],[-80.130044663961101,26.794686330621897],[-80.129491635643191,26.794374993610855],[-80.128905245705795,26.794043396665202],[-80.128439760249464,26.793762668026108],[-80.127901376785317,26.793415608170108],[-80.12150774379657,26.789138948804862]]},"properties":{"OBJECTID_1":1029,"Sys_Reli":"Reliable","SHS":1,"NHS":1,"LOCAL_NAME":"BEELINE HWY","T_Max":1.360405283,"Shape_Length":3103.5421428190571}},{"type":"Feature","id":1030,"geometry":{"type":"LineString","coordinates":[[-80.067531309944741,26.693322686487122],[-80.06791610258351,26.69395017691199],[-80.068482991053401,26.694823568757926],[-80.069125852968327,26.695853594127279],[-80.069504776267166,26.696490871858355],[-80.071213206993349,26.699449198851131],[-80.071241161398063,26.699497592684803],[-80.07233896920107,26.70145581440114],[-80.072832289302497,26.702322883527387],[-80.073214876440275,26.702914709189599],[-80.073519126779473,26.703420784913021],[-80.074737174733826,26.705030248521648],[-80.075428126474549,26.705986101675922],[-80.076105523121328,26.706862948167529],[-80.07667592309393,26.707591905894997],[-80.07713762386723,26.708229896377524]]},"properties":{"OBJECTID_1":1030,"Sys_Reli":"Approaching Unreliability","SHS":1,"NHS":1,"LOCAL_NAME":"I-95","T_Max":2.1924014020000002,"Shape_Length":1910.5263852851922}},{"type":"Feature","id":1031,"geometry":{"type":"LineString","coordinates":[[-80.072400032609991,26.705851123354371],[-80.072353141602534,26.705849027503341],[-80.070194586661017,26.705749980392913],[-80.069167965828569,26.705727886384334]]},"properties":{"OBJECTID_1":1031,"Sys_Reli":"Approaching Unreliability","SHS":1,"NHS":1,"LOCAL_NAME":"OKEECHOBEE BLVD","T_Max":1.4969793950000001,"Shape_Length":321.84953329190154}},{"type":"Feature","id":1032,"geometry":{"type":"LineString","coordinates":[[-80.205658499873564,26.551304065498101],[-80.205723519560692,26.557378637973198],[-80.205751264070855,26.560660863307035],[-80.205805398395626,26.570385995665234],[-80.205806220943003,26.570520362354429],[-80.205812695615464,26.571439233726736],[-80.205830681753397,26.574696315983712]]},"properties":{"OBJECTID_1":1032,"Sys_Reli":"Reliable","SHS":1,"NHS":1,"LOCAL_NAME":"SR-7/US-441","T_Max":1.1666767899999999,"Shape_Length":2591.0091835753783}},{"type":"Feature","id":1033,"geometry":{"type":"LineString","coordinates":[[-80.07382014482944,26.33505259857769],[-80.073656288814348,26.335867524579019]]},"properties":{"OBJECTID_1":1033,"Sys_Reli":"Reliable","SHS":1,"NHS":0,"LOCAL_NAME":"OCEAN BLVD","T_Max":1.5128925630000001,"Shape_Length":91.731071162100761}},{"type":"Feature","id":1034,"geometry":{"type":"LineString","coordinates":[[-80.090772117537085,26.721450328008832],[-80.090801284146934,26.721525877489842],[-80.091052905313518,26.72228135016087],[-80.091129795260869,26.722726486764113],[-80.091280301935498,26.723555788999438],[-80.091360687384096,26.724432048461757],[-80.091289566226138,26.726345583350557],[-80.089823965099313,26.753057530401428],[-80.089802715075578,26.753752565734171],[-80.089857352243044,26.754942395371664],[-80.089896925034637,26.755181889306073],[-80.090132068940761,26.756515062934515],[-80.090403829106933,26.757433182636181],[-80.090974692458758,26.758901838297],[-80.092446986000681,26.762689418666557],[-80.093208398673966,26.764647059265364]]},"properties":{"OBJECTID_1":1034,"Sys_Reli":"Approaching Unreliability","SHS":1,"NHS":1,"LOCAL_NAME":"I-95","T_Max":2.720640913,"Shape_Length":4847.7968889110098}},{"type":"Feature","id":1035,"geometry":{"type":"LineString","coordinates":[[-80.067044475425064,26.461726509022977],[-80.06706501729542,26.463498450643861],[-80.067190710628481,26.469234710222747],[-80.06728719069848,26.473548073732751],[-80.067293491743357,26.474044444400473],[-80.067302359860776,26.474578025770068],[-80.067302833337649,26.47506331008389],[-80.067249131814677,26.475579841276872],[-80.067117788068146,26.476161331990948],[-80.067000959196605,26.476598876099754],[-80.066957317181433,26.476744815284579]]},"properties":{"OBJECTID_1":1035,"Sys_Reli":"Reliable","SHS":1,"NHS":0,"LOCAL_NAME":"NE 6 AVE","T_Max":1.2194209279999999,"Shape_Length":1667.2317748179862}},{"type":"Feature","id":1036,"geometry":{"type":"LineString","coordinates":[[-80.087652196174915,26.76399471842895],[-80.087679764932986,26.764028667728255],[-80.087805377681093,26.764234605362201]]},"properties":{"OBJECTID_1":1036,"Sys_Reli":"Reliable","SHS":0,"NHS":1,"LOCAL_NAME":"CONGRESS AVE","T_Max":2.1913006359999998,"Shape_Length":30.660058500945311}},{"type":"Feature","id":1037,"geometry":{"type":"LineString","coordinates":[[-80.065332421080115,26.904176520707569],[-80.068838844009264,26.910087523134884],[-80.069639310404554,26.911520557469466],[-80.070193232697434,26.91259977893721],[-80.071186416530693,26.914684410220527],[-80.073879782388431,26.920400514232661]]},"properties":{"OBJECTID_1":1037,"Sys_Reli":"Reliable","SHS":1,"NHS":1,"LOCAL_NAME":"US-1/SR5/FEDERAL HWY","T_Max":1.209082293,"Shape_Length":1989.1428054893313}},{"type":"Feature","id":1038,"geometry":{"type":"LineString","coordinates":[[-80.102229372354373,26.706736675313227],[-80.100414890106435,26.706692749957618],[-80.100304951287796,26.706689125252257]]},"properties":{"OBJECTID_1":1038,"Sys_Reli":"Reliable","SHS":1,"NHS":1,"LOCAL_NAME":"OKEECHOBEE BLVD","T_Max":1.82118509,"Shape_Length":191.51645195459412}},{"type":"Feature","id":1039,"geometry":{"type":"LineString","coordinates":[[-80.197354138950914,26.680284108699052],[-80.196482182385068,26.680213672531035],[-80.196180777033049,26.680195593992153]]},"properties":{"OBJECTID_1":1039,"Sys_Reli":"Reliable","SHS":1,"NHS":1,"LOCAL_NAME":"SOUTHERN BLVD","T_Max":1.5430085600000001,"Shape_Length":117.16883866784435}},{"type":"Feature","id":1040,"geometry":{"type":"LineString","coordinates":[[-80.082248870217327,26.361793131233895],[-80.082153072830479,26.361920898235407],[-80.081935235464513,26.362217965567122]]},"properties":{"OBJECTID_1":1040,"Sys_Reli":"Reliable","SHS":1,"NHS":1,"LOCAL_NAME":"FEDERAL HWY","T_Max":1.5497412639999999,"Shape_Length":56.511681736054619}},{"type":"Feature","id":1041,"geometry":{"type":"LineString","coordinates":[[-80.053623736221752,26.506814806574816],[-80.053470624242664,26.51118334411613],[-80.053448567667189,26.511731675603851],[-80.053417989179707,26.512094871365893],[-80.053355225062305,26.512636164899334],[-80.053261782085656,26.513093735090788],[-80.053197568928965,26.513352884614413],[-80.053131667593675,26.513587181960894],[-80.052997763462272,26.513991198195697]]},"properties":{"OBJECTID_1":1041,"Sys_Reli":"Reliable","SHS":1,"NHS":0,"LOCAL_NAME":"OCEAN BLVD","T_Max":1.1916603370000001,"Shape_Length":799.92250686292857}},{"type":"Feature","id":1042,"geometry":{"type":"LineString","coordinates":[[-80.14674015906148,26.445781816546269],[-80.146811342728881,26.447828152938932],[-80.146822313614905,26.448150745815873]]},"properties":{"OBJECTID_1":1042,"Sys_Reli":"Reliable","SHS":0,"NHS":1,"LOCAL_NAME":"JOG RD","T_Max":1.9994408640000001,"Shape_Length":262.51153461194815}},{"type":"Feature","id":1043,"geometry":{"type":"LineString","coordinates":[[-80.128813960179045,26.350571370935352],[-80.128725192983438,26.350571244641007],[-80.128588043490339,26.350571742242519]]},"properties":{"OBJECTID_1":1043,"Sys_Reli":"Reliable","SHS":0,"NHS":1,"LOCAL_NAME":"PALMETTO PARK RD","T_Max":2.2679348529999999,"Shape_Length":22.543913265470096}},{"type":"Feature","id":1044,"geometry":{"type":"LineString","coordinates":[[-80.189586285086378,26.617211868618966],[-80.18667190600884,26.617253365792102],[-80.180962169512966,26.617305005367886],[-80.180638257616323,26.617307032431352]]},"properties":{"OBJECTID_1":1044,"Sys_Reli":"Reliable","SHS":1,"NHS":1,"LOCAL_NAME":"LAKE WORTH RD","T_Max":1.5125698400000001,"Shape_Length":890.90437357449036}},{"type":"Feature","id":1045,"geometry":{"type":"LineString","coordinates":[[-80.719960092783793,26.671320596260806],[-80.719185346531646,26.669849926787869],[-80.718205973584134,26.667998862824088],[-80.717152647588406,26.666007951337669],[-80.716150824012274,26.664114314161399]]},"properties":{"OBJECTID_1":1045,"Sys_Reli":"Reliable","SHS":1,"NHS":1,"LOCAL_NAME":"US-27","T_Max":1.277668115,"Shape_Length":883.56720675103827}},{"type":"Feature","id":1046,"geometry":{"type":"LineString","coordinates":[[-80.053778406874372,26.704776858481225],[-80.053816492085573,26.703908128596332]]},"properties":{"OBJECTID_1":1046,"Sys_Reli":"Reliable","SHS":1,"NHS":0,"LOCAL_NAME":"S DIXIE HWY","T_Max":1.7717207660000001,"Shape_Length":96.3008939115808}},{"type":"Feature","id":1047,"geometry":{"type":"LineString","coordinates":[[-80.107358009049889,26.779577984704957],[-80.107356772201328,26.779606999936064]]},"properties":{"OBJECTID_1":1047,"Sys_Reli":"Reliable","SHS":1,"NHS":1,"LOCAL_NAME":"SR809/MILITARY TRAIL","T_Max":3.3868997940000001,"Shape_Length":3.2162674410400416}},{"type":"Feature","id":1048,"geometry":{"type":"LineString","coordinates":[[-80.089556881994184,26.718798995694986],[-80.089467734993619,26.718899568278044]]},"properties":{"OBJECTID_1":1048,"Sys_Reli":"Reliable","SHS":0,"NHS":1,"LOCAL_NAME":"PALM BCH LAKES BLVD","T_Max":1.7495597700000001,"Shape_Length":14.238438147998105}},{"type":"Feature","id":1049,"geometry":{"type":"LineString","coordinates":[[-80.057393551675361,26.843724560482382],[-80.058341956023568,26.843948085137779],[-80.058643046436458,26.844002747441582],[-80.058946995282142,26.844035887156437],[-80.059032455169984,26.844041282149693]]},"properties":{"OBJECTID_1":1049,"Sys_Reli":"Reliable","SHS":1,"NHS":0,"LOCAL_NAME":"SR A1A/JACK NICLAUS","T_Max":1.1266678590000001,"Shape_Length":166.89386195719226}},{"type":"Feature","id":1050,"geometry":{"type":"LineString","coordinates":[[-80.066839358472862,26.675999798771972],[-80.065938283190363,26.675968344472633],[-80.065484713093724,26.675957512940357]]},"properties":{"OBJECTID_1":1050,"Sys_Reli":"Approaching Unreliability","SHS":1,"NHS":1,"LOCAL_NAME":"SOUTHERN BLVD","T_Max":2.0456056419999999,"Shape_Length":134.88244394797081}},{"type":"Feature","id":1051,"geometry":{"type":"LineString","coordinates":[[-80.052036414885208,26.626874907774084],[-80.052017831191137,26.627416510587761],[-80.05198156758442,26.628457540864918]]},"properties":{"OBJECTID_1":1051,"Sys_Reli":"Reliable","SHS":1,"NHS":0,"LOCAL_NAME":"FEDERAL HWY","T_Max":1.4247782360000001,"Shape_Length":175.38624457489067}},{"type":"Feature","id":1052,"geometry":{"type":"LineString","coordinates":[[-80.037222902130623,26.647918093523607],[-80.037233037167312,26.648397284711578]]},"properties":{"OBJECTID_1":1052,"Sys_Reli":"Reliable","SHS":1,"NHS":0,"LOCAL_NAME":"OCEAN BLVD","T_Max":1.310448404,"Shape_Length":53.087796076378226}},{"type":"Feature","id":1053,"geometry":{"type":"LineString","coordinates":[[-80.250706845398739,26.681749804472801],[-80.247131689357744,26.681629116372328],[-80.247053561723732,26.681626455921695],[-80.246973685084058,26.68162383129793],[-80.245108297554651,26.681563840656761],[-80.243494635441209,26.681522076056396]]},"properties":{"OBJECTID_1":1053,"Sys_Reli":"Reliable","SHS":1,"NHS":1,"LOCAL_NAME":"SOUTHERN BLVD","T_Max":1.5230858819999999,"Shape_Length":718.06209095156441}},{"type":"Feature","id":1054,"geometry":{"type":"LineString","coordinates":[[-80.204553018253137,26.453865696181669],[-80.204432569413285,26.453865469766956],[-80.203319282671515,26.453863335713141],[-80.202626761814571,26.453832384474282],[-80.202581699545149,26.453828193735273]]},"properties":{"OBJECTID_1":1054,"Sys_Reli":"Reliable","SHS":1,"NHS":0,"LOCAL_NAME":"ATLANTIC AVE","T_Max":1.680574617,"Shape_Length":196.64527488323264}},{"type":"Feature","id":1055,"geometry":{"type":"LineString","coordinates":[[-80.13226770209306,26.839046064840961],[-80.132120380684611,26.839042996091727],[-80.131959977565188,26.839035225387153]]},"properties":{"OBJECTID_1":1055,"Sys_Reli":"Reliable","SHS":1,"NHS":0,"LOCAL_NAME":"PGA BLVD","T_Max":1.315559288,"Shape_Length":30.604273809924187}},{"type":"Feature","id":1056,"geometry":{"type":"LineString","coordinates":[[-80.102264254193358,26.393942249249555],[-80.102264649579013,26.394014522791903],[-80.102278247648215,26.395284866293046]]},"properties":{"OBJECTID_1":1056,"Sys_Reli":"Reliable","SHS":0,"NHS":1,"LOCAL_NAME":"CONGRESS AVE","T_Max":1.755969755,"Shape_Length":148.71586621396673}},{"type":"Feature","id":1057,"geometry":{"type":"LineString","coordinates":[[-80.667895709594802,26.698896407980754],[-80.667908417225306,26.698998881283806],[-80.667937543380489,26.699327093529551],[-80.667945877280047,26.699907365343091],[-80.667990292660221,26.71111654451936],[-80.667990582942807,26.711216813545882]]},"properties":{"OBJECTID_1":1057,"Sys_Reli":"Reliable","SHS":1,"NHS":1,"LOCAL_NAME":"N/S MAIN ST","T_Max":1.17834248,"Shape_Length":1364.758426764146}},{"type":"Feature","id":1058,"geometry":{"type":"LineString","coordinates":[[-80.666854166563397,26.725799275523794],[-80.66683591370527,26.725855038204209]]},"properties":{"OBJECTID_1":1058,"Sys_Reli":"Reliable","SHS":1,"NHS":1,"LOCAL_NAME":"N/S MAIN ST","T_Max":1.1887630819999999,"Shape_Length":6.4373448939303106}},{"type":"Feature","id":1059,"geometry":{"type":"LineString","coordinates":[[-80.038740591137355,26.588753511745463],[-80.038835681505063,26.589126960618248],[-80.038943658511599,26.589574584877543],[-80.039028894048073,26.590040119466622],[-80.039047554910084,26.590360752810671],[-80.03905467447791,26.590636163773716],[-80.038857612941385,26.594054306975114]]},"properties":{"OBJECTID_1":1059,"Sys_Reli":"Reliable","SHS":1,"NHS":0,"LOCAL_NAME":"OCEAN BLVD","T_Max":1.1883184419999999,"Shape_Length":590.62599552069128}},{"type":"Feature","id":1060,"geometry":{"type":"LineString","coordinates":[[-80.075615621514345,26.705994508469356],[-80.074310794671618,26.70593603416846],[-80.073460101469294,26.705898339387453],[-80.073003149465848,26.705878095559274],[-80.072933619834998,26.705874986235795]]},"properties":{"OBJECTID_1":1060,"Sys_Reli":"Reliable","SHS":1,"NHS":1,"LOCAL_NAME":"OKEECHOBEE BLVD","T_Max":1.4435226139999999,"Shape_Length":267.14016296776316}},{"type":"Feature","id":1061,"geometry":{"type":"LineString","coordinates":[[-80.036385908968683,26.705647549693133],[-80.03638410677523,26.705696618390618],[-80.036367753069499,26.706141481380598],[-80.036385897489481,26.706299599942199],[-80.036394473962346,26.706358615048565]]},"properties":{"OBJECTID_1":1061,"Sys_Reli":"Reliable","SHS":1,"NHS":0,"LOCAL_NAME":"S COUNTY RD","T_Max":1.5030129720000001,"Shape_Length":78.940714439241802}},{"type":"Feature","id":1062,"geometry":{"type":"LineString","coordinates":[[-80.150882944624655,26.839592132755591],[-80.150385541605345,26.839578518078483],[-80.145380586959632,26.839433502545624],[-80.137794353691405,26.839204956358731],[-80.137303712216919,26.839181487182536],[-80.135979814151909,26.839140699585016],[-80.135764233123993,26.839134092117995]]},"properties":{"OBJECTID_1":1062,"Sys_Reli":"Reliable","SHS":1,"NHS":0,"LOCAL_NAME":"PGA BLVD","T_Max":1.3261376519999999,"Shape_Length":1503.1322654916478}},{"type":"Feature","id":1063,"geometry":{"type":"LineString","coordinates":[[-80.173930544499527,26.640472401453017],[-80.173959027474368,26.643173222288322],[-80.174060734977985,26.650848677668442],[-80.174118968407555,26.655242971067512],[-80.17420057815194,26.660658265201128],[-80.174207523723965,26.66257233705706],[-80.174174943232785,26.663260568814401],[-80.174107433196824,26.664000508415171],[-80.17395399798005,26.665074004985311],[-80.173490241489262,26.667114002830093],[-80.173228547310529,26.66795663538041],[-80.172748501122086,26.669290059363764],[-80.172313099286953,26.670267111303939],[-80.171807959705035,26.671246009531874],[-80.171108697530286,26.672404341198643],[-80.167563799609056,26.677525646676898]]},"properties":{"OBJECTID_1":1063,"Sys_Reli":"Approaching Unreliability","SHS":1,"NHS":1,"LOCAL_NAME":"TURNPIKE MAINLINE","T_Max":2.6704571650000002,"Shape_Length":4259.2036617743961}},{"type":"Feature","id":1064,"geometry":{"type":"LineString","coordinates":[[-80.142599596883528,26.934285910955243],[-80.141788722150579,26.934296367419435]]},"properties":{"OBJECTID_1":1064,"Sys_Reli":"Reliable","SHS":1,"NHS":1,"LOCAL_NAME":"INDIANTOWN RD","T_Max":1.745513103,"Shape_Length":80.513338147567111}},{"type":"Feature","id":1065,"geometry":{"type":"LineString","coordinates":[[-80.202801967789682,26.666167488248192],[-80.202778568742929,26.666835539664003]]},"properties":{"OBJECTID_1":1065,"Sys_Reli":"Reliable","SHS":1,"NHS":1,"LOCAL_NAME":"SR-7/US-441","T_Max":1.466958964,"Shape_Length":74.031730467891208}},{"type":"Feature","id":1066,"geometry":{"type":"LineString","coordinates":[[-80.173054321638688,26.570221467843446],[-80.17308283414441,26.572325084349135],[-80.173084074494668,26.572416494110598]]},"properties":{"OBJECTID_1":1066,"Sys_Reli":"Approaching Unreliability","SHS":1,"NHS":1,"LOCAL_NAME":"TURNPIKE MAINLINE","T_Max":2.2731320629999998,"Shape_Length":243.14305695114606}},{"type":"Feature","id":1067,"geometry":{"type":"LineString","coordinates":[[-80.058341823982374,26.616659257259684],[-80.06029819493601,26.616708933808866],[-80.061289436467476,26.616734093271265],[-80.062260059644544,26.616758721711303],[-80.063239004015927,26.616792004156341],[-80.064236382692002,26.616825908521204],[-80.064680200058447,26.616828826151494],[-80.06485086022164,26.616841227169626]]},"properties":{"OBJECTID_1":1067,"Sys_Reli":"Reliable","SHS":1,"NHS":0,"LOCAL_NAME":"LUCERNE AVE","T_Max":2.4165824069999999,"Shape_Length":648.39280694802812}},{"type":"Feature","id":1068,"geometry":{"type":"LineString","coordinates":[[-80.055089470279313,26.86791378300121],[-80.054997433972275,26.872015464984276],[-80.054960091278559,26.873693824287486],[-80.054940164504842,26.874905155377689],[-80.05495538621679,26.875296195880601],[-80.054976039706347,26.87562543704594],[-80.055006840116121,26.87606848288479],[-80.05501740425413,26.876162612883423]]},"properties":{"OBJECTID_1":1068,"Sys_Reli":"Reliable","SHS":1,"NHS":1,"LOCAL_NAME":"US-1/SR5/FEDERAL HWY","T_Max":1.2771041380000001,"Shape_Length":914.09221745692082}},{"type":"Feature","id":1069,"geometry":{"type":"LineString","coordinates":[[-80.064122226739997,26.65530529287706],[-80.06390280277158,26.65529793698532],[-80.062038793130455,26.655238248931241],[-80.059073360513864,26.655150940579958],[-80.056199181970356,26.655068406193557]]},"properties":{"OBJECTID_1":1069,"Sys_Reli":"Approaching Unreliability","SHS":1,"NHS":0,"LOCAL_NAME":"FOREST HILL BLVD","T_Max":1.8463519349999999,"Shape_Length":788.99237831025221}},{"type":"Feature","id":1070,"geometry":{"type":"LineString","coordinates":[[-80.086348252750341,26.350220149705422],[-80.086350262822151,26.35045984707067],[-80.086352859125029,26.35055783698321],[-80.08638406284598,26.352359490313763],[-80.086426600831004,26.354815615913811],[-80.086410294735273,26.355101647252049],[-80.086374018325742,26.355426799028482],[-80.086309514315417,26.355765703841399],[-80.086225269404963,26.35611460656952],[-80.086061507743423,26.356565550919285],[-80.085908413032229,26.356911479728623],[-80.085761388413616,26.357200478622953],[-80.085601929083623,26.357462806601891],[-80.085486929543521,26.357625651897223],[-80.085458413189656,26.357664984883442]]},"properties":{"OBJECTID_1":1070,"Sys_Reli":"Reliable","SHS":1,"NHS":1,"LOCAL_NAME":"FEDERAL HWY","T_Max":1.6806219529999999,"Shape_Length":843.32879510856867}},{"type":"Feature","id":1071,"geometry":{"type":"LineString","coordinates":[[-80.68402435722362,26.709000579262046],[-80.68402833173019,26.711360735470407],[-80.684029634420568,26.711921736175682]]},"properties":{"OBJECTID_1":1071,"Sys_Reli":"Reliable","SHS":1,"NHS":0,"LOCAL_NAME":"NW 16 ST","T_Max":1.274200081,"Shape_Length":323.53612922492221}},{"type":"Feature","id":1072,"geometry":{"type":"LineString","coordinates":[[-80.202339440039793,26.68027085987492],[-80.202325426335321,26.680604559474563],[-80.202311584848729,26.680934292910564],[-80.202238480941745,26.681132986419559],[-80.202167702705196,26.683008339466816],[-80.202114929223626,26.684522048421197],[-80.202067797646279,26.68542613582283],[-80.202031985852372,26.68591921954507],[-80.201980481206135,26.686440041683465],[-80.201909910840072,26.687070793783619],[-80.201844044322556,26.687632010582181],[-80.201806283981526,26.688002705854448],[-80.201737579422826,26.688564858162053],[-80.201685755684636,26.689131212331951],[-80.201660600100752,26.689507985874062],[-80.201644138751902,26.68973917822797]]},"properties":{"OBJECTID_1":1072,"Sys_Reli":"Reliable","SHS":1,"NHS":1,"LOCAL_NAME":"SR 7","T_Max":1.9043826340000001,"Shape_Length":1052.1969558603125}},{"type":"Feature","id":1073,"geometry":{"type":"LineString","coordinates":[[-80.07713762386723,26.708229896377524],[-80.077146434258196,26.708242070498862]]},"properties":{"OBJECTID_1":1073,"Sys_Reli":"Approaching Unreliability","SHS":1,"NHS":1,"LOCAL_NAME":"I-95","T_Max":2.6486706579999999,"Shape_Length":1.6082856864737025}},{"type":"Feature","id":1074,"geometry":{"type":"LineString","coordinates":[[-80.654157877119431,26.485330942891846],[-80.657487289675714,26.489621539555149]]},"properties":{"OBJECTID_1":1074,"Sys_Reli":"Reliable","SHS":1,"NHS":1,"LOCAL_NAME":"US-27","T_Max":1.147441369,"Shape_Length":579.5806126469447}},{"type":"Feature","id":1075,"geometry":{"type":"LineString","coordinates":[[-80.204919579221837,26.614768441913291],[-80.204891078930601,26.615395625977467],[-80.204821111440395,26.617133201292095],[-80.20481531713942,26.617282240356161]]},"properties":{"OBJECTID_1":1075,"Sys_Reli":"Reliable","SHS":1,"NHS":1,"LOCAL_NAME":"SR-7/US-441","T_Max":1.5601751660000001,"Shape_Length":278.62676132191206}},{"type":"Feature","id":1076,"geometry":{"type":"LineString","coordinates":[[-80.056447310320877,26.642064648376419],[-80.056412032991517,26.64305914128548],[-80.056396925486482,26.643359013052269],[-80.056364542890165,26.643606509751599],[-80.056321672919964,26.643899393470367],[-80.056300871224664,26.644160914842427],[-80.056287175703943,26.644375243633259],[-80.056272450407533,26.644740007043222]]},"properties":{"OBJECTID_1":1076,"Sys_Reli":"Reliable","SHS":1,"NHS":0,"LOCAL_NAME":"SR-805/DIXIE HWY","T_Max":1.324694211,"Shape_Length":297.03576202848308}},{"type":"Feature","id":1077,"geometry":{"type":"LineString","coordinates":[[-80.075934169913936,26.808044404823065],[-80.07597331319343,26.808132174591933],[-80.076682535135234,26.809834041668591],[-80.077295771976523,26.8113108138878],[-80.077593928141752,26.811964433301434],[-80.077886128201754,26.812545913690467],[-80.078080406585315,26.812905092424636],[-80.078312909499772,26.813301128895173],[-80.078533617968802,26.813672848568331],[-80.078772747713614,26.814032161260457],[-80.079004544327859,26.814377346466134],[-80.079089780283255,26.814493889130688]]},"properties":{"OBJECTID_1":1077,"Sys_Reli":"Reliable","SHS":1,"NHS":0,"LOCAL_NAME":"SR-811/OLD DIXIE HWY","T_Max":1.3973121820000001,"Shape_Length":782.07652510820606}},{"type":"Feature","id":1078,"geometry":{"type":"LineString","coordinates":[[-80.172822255838071,26.552623114081499],[-80.172861607781016,26.555576476731254],[-80.172879907494647,26.556775958324849]]},"properties":{"OBJECTID_1":1078,"Sys_Reli":"Approaching Unreliability","SHS":1,"NHS":1,"LOCAL_NAME":"TURNPIKE MAINLINE","T_Max":2.2731320629999998,"Shape_Length":460.01133544651901}},{"type":"Feature","id":1079,"geometry":{"type":"LineString","coordinates":[[-80.05804793986627,26.528416307426227],[-80.05805759481521,26.528898791481645],[-80.058075676497225,26.529996382112977],[-80.058123009821259,26.53179389358386],[-80.058150618412327,26.533343587783953],[-80.058146999310424,26.533620769845243],[-80.058120967541129,26.533892358775148],[-80.058075354283488,26.534181854458009],[-80.058015441797806,26.534533282893552],[-80.057763386914871,26.536068841649136],[-80.057670345747155,26.536722134568272],[-80.057619906303216,26.537164049685121],[-80.057488932676151,26.53829338179872],[-80.057446019474,26.538959986816788],[-80.057406530620455,26.539590104273479],[-80.057379063630748,26.539895991376408],[-80.057336687104268,26.540305676467643],[-80.057285194860171,26.540733046634447]]},"properties":{"OBJECTID_1":1079,"Sys_Reli":"Reliable","SHS":1,"NHS":0,"LOCAL_NAME":"DIXIE HWY","T_Max":1.2103857069999999,"Shape_Length":1369.4291885994423}},{"type":"Feature","id":1080,"geometry":{"type":"LineString","coordinates":[[-80.094013892640461,26.843944165795296],[-80.093711877655721,26.844010472656166],[-80.092462416118721,26.84428526947767],[-80.092180029619442,26.844347366382401],[-80.091973660768943,26.844392745891813],[-80.090515195084919,26.844737136211346],[-80.090145872471311,26.844816143859301],[-80.089838817373121,26.844868408227061],[-80.089592493861403,26.844906556491114],[-80.089232236111613,26.844949869651998],[-80.088863328162944,26.844982050474744],[-80.088658374680961,26.844993164400176],[-80.088498516197248,26.845000925817818],[-80.088373450923982,26.845008690134378],[-80.088240537308806,26.845010671796928],[-80.088007215379662,26.845005625747572],[-80.087748908370614,26.844995908619055],[-80.082740915263756,26.844866717889435],[-80.082542552935621,26.844861595240378],[-80.078899880694337,26.844767372397197],[-80.077795877136467,26.844739782787375]]},"properties":{"OBJECTID_1":1080,"Sys_Reli":"Reliable","SHS":1,"NHS":1,"LOCAL_NAME":"PGA BLVD","T_Max":1.922068602,"Shape_Length":1625.3355408594814}},{"type":"Feature","id":1081,"geometry":{"type":"LineString","coordinates":[[-80.128140417143214,26.883083590830083],[-80.130866619941557,26.887745198939314],[-80.131301874394808,26.888513002826748],[-80.132619469434573,26.890753312184739],[-80.133536333809289,26.892323056844962],[-80.134419639258141,26.894005442410297],[-80.135284867823458,26.895750917711659],[-80.137207232822348,26.900087141124459],[-80.139347422387829,26.904930244817844],[-80.139595178837055,26.90548170285733]]},"properties":{"OBJECTID_1":1081,"Sys_Reli":"Reliable","SHS":1,"NHS":1,"LOCAL_NAME":"I-95","T_Max":1.7187439330000001,"Shape_Length":2732.5732894285275}},{"type":"Feature","id":1082,"geometry":{"type":"LineString","coordinates":[[-80.111001007325143,26.706852320835576],[-80.110998826209297,26.706934234640471],[-80.110965632379092,26.708182748534202]]},"properties":{"OBJECTID_1":1082,"Sys_Reli":"Approaching Unreliability","SHS":1,"NHS":1,"LOCAL_NAME":"SR809/MILITARY TRAIL","T_Max":2.7587173620000001,"Shape_Length":147.40725398600284}},{"type":"Feature","id":1083,"geometry":{"type":"LineString","coordinates":[[-80.112417871663553,26.653465391671372],[-80.11245506809712,26.65514712088634],[-80.11255818637477,26.659898246046779],[-80.112578212557636,26.661016699952107],[-80.112593800252185,26.66204528099804],[-80.112596296098843,26.662737511119769],[-80.112595778089002,26.663049186325985],[-80.112226228416361,26.673668167633583],[-80.112186783743809,26.674743562605872],[-80.112164069871682,26.675470773198239],[-80.112148069204665,26.676213373875953],[-80.112121570353153,26.676988127444115],[-80.112090339810351,26.67773727942739]]},"properties":{"OBJECTID_1":1083,"Sys_Reli":"Reliable","SHS":1,"NHS":1,"LOCAL_NAME":"MILITARY TR","T_Max":1.836433092,"Shape_Length":2689.4158337216982}},{"type":"Feature","id":1084,"geometry":{"type":"LineString","coordinates":[[-80.150492306650662,26.808517788946343],[-80.146526924826091,26.80588242568124]]},"properties":{"OBJECTID_1":1084,"Sys_Reli":"Reliable","SHS":1,"NHS":1,"LOCAL_NAME":"BEELINE HWY","T_Max":1.6039908979999999,"Shape_Length":490.45777386781464}},{"type":"Feature","id":1085,"geometry":{"type":"LineString","coordinates":[[-80.203576829645726,26.383453947072507],[-80.203602440301225,26.385556570295019],[-80.203628027592643,26.3889400360708],[-80.203653648077278,26.392439763915654],[-80.203639856176139,26.39306901152576],[-80.203643301864346,26.394120350119579],[-80.203645694855524,26.394264431136484]]},"properties":{"OBJECTID_1":1085,"Sys_Reli":"Reliable","SHS":1,"NHS":1,"LOCAL_NAME":"SR-7/US-441","T_Max":1.665365929,"Shape_Length":1197.3977899048064}},{"type":"Feature","id":1086,"geometry":{"type":"LineString","coordinates":[[-80.153905267783841,26.350274223688722],[-80.153805190633463,26.350277066288818],[-80.151428389473708,26.350332826279832],[-80.148552830694598,26.350411454658335],[-80.146725806195505,26.35046144264021],[-80.145012619383607,26.35049566690466],[-80.144490078490946,26.350503242147777]]},"properties":{"OBJECTID_1":1086,"Sys_Reli":"Reliable","SHS":0,"NHS":1,"LOCAL_NAME":"PALMETTO PARK RD","T_Max":1.5322850880000001,"Shape_Length":939.8712720378112}},{"type":"Feature","id":1087,"geometry":{"type":"LineString","coordinates":[[-80.230215816226348,26.681151073164152],[-80.23018032718231,26.681150055612562],[-80.229037703165559,26.68111302384337]]},"properties":{"OBJECTID_1":1087,"Sys_Reli":"Reliable","SHS":1,"NHS":1,"LOCAL_NAME":"SOUTHERN BLVD","T_Max":1.5631980640000001,"Shape_Length":117.29885541200082}},{"type":"Feature","id":1088,"geometry":{"type":"LineString","coordinates":[[-80.053233246539946,26.497947025476527],[-80.053149096522063,26.498453319229498],[-80.052978675886777,26.499887723054218],[-80.052958722986702,26.500097253721879]]},"properties":{"OBJECTID_1":1088,"Sys_Reli":"Reliable","SHS":1,"NHS":0,"LOCAL_NAME":"OCEAN BLVD","T_Max":1.1916603370000001,"Shape_Length":239.78084589603287}},{"type":"Feature","id":1089,"geometry":{"type":"LineString","coordinates":[[-80.146254557804269,26.409414526316365],[-80.146296035361956,26.412769642219541],[-80.146336103680383,26.415725264875018],[-80.146414238855911,26.421505126829601],[-80.14641548580876,26.421609784383485]]},"properties":{"OBJECTID_1":1089,"Sys_Reli":"Reliable","SHS":0,"NHS":1,"LOCAL_NAME":"JOG RD","T_Max":1.3549998059999999,"Shape_Length":1350.8421691902763}},{"type":"Feature","id":1090,"geometry":{"type":"LineString","coordinates":[[-80.10722127565171,26.783413147506522],[-80.107196993800116,26.783412378746021],[-80.1058223355042,26.783373665901227]]},"properties":{"OBJECTID_1":1090,"Sys_Reli":"Reliable","SHS":1,"NHS":1,"LOCAL_NAME":"BLUE HERON BLVD","T_Max":2.1708325419999999,"Shape_Length":139.14336154117643}},{"type":"Feature","id":1091,"geometry":{"type":"LineString","coordinates":[[-80.153846892730655,26.351989177660879],[-80.153850640709834,26.352148950291379],[-80.15387388217043,26.353214199113395],[-80.153890944679858,26.354667620555581],[-80.153889264120082,26.354898554173879],[-80.153873634748393,26.35515115129413],[-80.153847817359718,26.355381942324474],[-80.153809310013699,26.355617836404196],[-80.153758214515676,26.355847451497294],[-80.153685547942459,26.356197057543806],[-80.153646948495293,26.356445376450406],[-80.153638652510082,26.356516104295228]]},"properties":{"OBJECTID_1":1091,"Sys_Reli":"Reliable","SHS":0,"NHS":1,"LOCAL_NAME":"POWERLINE RD","T_Max":1.407885652,"Shape_Length":503.37860456484003}},{"type":"Feature","id":1092,"geometry":{"type":"LineString","coordinates":[[-80.574330822897352,26.82102046914628],[-80.580507191853968,26.825714182571371],[-80.596670380611272,26.838014403089609],[-80.603843805108752,26.843478757090008],[-80.608372242234537,26.846922803802997],[-80.609683155507682,26.847905130420386],[-80.610445492018144,26.848445858009029]]},"properties":{"OBJECTID_1":1092,"Sys_Reli":"Reliable","SHS":1,"NHS":0,"LOCAL_NAME":"CONNERS HWY","T_Max":1.245174437,"Shape_Length":4701.5267810890837}},{"type":"Feature","id":1093,"geometry":{"type":"LineString","coordinates":[[-80.122732115159366,26.542179391325014],[-80.122728791694314,26.542829475284567],[-80.12273160947386,26.546042557146922],[-80.122731606621585,26.54619016643445],[-80.122733136136034,26.546621224218757]]},"properties":{"OBJECTID_1":1093,"Sys_Reli":"Reliable","SHS":0,"NHS":1,"LOCAL_NAME":"MILITARY TR","T_Max":1.965124637,"Shape_Length":491.98972989875017}},{"type":"Feature","id":1094,"geometry":{"type":"LineString","coordinates":[[-80.667897613471681,26.822265668708564],[-80.667137784477092,26.822674467941578],[-80.666507828024947,26.823013818577781],[-80.665516243346872,26.82356223099109]]},"properties":{"OBJECTID_1":1094,"Sys_Reli":"Reliable","SHS":1,"NHS":0,"LOCAL_NAME":"BACOM POINT RD","T_Max":1.2827865510000001,"Shape_Length":276.80962685042408}},{"type":"Feature","id":1095,"geometry":{"type":"LineString","coordinates":[[-80.204234912839155,26.432982207317792],[-80.204242438494404,26.433511536582287],[-80.204283305351851,26.435042252546413],[-80.204328842618423,26.436534653464847],[-80.204364121528045,26.438315769912652],[-80.20441065434332,26.444076487475591],[-80.204442213715055,26.450382284947761],[-80.204433742542562,26.452470455695977],[-80.204432769814019,26.453627153997996]]},"properties":{"OBJECTID_1":1095,"Sys_Reli":"Reliable","SHS":1,"NHS":1,"LOCAL_NAME":"SR-7/US-441","T_Max":1.590847466,"Shape_Length":2286.7890261769007}},{"type":"Feature","id":1096,"geometry":{"type":"LineString","coordinates":[[-80.686725601170423,26.67271558095031],[-80.686688703474786,26.673481310088128]]},"properties":{"OBJECTID_1":1096,"Sys_Reli":"Reliable","SHS":1,"NHS":0,"LOCAL_NAME":"SW 16 ST","T_Max":1.3250375299999999,"Shape_Length":84.888073939562545}},{"type":"Feature","id":1097,"geometry":{"type":"LineString","coordinates":[[-80.064878546643271,26.409271135732382],[-80.064848306642418,26.410549305847248]]},"properties":{"OBJECTID_1":1097,"Sys_Reli":"Reliable","SHS":1,"NHS":0,"LOCAL_NAME":"OCEAN BLVD","T_Max":1.473617307,"Shape_Length":141.60465834809418}},{"type":"Feature","id":1098,"geometry":{"type":"LineString","coordinates":[[-80.055978291193696,26.656000729674417],[-80.055855179022174,26.660002854471749],[-80.055807205737111,26.661121166288961],[-80.055552250387848,26.664627602889755]]},"properties":{"OBJECTID_1":1098,"Sys_Reli":"Reliable","SHS":1,"NHS":0,"LOCAL_NAME":"SR-805/DIXIE HWY","T_Max":1.3721040019999999,"Shape_Length":956.653053507648}},{"type":"Feature","id":1099,"geometry":{"type":"LineString","coordinates":[[-80.066919376019214,26.447925046985613],[-80.06690952648087,26.448331705323678],[-80.066865989985217,26.454278995520941],[-80.066902941037682,26.456150400854646],[-80.066985944659464,26.459852655521829],[-80.067043768522907,26.461665507495319],[-80.067044475425064,26.461726509022977]]},"properties":{"OBJECTID_1":1099,"Sys_Reli":"Unreliable","SHS":1,"NHS":0,"LOCAL_NAME":"SE 6 AVE","T_Max":2.3798751949999999,"Shape_Length":1528.9090698837585}},{"type":"Feature","id":1100,"geometry":{"type":"LineString","coordinates":[[-80.095641325886916,26.868395989917936],[-80.095419390236572,26.875123546043632],[-80.095269673638498,26.879547336514953],[-80.095179797297732,26.882586106644709],[-80.095164554432557,26.88279141670737],[-80.095157847331407,26.882944994579894]]},"properties":{"OBJECTID_1":1100,"Sys_Reli":"Reliable","SHS":1,"NHS":0,"LOCAL_NAME":"SR-811/OLD DIXIE HWY","T_Max":1.29222736,"Shape_Length":1612.3017811421914}},{"type":"Feature","id":1101,"geometry":{"type":"LineString","coordinates":[[-80.053354225100776,26.720041343332372],[-80.053401153343771,26.718471270683558]]},"properties":{"OBJECTID_1":1101,"Sys_Reli":"Reliable","SHS":1,"NHS":0,"LOCAL_NAME":"N DIXIE HWY","T_Max":1.5613927919999999,"Shape_Length":173.97475697565602}},{"type":"Feature","id":1102,"geometry":{"type":"LineString","coordinates":[[-80.665616899371926,26.821523488045461],[-80.665611807545744,26.821744241147382],[-80.665590541974893,26.822034294877298],[-80.665548525557469,26.822552758042647]]},"properties":{"OBJECTID_1":1102,"Sys_Reli":"Reliable","SHS":1,"NHS":0,"LOCAL_NAME":"S LAKE AVE","T_Max":1.1806058269999999,"Shape_Length":114.2260539621128}},{"type":"Feature","id":1103,"geometry":{"type":"LineString","coordinates":[[-80.036503903689763,26.702181814381973],[-80.036501466742848,26.702279102977368],[-80.036406175125435,26.702426808582061],[-80.036343227255571,26.702554700095739],[-80.036326849633397,26.70262935240946],[-80.036315568741614,26.704103407869113],[-80.036328027252821,26.704178775054878]]},"properties":{"OBJECTID_1":1103,"Sys_Reli":"Reliable","SHS":1,"NHS":0,"LOCAL_NAME":"S COUNTY RD","T_Max":1.3891828340000001,"Shape_Length":225.325340121951}},{"type":"Feature","id":1104,"geometry":{"type":"LineString","coordinates":[[-80.167282106127033,26.67793258275826],[-80.166334575037354,26.679301369620461]]},"properties":{"OBJECTID_1":1104,"Sys_Reli":"Approaching Unreliability","SHS":1,"NHS":1,"LOCAL_NAME":"TURNPIKE MAINLINE","T_Max":2.6704571650000002,"Shape_Length":178.53695213100119}},{"type":"Feature","id":1105,"geometry":{"type":"LineString","coordinates":[[-80.139601375791884,26.934350474705496],[-80.139093599345458,26.93436736681738],[-80.135928498061688,26.934423618991332],[-80.134279574693309,26.934453570973638],[-80.134125131378042,26.934455729038685],[-80.133797672523329,26.934462600258207]]},"properties":{"OBJECTID_1":1105,"Sys_Reli":"Reliable","SHS":1,"NHS":1,"LOCAL_NAME":"INDIANTOWN RD","T_Max":1.7451611600000001,"Shape_Length":576.34234633940287}},{"type":"Feature","id":1106,"geometry":{"type":"LineString","coordinates":[[-80.069167965828569,26.705727886384334],[-80.068770252081293,26.705719324408005],[-80.067101534334,26.705685792310728],[-80.066499514159261,26.705675835882399]]},"properties":{"OBJECTID_1":1106,"Sys_Reli":"Approaching Unreliability","SHS":1,"NHS":1,"LOCAL_NAME":"OKEECHOBEE BLVD","T_Max":1.704076108,"Shape_Length":265.52790505323929}},{"type":"Feature","id":1107,"geometry":{"type":"LineString","coordinates":[[-80.09896263170387,26.783252295094538],[-80.098833895814678,26.786914530230899],[-80.0987857695565,26.788480347514245]]},"properties":{"OBJECTID_1":1107,"Sys_Reli":"Reliable","SHS":1,"NHS":1,"LOCAL_NAME":"I-95","T_Max":2.8726524590000002,"Shape_Length":579.36252747392859}},{"type":"Feature","id":1108,"geometry":{"type":"LineString","coordinates":[[-80.05501740425413,26.876162612883423],[-80.055049261915414,26.87644644936071],[-80.055092300083928,26.87675043438778],[-80.055140091671504,26.877075438617688],[-80.055233297116658,26.877566391678346],[-80.055318829557564,26.877943545719894],[-80.055401019922868,26.878277607383108],[-80.055494284134724,26.878613952165871],[-80.05583583109059,26.879783332823969],[-80.056370668289546,26.881584946473883]]},"properties":{"OBJECTID_1":1108,"Sys_Reli":"Reliable","SHS":1,"NHS":1,"LOCAL_NAME":"US-1/SR5/FEDERAL HWY","T_Max":1.2771041380000001,"Shape_Length":616.35072049784867}},{"type":"Feature","id":1109,"geometry":{"type":"LineString","coordinates":[[-80.085458413189656,26.357664984883442],[-80.085444153502181,26.357684651364561],[-80.085046923020741,26.358203318461545]]},"properties":{"OBJECTID_1":1109,"Sys_Reli":"Reliable","SHS":1,"NHS":1,"LOCAL_NAME":"FEDERAL HWY","T_Max":1.7348472660000001,"Shape_Length":72.39671212209285}},{"type":"Feature","id":1110,"geometry":{"type":"LineString","coordinates":[[-80.201040478416033,26.704803673800985],[-80.200988164149365,26.706085813007373],[-80.200934017552171,26.706465315853862],[-80.200868657967504,26.707513068807554],[-80.200863721349876,26.707607079457052]]},"properties":{"OBJECTID_1":1110,"Sys_Reli":"Reliable","SHS":1,"NHS":1,"LOCAL_NAME":"SR 7","T_Max":1.378097562,"Shape_Length":311.14689188203738}},{"type":"Feature","id":1111,"geometry":{"type":"LineString","coordinates":[[-80.094401757436458,26.841306595148136],[-80.094422621676372,26.841398050025401],[-80.094895127674548,26.843451636917543],[-80.095074603666305,26.844181781023703]]},"properties":{"OBJECTID_1":1111,"Sys_Reli":"Reliable","SHS":1,"NHS":0,"LOCAL_NAME":"SR-811/OLD DIXIE HWY","T_Max":1.3206181450000001,"Shape_Length":325.42532766089778}},{"type":"Feature","id":1112,"geometry":{"type":"LineString","coordinates":[[-80.067475420380688,26.380805423792943],[-80.067406054570554,26.382622442434592],[-80.067354289000548,26.383956008876751]]},"properties":{"OBJECTID_1":1112,"Sys_Reli":"Reliable","SHS":1,"NHS":0,"LOCAL_NAME":"OCEAN BLVD","T_Max":1.334190548,"Shape_Length":349.17240767984509}},{"type":"Feature","id":1113,"geometry":{"type":"LineString","coordinates":[[-80.070408879345294,26.350600481781733],[-80.070405231945713,26.350655593651101],[-80.07042474712938,26.351631470318534]]},"properties":{"OBJECTID_1":1113,"Sys_Reli":"Reliable","SHS":1,"NHS":0,"LOCAL_NAME":"OCEAN BLVD","T_Max":1.3260709580000001,"Shape_Length":114.22154815376986}},{"type":"Feature","id":1114,"geometry":{"type":"LineString","coordinates":[[-80.053571038748899,26.572719521744236],[-80.053556548800117,26.573050523822129]]},"properties":{"OBJECTID_1":1114,"Sys_Reli":"Reliable","SHS":1,"NHS":0,"LOCAL_NAME":"DIXIE HWY","T_Max":1.6618469419999999,"Shape_Length":36.691729066240526}},{"type":"Feature","id":1115,"geometry":{"type":"LineString","coordinates":[[-80.672685379846371,26.66448543383218],[-80.672590066158065,26.66453705569295],[-80.672260079278772,26.664745708502121],[-80.671934658269251,26.665016335743413],[-80.671652068305008,26.665281716968863],[-80.671439664378809,26.665535510564823],[-80.671216424068831,26.66583842504107],[-80.671044363207756,26.666122219690834],[-80.670934160931395,26.666329778939215],[-80.670828541676173,26.666612333083034]]},"properties":{"OBJECTID_1":1115,"Sys_Reli":"Reliable","SHS":1,"NHS":1,"LOCAL_NAME":"SR 80","T_Max":1.356148221,"Shape_Length":305.71101053320399}},{"type":"Feature","id":1116,"geometry":{"type":"LineString","coordinates":[[-80.153745086533732,26.344394882993747],[-80.153763309902004,26.345146654925635],[-80.153802762144736,26.346350489116119],[-80.153811205134787,26.347101432029596],[-80.153808803746799,26.34794084565744],[-80.153799448607927,26.348844540350818],[-80.15379910292701,26.349229345798125]]},"properties":{"OBJECTID_1":1116,"Sys_Reli":"Approaching Unreliability","SHS":0,"NHS":1,"LOCAL_NAME":"POWERLINE RD","T_Max":2.203646022,"Shape_Length":535.5460478361739}},{"type":"Feature","id":1117,"geometry":{"type":"LineString","coordinates":[[-80.665124506032157,26.730508287720035],[-80.664243286409814,26.733135862226174],[-80.663699293217036,26.734829050661446],[-80.663495564399597,26.73563140565593],[-80.663335193016664,26.736364991184054],[-80.663126246434146,26.73731154435557],[-80.662866960530963,26.7382558312671],[-80.662575866961262,26.739189042049329]]},"properties":{"OBJECTID_1":1117,"Sys_Reli":"Reliable","SHS":1,"NHS":0,"LOCAL_NAME":"BELLE GLADE RD","T_Max":1.2108874460000001,"Shape_Length":994.9863542820267}},{"type":"Feature","id":1118,"geometry":{"type":"LineString","coordinates":[[-80.122029512850858,26.432247436124804],[-80.12208142135168,26.434939288672822],[-80.122092358053109,26.43565749984738]]},"properties":{"OBJECTID_1":1118,"Sys_Reli":"Reliable","SHS":0,"NHS":1,"LOCAL_NAME":"MILITARY TR","T_Max":1.4490272420000001,"Shape_Length":377.75393986288594}},{"type":"Feature","id":1119,"geometry":{"type":"LineString","coordinates":[[-80.131073287049631,26.810074381208526],[-80.130206171623072,26.832452649689206]]},"properties":{"OBJECTID_1":1119,"Sys_Reli":"Reliable","SHS":1,"NHS":1,"LOCAL_NAME":"TURNPIKE MAINLINE","T_Max":2.6364950290000002,"Shape_Length":2480.2622737437146}},{"type":"Feature","id":1120,"geometry":{"type":"LineString","coordinates":[[-80.101233513400416,26.933985158537567],[-80.093916777663907,26.934097368095266],[-80.093583125439835,26.934099515431381],[-80.093428919832405,26.93410050376847],[-80.09301498799077,26.934093698214252]]},"properties":{"OBJECTID_1":1120,"Sys_Reli":"Reliable","SHS":1,"NHS":1,"LOCAL_NAME":"INDIANTOWN RD","T_Max":1.4601905719999999,"Shape_Length":816.07313954748736}},{"type":"Feature","id":1121,"geometry":{"type":"LineString","coordinates":[[-80.686953602942197,26.66475377704419],[-80.686953684982754,26.664771217529893],[-80.686913946181946,26.666337631429286]]},"properties":{"OBJECTID_1":1121,"Sys_Reli":"Reliable","SHS":1,"NHS":0,"LOCAL_NAME":"SW 16 ST","T_Max":1.3250375299999999,"Shape_Length":175.46532781768425}},{"type":"Feature","id":1122,"geometry":{"type":"LineString","coordinates":[[-80.069325048902726,26.572250701941144],[-80.069225574796548,26.575675646260656],[-80.069041746609727,26.583043881563789],[-80.068945220329965,26.587204211080369],[-80.068903975693061,26.588981409623155],[-80.068917429104374,26.590344784974555],[-80.068993162177463,26.593938582845791],[-80.068979625878796,26.594586522610626]]},"properties":{"OBJECTID_1":1122,"Sys_Reli":"Approaching Unreliability","SHS":1,"NHS":1,"LOCAL_NAME":"I-95","T_Max":1.426861664,"Shape_Length":2474.5824231102461}},{"type":"Feature","id":1123,"geometry":{"type":"LineString","coordinates":[[-80.080899444224514,26.934131998107556],[-80.080913783703821,26.934158049683209]]},"properties":{"OBJECTID_1":1123,"Sys_Reli":"Reliable","SHS":1,"NHS":1,"LOCAL_NAME":"US-1/SR5/FEDERAL HWY","T_Max":1.355449895,"Shape_Length":3.2177972663303143}},{"type":"Feature","id":1124,"geometry":{"type":"LineString","coordinates":[[-80.090737463208015,26.325969798871785],[-80.090741732182025,26.326144416833277],[-80.090752308076844,26.327901210792831],[-80.090769746974502,26.329085533723845],[-80.090766648318549,26.329338940343948],[-80.090754603175654,26.329571562898806],[-80.090724123959021,26.329873179099003],[-80.090682152483822,26.330172428168545],[-80.090613286439208,26.33047841358205],[-80.090553835265979,26.330724547495645],[-80.090482667488146,26.330982385935911],[-80.090424878883439,26.331154560473919]]},"properties":{"OBJECTID_1":1124,"Sys_Reli":"Reliable","SHS":1,"NHS":1,"LOCAL_NAME":"FEDERAL HWY","T_Max":1.41140599,"Shape_Length":577.76627535780699}},{"type":"Feature","id":1125,"geometry":{"type":"LineString","coordinates":[[-80.144900231617328,26.707747499896204],[-80.14373170328885,26.707691912334607],[-80.143705851815582,26.707690742488872]]},"properties":{"OBJECTID_1":1125,"Sys_Reli":"Reliable","SHS":1,"NHS":1,"LOCAL_NAME":"OKEECHOBEE BLVD","T_Max":2.421746304,"Shape_Length":118.98228761264069}},{"type":"Feature","id":1126,"geometry":{"type":"LineString","coordinates":[[-80.093866311424321,26.920660227275047],[-80.093807222947831,26.922388169446396],[-80.093773122795568,26.923457609664354],[-80.093719735146138,26.924619983092928],[-80.093642334272729,26.926148277436312]]},"properties":{"OBJECTID_1":1126,"Sys_Reli":"Reliable","SHS":1,"NHS":0,"LOCAL_NAME":"SR-811/OLD DIXIE HWY","T_Max":1.2575724230000001,"Shape_Length":608.32791621458762}},{"type":"Feature","id":1127,"geometry":{"type":"LineString","coordinates":[[-80.053719481139211,26.706513063263468],[-80.053720123975793,26.706488435826348],[-80.053730545458649,26.70641251197512]]},"properties":{"OBJECTID_1":1127,"Sys_Reli":"Reliable","SHS":1,"NHS":0,"LOCAL_NAME":"S DIXIE HWY","T_Max":3.8904494380000001,"Shape_Length":11.202149810197948}},{"type":"Feature","id":1128,"geometry":{"type":"LineString","coordinates":[[-80.069518491123645,26.676069013592475],[-80.068766798962542,26.676048993273902],[-80.068170928727199,26.676041268487722],[-80.067613304157021,26.676026187718325]]},"properties":{"OBJECTID_1":1128,"Sys_Reli":"Reliable","SHS":1,"NHS":1,"LOCAL_NAME":"SOUTHERN BLVD","T_Max":1.8884587420000001,"Shape_Length":189.64640336361114}},{"type":"Feature","id":1129,"geometry":{"type":"LineString","coordinates":[[-80.039072582596873,26.6433469480246],[-80.039045633035727,26.644145625585477]]},"properties":{"OBJECTID_1":1129,"Sys_Reli":"Reliable","SHS":1,"NHS":0,"LOCAL_NAME":"OCEAN BLVD","T_Max":1.2371425579999999,"Shape_Length":88.507085829186849}},{"type":"Feature","id":1130,"geometry":{"type":"LineString","coordinates":[[-80.134808761277924,26.839105606846374],[-80.134259897496662,26.839089359199146],[-80.133559597041838,26.839072970090321],[-80.13226770209306,26.839046064840961]]},"properties":{"OBJECTID_1":1130,"Sys_Reli":"Reliable","SHS":1,"NHS":0,"LOCAL_NAME":"PGA BLVD","T_Max":1.339171608,"Shape_Length":252.58060955021995}},{"type":"Feature","id":1131,"geometry":{"type":"LineString","coordinates":[[-80.173802949989778,26.630374132304762],[-80.173807702906771,26.630776225260789],[-80.173904893630137,26.638040209981593],[-80.173910636175066,26.638584730016678]]},"properties":{"OBJECTID_1":1131,"Sys_Reli":"Approaching Unreliability","SHS":1,"NHS":1,"LOCAL_NAME":"TURNPIKE MAINLINE","T_Max":2.6704571650000002,"Shape_Length":909.49157915875855}},{"type":"Feature","id":1132,"geometry":{"type":"LineString","coordinates":[[-80.06508659591492,26.616416191025817],[-80.065060280766616,26.616409242309373],[-80.0650289556514,26.61640226969158]]},"properties":{"OBJECTID_1":1132,"Sys_Reli":"Approaching Unreliability","SHS":1,"NHS":0,"LOCAL_NAME":"LAKE WORTH RD","T_Max":1.841409692,"Shape_Length":5.9436020445817199}},{"type":"Feature","id":1133,"geometry":{"type":"LineString","coordinates":[[-80.112802388270836,26.651584234187172],[-80.112624791603736,26.651579089875117]]},"properties":{"OBJECTID_1":1133,"Sys_Reli":"Reliable","SHS":1,"NHS":1,"LOCAL_NAME":"FOREST HILL BLVD","T_Max":2.1655577190000002,"Shape_Length":17.685149964590476}},{"type":"Feature","id":1134,"geometry":{"type":"LineString","coordinates":[[-80.072090313853252,26.514508787150234],[-80.072318514810988,26.518315494840142],[-80.072323640973494,26.518398187639676]]},"properties":{"OBJECTID_1":1134,"Sys_Reli":"Reliable","SHS":1,"NHS":1,"LOCAL_NAME":"I-95","T_Max":1.771610645,"Shape_Length":431.42991804280746}},{"type":"Feature","id":1135,"geometry":{"type":"LineString","coordinates":[[-80.149952165017226,26.45376668199405],[-80.149001571040429,26.453771475757826],[-80.147347106700408,26.45376536872487],[-80.147162483575912,26.453768131095252],[-80.147006007808329,26.453770211674499],[-80.145275153580059,26.453787052185373],[-80.143926233466203,26.453799540836275],[-80.143146352782139,26.453804021868187]]},"properties":{"OBJECTID_1":1135,"Sys_Reli":"Reliable","SHS":1,"NHS":1,"LOCAL_NAME":"ATLANTIC AVE","T_Max":1.7359223429999999,"Shape_Length":678.55831438210885}},{"type":"Feature","id":1136,"geometry":{"type":"LineString","coordinates":[[-80.093158362533458,26.394405421381439],[-80.092238338155582,26.394413845253396]]},"properties":{"OBJECTID_1":1136,"Sys_Reli":"Reliable","SHS":1,"NHS":1,"LOCAL_NAME":"SR-794/YAMATO RD","T_Max":1.4134424320000001,"Shape_Length":91.778285683113396}},{"type":"Feature","id":1137,"geometry":{"type":"LineString","coordinates":[[-80.201644138751902,26.68973917822797],[-80.201632512720593,26.689902457656878],[-80.201581521307389,26.691156885487658],[-80.201573059620571,26.691373888480101]]},"properties":{"OBJECTID_1":1137,"Sys_Reli":"Reliable","SHS":1,"NHS":1,"LOCAL_NAME":"SR 7","T_Max":1.9179097089999999,"Shape_Length":181.209664765855}},{"type":"Feature","id":1138,"geometry":{"type":"LineString","coordinates":[[-80.095767098541401,26.864067375278289],[-80.095766126293086,26.864187611606475],[-80.095700049260145,26.866615720124319],[-80.095641325886916,26.868395989917936]]},"properties":{"OBJECTID_1":1138,"Sys_Reli":"Reliable","SHS":1,"NHS":0,"LOCAL_NAME":"SR-811/OLD DIXIE HWY","T_Max":1.2927380900000001,"Shape_Length":479.63928774715123}},{"type":"Feature","id":1139,"geometry":{"type":"LineString","coordinates":[[-80.174658271000226,26.463781126870334],[-80.174701725317931,26.46669101893125],[-80.174700757589008,26.467794777059723],[-80.174628765814688,26.469184784996457],[-80.174562833115758,26.46999021380141],[-80.174445373740056,26.47089918189884],[-80.174251549674509,26.472139503868455],[-80.172967874331064,26.478745600174364],[-80.172839025825397,26.479489726868977],[-80.172683157085174,26.480592574408679],[-80.172573906255195,26.481664100370388],[-80.172519086773818,26.482401878464632],[-80.172500528501061,26.4829796066131],[-80.172490972652426,26.483701846703021],[-80.172485497488381,26.493141301015648],[-80.172488799885457,26.499073162991152],[-80.172490056756843,26.510018160210638],[-80.172499206811693,26.523619856902236],[-80.172481353097695,26.526897143370778],[-80.172491810398043,26.527691274569527]]},"properties":{"OBJECTID_1":1139,"Sys_Reli":"Reliable","SHS":1,"NHS":1,"LOCAL_NAME":"TURNPIKE MAINLINE","T_Max":2.471326914,"Shape_Length":7095.003115891941}},{"type":"Feature","id":1140,"geometry":{"type":"LineString","coordinates":[[-80.106641918927522,26.384764802694168],[-80.105135258372584,26.386139038580541],[-80.103997981032833,26.387176323414167],[-80.103036758207978,26.388003203937537],[-80.102259551417546,26.388607769955343],[-80.101574830127646,26.389081997862604],[-80.100967358101187,26.389450616862906],[-80.1001789207223,26.389885808004653],[-80.098900625521452,26.39051895754681],[-80.096596909427447,26.391659959485871],[-80.096239962809136,26.391876655873375],[-80.095331320747434,26.39245552014151],[-80.09443510792191,26.393127011878931],[-80.093665983420962,26.393810574113481],[-80.093085218555743,26.394406087324306],[-80.092703380036298,26.394797630413148],[-80.09238691459187,26.395214816796795]]},"properties":{"OBJECTID_1":1140,"Sys_Reli":"Unreliable","SHS":1,"NHS":1,"LOCAL_NAME":"I-95","T_Max":4.5029932549999998,"Shape_Length":1849.210872006392}},{"type":"Feature","id":1141,"geometry":{"type":"LineString","coordinates":[[-80.173882344772863,26.349819141560967],[-80.173168007512686,26.35001544767476],[-80.172896469733672,26.350066672896965],[-80.172493379690579,26.350129989486692],[-80.172094326740506,26.35016658211158],[-80.171645351264587,26.350192648982176],[-80.169910287492328,26.350210254734439],[-80.165961957773533,26.350241021080478],[-80.163683820451155,26.350239488151015],[-80.162808132646575,26.350242660373233]]},"properties":{"OBJECTID_1":1141,"Sys_Reli":"Reliable","SHS":0,"NHS":1,"LOCAL_NAME":"PALMETTO PARK RD","T_Max":1.6772531589999999,"Shape_Length":1109.8304842045559}},{"type":"Feature","id":1142,"geometry":{"type":"LineString","coordinates":[[-80.120161498734618,26.678245930709114],[-80.118512775302946,26.678204286251805],[-80.11609250400528,26.678140396085659],[-80.113562778139425,26.678079045441027]]},"properties":{"OBJECTID_1":1142,"Sys_Reli":"Reliable","SHS":1,"NHS":1,"LOCAL_NAME":"SOUTHERN BLVD","T_Max":1.26594104,"Shape_Length":656.86989597846718}},{"type":"Feature","id":1143,"geometry":{"type":"LineString","coordinates":[[-80.057077955402164,26.469271287926574],[-80.056989564386924,26.469687787122627],[-80.056801301257607,26.470574888702462],[-80.056763913258877,26.470931266767987],[-80.056754049027475,26.471191093163739],[-80.056776892360972,26.474800074190735],[-80.056775483251485,26.474897572014637]]},"properties":{"OBJECTID_1":1143,"Sys_Reli":"Reliable","SHS":1,"NHS":0,"LOCAL_NAME":"OCEAN BLVD","T_Max":1.3987090680000001,"Shape_Length":625.99431202753169}},{"type":"Feature","id":1144,"geometry":{"type":"LineString","coordinates":[[-80.146090961281246,26.39422386494434],[-80.146094793691091,26.394392733659977],[-80.146129002954609,26.396973065714104],[-80.146142283267068,26.397392267739747],[-80.146170971756263,26.398358718417942],[-80.146190323036407,26.399621734741668],[-80.146192136302986,26.400070342540094],[-80.146182739896588,26.400954104251174]]},"properties":{"OBJECTID_1":1144,"Sys_Reli":"Approaching Unreliability","SHS":0,"NHS":1,"LOCAL_NAME":"JOG RD","T_Max":2.111948677,"Shape_Length":745.53896629218343}},{"type":"Feature","id":1145,"geometry":{"type":"LineString","coordinates":[[-80.676691441274812,26.690683725043669],[-80.677638670378016,26.691140744733378],[-80.677731378966129,26.69118547397645]]},"properties":{"OBJECTID_1":1145,"Sys_Reli":"Reliable","SHS":1,"NHS":0,"LOCAL_NAME":"W LAKE RD","T_Max":1.5483316380000001,"Shape_Length":117.439645827676}},{"type":"Feature","id":1146,"geometry":{"type":"LineString","coordinates":[[-80.112383353579816,26.783575400174477],[-80.112188701976748,26.783566115444689],[-80.111251638060736,26.783540668953982],[-80.110711364510706,26.783523581549375]]},"properties":{"OBJECTID_1":1146,"Sys_Reli":"Reliable","SHS":1,"NHS":1,"LOCAL_NAME":"BLUE HERON BLVD","T_Max":1.771886614,"Shape_Length":166.32242951689622}},{"type":"Feature","id":1147,"geometry":{"type":"LineString","coordinates":[[-80.095190525518561,26.418743556470559],[-80.094383850816428,26.419416058532153],[-80.094024760401879,26.419742863787025],[-80.093712050543019,26.420052506049892],[-80.093447166804779,26.420350357816805],[-80.093225666050643,26.4206323698311],[-80.093092600577634,26.420813631942487],[-80.092931286393167,26.421077792701894],[-80.092807191743717,26.421304006350589],[-80.092658498827518,26.421622749134173],[-80.092526213455713,26.421941585025408],[-80.092420566477827,26.422287467205305],[-80.09233265914142,26.422654938313205],[-80.092282663650977,26.42294341737032],[-80.092249369952924,26.423194382788768],[-80.09222315118825,26.423495087640084],[-80.092217502860748,26.423834882549549],[-80.092228851269184,26.424504805568759]]},"properties":{"OBJECTID_1":1147,"Sys_Reli":"Reliable","SHS":0,"NHS":1,"LOCAL_NAME":"CONGRESS AVE","T_Max":1.3340401260000001,"Shape_Length":735.78726576663837}},{"type":"Feature","id":1148,"geometry":{"type":"LineString","coordinates":[[-80.11033548519795,26.725178807099986],[-80.110009881005155,26.732235854793011],[-80.109996657436952,26.732434778681434],[-80.109839196211524,26.735968656318807],[-80.109796670645466,26.736603823167936],[-80.109723578357915,26.737774081028036],[-80.109531406510243,26.741944419390578]]},"properties":{"OBJECTID_1":1148,"Sys_Reli":"Reliable","SHS":1,"NHS":1,"LOCAL_NAME":"SR809/MILITARY TRAIL","T_Max":1.3688677499999999,"Shape_Length":1858.8042912633191}},{"type":"Feature","id":1149,"geometry":{"type":"LineString","coordinates":[[-80.12307150810436,26.506250644764055],[-80.123072656898714,26.50645381120464]]},"properties":{"OBJECTID_1":1149,"Sys_Reli":"Reliable","SHS":0,"NHS":1,"LOCAL_NAME":"MILITARY TR","T_Max":1.3449251550000001,"Shape_Length":22.503398288046284}},{"type":"Feature","id":1150,"geometry":{"type":"LineString","coordinates":[[-80.691971523966842,26.806141410552552],[-80.69048573997263,26.808134688118948],[-80.690101435203218,26.808621397853372],[-80.689714208179012,26.809022330471937],[-80.68922572382661,26.809427551422765],[-80.684602498447092,26.81287249010467],[-80.684140908359538,26.813167759304537],[-80.683776721740443,26.813410721633918],[-80.683450328758198,26.813609297314237]]},"properties":{"OBJECTID_1":1150,"Sys_Reli":"Reliable","SHS":1,"NHS":0,"LOCAL_NAME":"BACOM POINT RD","T_Max":1.1597924589999999,"Shape_Length":1194.4064306528328}},{"type":"Feature","id":1151,"geometry":{"type":"LineString","coordinates":[[-80.205688376659594,26.593958798818008],[-80.205609361275151,26.596254623102361],[-80.20539235422477,26.602350009253694],[-80.205348557985971,26.603587299275148]]},"properties":{"OBJECTID_1":1151,"Sys_Reli":"Reliable","SHS":1,"NHS":1,"LOCAL_NAME":"SR-7/US-441","T_Max":1.5601751660000001,"Shape_Length":1067.003721315052}},{"type":"Feature","id":1152,"geometry":{"type":"LineString","coordinates":[[-80.062001798996945,26.442295585573792],[-80.061919773190041,26.442825475655532],[-80.061780193604704,26.443729670677428],[-80.061670173289997,26.444620523868338],[-80.061565900817456,26.445653606354387],[-80.061484074788993,26.446314419475531],[-80.061430588284054,26.446880606956555],[-80.061114728690228,26.449825759555072]]},"properties":{"OBJECTID_1":1152,"Sys_Reli":"Reliable","SHS":1,"NHS":0,"LOCAL_NAME":"OCEAN BLVD","T_Max":1.4480408570000001,"Shape_Length":838.86620252202306}},{"type":"Feature","id":1153,"geometry":{"type":"LineString","coordinates":[[-80.057566304601892,26.609817884290678],[-80.057565101532617,26.609852660774713],[-80.057523656224348,26.6110497575038],[-80.057481619909012,26.612263901041018]]},"properties":{"OBJECTID_1":1153,"Sys_Reli":"Reliable","SHS":1,"NHS":0,"LOCAL_NAME":"SR-805/DIXIE HWY","T_Max":1.492932476,"Shape_Length":271.0645933436839}},{"type":"Feature","id":1154,"geometry":{"type":"LineString","coordinates":[[-80.067094067640255,26.476748109496349],[-80.067290863173838,26.476236941731869],[-80.067439568636217,26.475912887480565],[-80.067660141706412,26.475462900972552],[-80.067762924553321,26.47523560325061],[-80.067866152761582,26.474951875464349],[-80.067938947135218,26.47471083811066],[-80.067996647360218,26.474476469080948],[-80.068078380044398,26.474081500087301]]},"properties":{"OBJECTID_1":1154,"Sys_Reli":"Reliable","SHS":1,"NHS":0,"LOCAL_NAME":"NE 5TH AVE","T_Max":1.1806451609999999,"Shape_Length":312.23486103357033}},{"type":"Feature","id":1155,"geometry":{"type":"LineString","coordinates":[[-80.09323018845555,26.941616460075878],[-80.093207058452947,26.942357947048759],[-80.093192911197136,26.942678249830639],[-80.093159639383188,26.942936913797389],[-80.093095815834587,26.943224938110667],[-80.093017079601822,26.943484115046111],[-80.092873455183337,26.943829156166306],[-80.09273416629496,26.944078346778237],[-80.092576212920576,26.944320225480222],[-80.092481392693713,26.944444916889605]]},"properties":{"OBJECTID_1":1155,"Sys_Reli":"Reliable","SHS":1,"NHS":0,"LOCAL_NAME":"SR-811/OLD DIXIE HWY","T_Max":1.7999263780000001,"Shape_Length":328.22106621633321}},{"type":"Feature","id":1156,"geometry":{"type":"LineString","coordinates":[[-80.052233576043662,26.638519949427096],[-80.052241985935197,26.638541969563857],[-80.052332546842862,26.638782378709767],[-80.052406828657936,26.639039865601422],[-80.052454744155838,26.639298425358017],[-80.052475904349109,26.639531762257491],[-80.052480890522929,26.639852548831698],[-80.052451808334922,26.640566883545628],[-80.052308376559338,26.644592692840785]]},"properties":{"OBJECTID_1":1156,"Sys_Reli":"Reliable","SHS":1,"NHS":0,"LOCAL_NAME":"FEDERAL HWY","T_Max":1.2362637359999999,"Shape_Length":675.98401393983647}},{"type":"Feature","id":1157,"geometry":{"type":"LineString","coordinates":[[-80.653458772312717,26.81200926389462],[-80.653489594171077,26.812078110330507],[-80.653607909667571,26.812258971921686],[-80.653718851106504,26.812381125875977],[-80.653875624684673,26.81253048976015],[-80.653999892939026,26.812614306655224],[-80.654137717535377,26.812689128729357]]},"properties":{"OBJECTID_1":1157,"Sys_Reli":"Reliable","SHS":1,"NHS":0,"LOCAL_NAME":"BELLE GLADE RD","T_Max":1.37042273,"Shape_Length":103.08220976177395}},{"type":"Feature","id":1158,"geometry":{"type":"LineString","coordinates":[[-80.036394473962346,26.706358615048565],[-80.036490700900487,26.707020752146054]]},"properties":{"OBJECTID_1":1158,"Sys_Reli":"Reliable","SHS":1,"NHS":0,"LOCAL_NAME":"S COUNTY RD","T_Max":1.5030129720000001,"Shape_Length":73.965153112515239}},{"type":"Feature","id":1159,"geometry":{"type":"LineString","coordinates":[[-80.13163408644121,26.795695544872327],[-80.131517714974407,26.798654537587698],[-80.131367027487826,26.80250641420842],[-80.131335652792771,26.803314135221594],[-80.131160500898645,26.807822773868935],[-80.131137914087304,26.808405938649901]]},"properties":{"OBJECTID_1":1159,"Sys_Reli":"Reliable","SHS":1,"NHS":1,"LOCAL_NAME":"TURNPIKE MAINLINE","T_Max":2.5131459340000002,"Shape_Length":1408.7467181301081}},{"type":"Feature","id":1160,"geometry":{"type":"LineString","coordinates":[[-80.18861822312482,26.527852767667262],[-80.188539287408148,26.527859820412807],[-80.186526657896621,26.527878736616007],[-80.185721607935818,26.527888742092294],[-80.185275827614433,26.527890866405428]]},"properties":{"OBJECTID_1":1160,"Sys_Reli":"Reliable","SHS":1,"NHS":1,"LOCAL_NAME":"BOYNTON BCH BLVD","T_Max":1.5003233010000001,"Shape_Length":333.07494951897104}},{"type":"Feature","id":1161,"geometry":{"type":"LineString","coordinates":[[-80.064093488960793,26.705801021937212],[-80.063609191207618,26.705945026135044],[-80.063421725661968,26.705983929759515],[-80.06322456580196,26.706012730645373],[-80.06305824111223,26.706026683814088],[-80.062861325469399,26.706025383826518],[-80.062594778455377,26.705999799980741],[-80.061964229156914,26.705910332669841],[-80.061755587849959,26.705881670305089]]},"properties":{"OBJECTID_1":1161,"Sys_Reli":"Approaching Unreliability","SHS":1,"NHS":1,"LOCAL_NAME":"OKEECHOBEE BLVD","T_Max":1.621696338,"Shape_Length":237.1443672476023}},{"type":"Feature","id":1162,"geometry":{"type":"LineString","coordinates":[[-80.0987857695565,26.788480347514245],[-80.098500007592207,26.797776470503386]]},"properties":{"OBJECTID_1":1162,"Sys_Reli":"Reliable","SHS":1,"NHS":1,"LOCAL_NAME":"I-95","T_Max":2.8807484720000001,"Shape_Length":1030.0947917602455}},{"type":"Feature","id":1163,"geometry":{"type":"LineString","coordinates":[[-80.061970989334611,26.841255071782296],[-80.061971019913116,26.841272488048009],[-80.061952451983814,26.841544743785278],[-80.061914099794549,26.841840303375793],[-80.061848068062858,26.842128357582421],[-80.061772380798516,26.842397302968127],[-80.061174735014148,26.844116302648754],[-80.061164133973477,26.84414828554717]]},"properties":{"OBJECTID_1":1163,"Sys_Reli":"Reliable","SHS":1,"NHS":0,"LOCAL_NAME":"US-1/SR5/FEDERAL HWY","T_Max":1.288471192,"Shape_Length":331.55547768351596}},{"type":"Feature","id":1164,"geometry":{"type":"LineString","coordinates":[[-80.086263549709088,26.34525781384918],[-80.086267842507056,26.345352487561762],[-80.08629802156905,26.346465874087095],[-80.086331080730773,26.34839337444415],[-80.086340014227346,26.349238111749905],[-80.086348252750341,26.350220149705422]]},"properties":{"OBJECTID_1":1164,"Sys_Reli":"Reliable","SHS":1,"NHS":1,"LOCAL_NAME":"FEDERAL HWY","T_Max":1.658872186,"Shape_Length":549.70865253740351}},{"type":"Feature","id":1165,"geometry":{"type":"LineString","coordinates":[[-80.116475715413856,26.350663101390076],[-80.116262984279757,26.350665438733863],[-80.112637204243626,26.350664536284878]]},"properties":{"OBJECTID_1":1165,"Sys_Reli":"Approaching Unreliability","SHS":0,"NHS":1,"LOCAL_NAME":"PALMETTO PARK RD","T_Max":1.661595954,"Shape_Length":383.0400912916183}},{"type":"Feature","id":1166,"geometry":{"type":"LineString","coordinates":[[-80.663676307352929,26.497594148130158],[-80.663944699274083,26.497939700755225]]},"properties":{"OBJECTID_1":1166,"Sys_Reli":"Reliable","SHS":1,"NHS":1,"LOCAL_NAME":"US-27","T_Max":1.147441369,"Shape_Length":46.690737242830011}},{"type":"Feature","id":1167,"geometry":{"type":"LineString","coordinates":[[-80.050494847348446,26.841466817988135],[-80.050610923781605,26.841939553360866],[-80.050731712843827,26.842325693329844],[-80.05088281767614,26.842604992747834],[-80.051097160258379,26.842902660445084],[-80.051295568424081,26.84311045406481],[-80.051517602699803,26.843285485038965],[-80.05171334616233,26.843412479863797],[-80.051935757556507,26.843542629734312],[-80.052165159638548,26.843633934136808],[-80.052444594503868,26.843725572473915],[-80.052717636451248,26.843784256561985],[-80.052957544123529,26.843815787566143],[-80.053217762681143,26.843811539603596],[-80.053518133528044,26.843792610298017],[-80.055038207949266,26.843512525730265],[-80.055315373795949,26.843475475311465],[-80.055635766544526,26.843456675210021],[-80.055982630913391,26.843461977243354],[-80.056275983943024,26.84348488362799],[-80.056548272837674,26.843525333075565],[-80.057393551675361,26.843724560482382]]},"properties":{"OBJECTID_1":1167,"Sys_Reli":"Reliable","SHS":1,"NHS":0,"LOCAL_NAME":"SR A1A/JACK NICLAUS","T_Max":1.1266678590000001,"Shape_Length":835.9540138511237}},{"type":"Feature","id":1168,"geometry":{"type":"LineString","coordinates":[[-80.127020883380013,26.651987865472087],[-80.126140750517592,26.651961439056084],[-80.122956777754553,26.651864957984372],[-80.122098545294762,26.651830500786343],[-80.121613379250846,26.651812925237106],[-80.120727810510189,26.651785901781196]]},"properties":{"OBJECTID_1":1168,"Sys_Reli":"Reliable","SHS":1,"NHS":1,"LOCAL_NAME":"FOREST HILL BLVD","T_Max":1.4402998490000001,"Shape_Length":626.74256229586581}},{"type":"Feature","id":1169,"geometry":{"type":"LineString","coordinates":[[-80.042910923779573,26.548743126910814],[-80.042738719798592,26.550787161921118],[-80.042698814407728,26.551588165753962],[-80.042676049686591,26.551836297572166],[-80.042528675714124,26.553036077939812],[-80.042315796989683,26.554643966355453],[-80.042198472598699,26.555625014471492],[-80.041842546276428,26.557909056856559],[-80.04162002255778,26.559164770569303],[-80.04140962272939,26.559939296807922]]},"properties":{"OBJECTID_1":1169,"Sys_Reli":"Reliable","SHS":1,"NHS":0,"LOCAL_NAME":"OCEAN BLVD","T_Max":1.1871002209999999,"Shape_Length":1250.4149392660586}},{"type":"Feature","id":1170,"geometry":{"type":"LineString","coordinates":[[-80.145178499069033,26.663666225721091],[-80.145099458371988,26.668464829758026],[-80.145064261059161,26.670297541106297],[-80.145047417386905,26.671401580128578],[-80.145057930683251,26.672301978107424],[-80.145072885484183,26.672799970422574],[-80.145092570084628,26.673539973269708],[-80.14512150834868,26.674580692124753],[-80.145166906834149,26.676160468657237],[-80.145167542060321,26.677303637265656],[-80.14514049493836,26.677831368827349],[-80.145127423066384,26.67803592973361],[-80.145127593206709,26.678528585379642]]},"properties":{"OBJECTID_1":1170,"Sys_Reli":"Reliable","SHS":0,"NHS":1,"LOCAL_NAME":"JOG RD","T_Max":1.932041342,"Shape_Length":1646.5559797208452}},{"type":"Feature","id":1171,"geometry":{"type":"LineString","coordinates":[[-80.173571770324585,26.611386898837658],[-80.173578134654335,26.611884985328274],[-80.173661235427247,26.616396064042327]]},"properties":{"OBJECTID_1":1171,"Sys_Reli":"Unreliable","SHS":1,"NHS":1,"LOCAL_NAME":"TURNPIKE MAINLINE","T_Max":3.1661226020000002,"Shape_Length":554.89936823675816}},{"type":"Feature","id":1172,"geometry":{"type":"LineString","coordinates":[[-80.204929950690442,26.617131073025273],[-80.204821111440395,26.617133201292095],[-80.20464820030287,26.617137015363259],[-80.203666965617927,26.61714613822496]]},"properties":{"OBJECTID_1":1172,"Sys_Reli":"Reliable","SHS":1,"NHS":1,"LOCAL_NAME":"LAKE WORTH RD","T_Max":1.5777345840000001,"Shape_Length":125.75158814908383}},{"type":"Feature","id":1173,"geometry":{"type":"LineString","coordinates":[[-80.181821577807384,26.650784239434021],[-80.180692803135528,26.650794878334871]]},"properties":{"OBJECTID_1":1173,"Sys_Reli":"Approaching Unreliability","SHS":1,"NHS":1,"LOCAL_NAME":"FOREST HILL BLVD","T_Max":1.500816556,"Shape_Length":112.35084153380831}},{"type":"Feature","id":1174,"geometry":{"type":"LineString","coordinates":[[-80.202913361511278,26.662986981482394],[-80.202801967789682,26.666167488248192]]},"properties":{"OBJECTID_1":1174,"Sys_Reli":"Reliable","SHS":1,"NHS":1,"LOCAL_NAME":"SR-7/US-441","T_Max":1.466958964,"Shape_Length":352.45542329774094}},{"type":"Feature","id":1175,"geometry":{"type":"LineString","coordinates":[[-80.088507978050146,26.461543706868792],[-80.087986226469468,26.461544280604688],[-80.087764342815802,26.461548747722293]]},"properties":{"OBJECTID_1":1175,"Sys_Reli":"Reliable","SHS":1,"NHS":0,"LOCAL_NAME":"ATLANTIC AVE","T_Max":2.0271140010000002,"Shape_Length":74.141197012375002}},{"type":"Feature","id":1176,"geometry":{"type":"LineString","coordinates":[[-80.072161758443485,26.844594367500758],[-80.072084231802577,26.844592353002895],[-80.070962129500842,26.844568254950879],[-80.069968734820876,26.844567310026147],[-80.069084826902071,26.844573522146298],[-80.068240855699798,26.8445682147117],[-80.067427859300651,26.844577389809295],[-80.067099249861144,26.844576322299087],[-80.065689359753236,26.84453881099801],[-80.065251962791692,26.844497009872033],[-80.06442087488108,26.844368976633682],[-80.06416352509801,26.844332989028985]]},"properties":{"OBJECTID_1":1176,"Sys_Reli":"Reliable","SHS":1,"NHS":1,"LOCAL_NAME":"PGA BLVD","T_Max":1.668772122,"Shape_Length":796.59059472832064}},{"type":"Feature","id":1177,"geometry":{"type":"LineString","coordinates":[[-80.631209908234212,26.864151454105347],[-80.630422455098071,26.865144631099827],[-80.627094037512379,26.869317433777052]]},"properties":{"OBJECTID_1":1177,"Sys_Reli":"Reliable","SHS":1,"NHS":0,"LOCAL_NAME":"LAKESHORE DR","T_Max":1.309743227,"Shape_Length":703.23703495621078}},{"type":"Feature","id":1178,"geometry":{"type":"LineString","coordinates":[[-80.122369372260835,26.450444357674606],[-80.122399491080486,26.451895331256861]]},"properties":{"OBJECTID_1":1178,"Sys_Reli":"Reliable","SHS":0,"NHS":1,"LOCAL_NAME":"MILITARY TR","T_Max":1.780329421,"Shape_Length":160.73948277993631}},{"type":"Feature","id":1179,"geometry":{"type":"LineString","coordinates":[[-80.229848673747384,26.861600701004061],[-80.221519655533683,26.856039662133938],[-80.206239822243262,26.845821042587815],[-80.201833532557359,26.842866584810146]]},"properties":{"OBJECTID_1":1179,"Sys_Reli":"Reliable","SHS":1,"NHS":1,"LOCAL_NAME":"BEELINE HWY","T_Max":1.1181006929999999,"Shape_Length":3471.7554386014795}},{"type":"Feature","id":1180,"geometry":{"type":"LineString","coordinates":[[-80.205261289709,26.522421858813185],[-80.205286193111107,26.524559075431362],[-80.205302731935063,26.525589173258062]]},"properties":{"OBJECTID_1":1180,"Sys_Reli":"Reliable","SHS":1,"NHS":1,"LOCAL_NAME":"SR-7/US-441","T_Max":1.12901421,"Shape_Length":350.83771264057066}},{"type":"Feature","id":1181,"geometry":{"type":"LineString","coordinates":[[-80.149869192701971,26.934530263918504],[-80.149874932447617,26.934551436865263],[-80.150024039461698,26.935101418931083]]},"properties":{"OBJECTID_1":1181,"Sys_Reli":"Reliable","SHS":1,"NHS":1,"LOCAL_NAME":"I-95","T_Max":2.2729706539999999,"Shape_Length":65.106700207682579}},{"type":"Feature","id":1182,"geometry":{"type":"LineString","coordinates":[[-80.323035626715566,26.683882957413303],[-80.32292748216129,26.683880189260702],[-80.312119841284968,26.683586190117577],[-80.310724380083855,26.683538671264159]]},"properties":{"OBJECTID_1":1182,"Sys_Reli":"Reliable","SHS":1,"NHS":1,"LOCAL_NAME":"SOUTHERN BLVD","T_Max":1.137706916,"Shape_Length":1225.5282639200568}},{"type":"Feature","id":1183,"geometry":{"type":"LineString","coordinates":[[-80.059568857469955,26.453716760764472],[-80.059509555971331,26.453792881074307],[-80.059372771032685,26.45404027028296],[-80.059320869580603,26.454219951563406],[-80.059290534970401,26.454425329231533],[-80.059275627172909,26.454548103328356]]},"properties":{"OBJECTID_1":1183,"Sys_Reli":"Reliable","SHS":1,"NHS":0,"LOCAL_NAME":"OCEAN BLVD","T_Max":1.4480408570000001,"Shape_Length":98.097151660499037}},{"type":"Feature","id":1184,"geometry":{"type":"LineString","coordinates":[[-80.14653776233699,26.440071411501833],[-80.146630867071167,26.442604541547354],[-80.146730756100453,26.445511491002733],[-80.14674015906148,26.445781816546269]]},"properties":{"OBJECTID_1":1184,"Sys_Reli":"Reliable","SHS":0,"NHS":1,"LOCAL_NAME":"JOG RD","T_Max":1.9994408640000001,"Shape_Length":632.80898621606298}},{"type":"Feature","id":1185,"geometry":{"type":"LineString","coordinates":[[-80.058335210161758,26.783523666900567],[-80.056481978638203,26.783466243313278],[-80.054846214584359,26.783415529928334]]},"properties":{"OBJECTID_1":1185,"Sys_Reli":"Reliable","SHS":1,"NHS":1,"LOCAL_NAME":"BLUE HERON BLVD","T_Max":1.5645497850000001,"Shape_Length":347.06632730606952}},{"type":"Feature","id":1186,"geometry":{"type":"LineString","coordinates":[[-80.102286218139312,26.396029550215822],[-80.102310881430185,26.398333690528659],[-80.102372389577681,26.405405280318998],[-80.102389087687854,26.408182480224006],[-80.102389568798287,26.408247802087164]]},"properties":{"OBJECTID_1":1186,"Sys_Reli":"Reliable","SHS":0,"NHS":1,"LOCAL_NAME":"CONGRESS AVE","T_Max":1.8007131949999999,"Shape_Length":1353.344317608638}},{"type":"Feature","id":1187,"geometry":{"type":"LineString","coordinates":[[-80.074861439146559,26.690909865122073],[-80.074861324060237,26.690967930677356],[-80.074859239015709,26.692012642839956],[-80.074871378107545,26.692692918964276],[-80.07488594162372,26.693619746965339],[-80.074887917314371,26.693921736830021],[-80.074872523707654,26.694188963876275],[-80.074847353907614,26.694439292176792],[-80.074802255769399,26.69470137813666],[-80.074740608813485,26.694963349000606],[-80.074657929656368,26.695237070279966],[-80.074585974752281,26.695444871912745],[-80.074530757262806,26.695582122793535],[-80.074517879627791,26.695612825274324],[-80.074450083200816,26.695774512210424],[-80.074333700416631,26.69602333924621],[-80.074202197054234,26.696249491463991],[-80.074049326637038,26.696499282859033],[-80.073890109174457,26.696715740000712],[-80.073718983099269,26.696933313690234],[-80.073508023963882,26.697166074587926],[-80.073010490115237,26.697656072052201],[-80.069400847725802,26.701219438660981],[-80.067969462639169,26.70263271554461],[-80.067894867994781,26.702709499507524]]},"properties":{"OBJECTID_1":1187,"Sys_Reli":"Reliable","SHS":0,"NHS":1,"LOCAL_NAME":"AUSTRALIAN AVE","T_Max":1.548091935,"Shape_Length":1555.8116676914381}},{"type":"Feature","id":1188,"geometry":{"type":"LineString","coordinates":[[-80.074479320164144,26.679742094897499],[-80.074336698200611,26.679920108112071],[-80.074190866844361,26.68014490203138],[-80.074055188027685,26.68038691934164],[-80.073934054687612,26.680647522192011],[-80.073839249957032,26.680922810491648],[-80.073775562696071,26.681165297810498],[-80.073733972690405,26.681402650357374],[-80.073710061898709,26.681633516696223],[-80.073694887185752,26.681875006712612],[-80.073582445867629,26.683968008036612],[-80.073578190426787,26.684312532306013],[-80.073591945950241,26.684610974489313],[-80.073623512521323,26.684887087615547],[-80.07368123795915,26.685200331362488],[-80.073723949270018,26.685370579212407]]},"properties":{"OBJECTID_1":1188,"Sys_Reli":"Reliable","SHS":0,"NHS":1,"LOCAL_NAME":"AUSTRALIAN AVE","T_Max":1.3245857350000001,"Shape_Length":641.60941733103255}},{"type":"Feature","id":1189,"geometry":{"type":"LineString","coordinates":[[-80.074870539470183,26.690128402783959],[-80.074865037845242,26.690518969318472]]},"properties":{"OBJECTID_1":1189,"Sys_Reli":"Reliable","SHS":0,"NHS":1,"LOCAL_NAME":"AUSTRALIAN AVE","T_Max":2.191574632,"Shape_Length":43.264930641840365}},{"type":"Feature","id":1190,"geometry":{"type":"LineString","coordinates":[[-80.074865037845242,26.690518969318472],[-80.074862491251096,26.690699787438298],[-80.074861611766735,26.69082276769106],[-80.074861439146559,26.690909865122073]]},"properties":{"OBJECTID_1":1190,"Sys_Reli":"Reliable","SHS":0,"NHS":1,"LOCAL_NAME":"AUSTRALIAN AVE","T_Max":2.191574632,"Shape_Length":43.299840877196701}},{"type":"Feature","id":1191,"geometry":{"type":"LineString","coordinates":[[-80.067894867994781,26.702709499507524],[-80.067866501788842,26.7027386984137],[-80.067635926609157,26.703002429809242],[-80.067400495576877,26.70330363678778],[-80.067194807881535,26.703603920199527],[-80.067014716074539,26.703864072097392],[-80.066952687300088,26.703953909913011]]},"properties":{"OBJECTID_1":1191,"Sys_Reli":"Reliable","SHS":0,"NHS":1,"LOCAL_NAME":"AUSTRALIAN AVE","T_Max":1.2925898810000001,"Shape_Length":166.89143292799918}},{"type":"Feature","id":1192,"geometry":{"type":"LineString","coordinates":[[-80.102278247648215,26.395284866293046],[-80.102286218139312,26.396029550215822]]},"properties":{"OBJECTID_1":1192,"Sys_Reli":"Reliable","SHS":0,"NHS":1,"LOCAL_NAME":"CONGRESS AVE","T_Max":1.81161255,"Shape_Length":82.485571281619258}},{"type":"Feature","id":1193,"geometry":{"type":"LineString","coordinates":[[-80.066952687300088,26.703953909913011],[-80.066336634078326,26.704846129913005],[-80.065469053884343,26.70611587851079],[-80.065068840636201,26.706712064986139],[-80.064892906059825,26.707009211948712],[-80.064743087475165,26.707305893360001],[-80.064691699315134,26.707408302504962]]},"properties":{"OBJECTID_1":1193,"Sys_Reli":"Reliable","SHS":0,"NHS":1,"LOCAL_NAME":"AUSTRALIAN AVE","T_Max":1.685988311,"Shape_Length":444.22096316273519}},{"type":"Feature","id":1194,"geometry":{"type":"LineString","coordinates":[[-80.073723949270018,26.685370579212407],[-80.073749575516587,26.685472727189666],[-80.073813893592927,26.685697568246965],[-80.073923099089939,26.686004556966754],[-80.074078344437311,26.686434608833771],[-80.07430498029963,26.68694169391139],[-80.074535959031024,26.687456738283622],[-80.074684083679145,26.687859018113588],[-80.074769904862805,26.688150008253814],[-80.074822217752015,26.688406452680443],[-80.074858416242122,26.688656199644885],[-80.07487726251135,26.68887017723678],[-80.074879707329131,26.689477458200354],[-80.074870539470183,26.690128402783959]]},"properties":{"OBJECTID_1":1194,"Sys_Reli":"Reliable","SHS":0,"NHS":1,"LOCAL_NAME":"AUSTRALIAN AVE","T_Max":1.3217331839999999,"Shape_Length":545.31884203734501}}]}